<?xml version="1.0" encoding="UTF-8" standalone="yes"?>
<addon id="repository.brettus.repo" name="Brettus Repo" version="0.0.0" provider-name="Brettus">
	<extension point="xbmc.addon.repository" name="Brettus Repository">
		<info compressed="false">http://brettusbuilds.com/.brettusrepotest/zips/addons.xml</info>
		<checksum>http://brettusbuilds.com/.brettusrepotest/zips/addons.xml.md5</checksum>
		<datadir zip="true">http://brettusbuilds.com/.brettusrepotest/zips/</datadir>
	</extension>
	<extension point="xbmc.addon.metadata">
		<summary>Brettus Repo</summary>
		<description>Download and install addons from the Brettus Repository</description>
		<platform>all</platform>
	</extension>
</addon>