<?xml version="1.0" encoding="UTF-8" standalone="yes"?>
<addon id="incursion.repository" name="Incursion Repository" version="0.0.0" provider-name="NixGates">
	<extension point="xbmc.addon.repository" name="Incursion Repository">
		<dir>
			<info compressed="false">https://raw.githubusercontent.com/jsergio123/zips/master/addons.xml</info>
			<checksum>https://raw.githubusercontent.com/jsergio123/zips/master/addons.xml.md5</checksum>
			<datadir zip="true">https://raw.githubusercontent.com/jsergio123/zips/master/</datadir>
		</dir>
		<info compressed="false">https://raw.githubusercontent.com/nixgates/Incursion/master/addons.xml</info>
		<checksum>https://raw.githubusercontent.com/nixgates/Incursion/master/addons.xml.md5</checksum>
		<datadir zip="true">https://raw.githubusercontent.com/nixgates/Incursion/master/repo</datadir>
	</extension>
	<extension point="xbmc.addon.metadata">
		<summary>Incursion Video Repo</summary>
		<description>A Covenant Fork</description>
		<disclaimer></disclaimer>
		<platform>all</platform>
	</extension>
</addon>