<?xml version="1.0" encoding="UTF-8"?>
<addon id="script.module.inputstreamhelper"
       version="0.0.0"
       name="InputStream Helper"
       provider-name="emilsvennesson">
  <requires>
    <import addon="xbmc.python" version="2.25.0"/>
    <import addon="script.module.requests" version="2.9.1"/>
  </requires>
  <extension library="lib" point="xbmc.python.module"/>
  <extension point="xbmc.addon.metadata">
    <description lang="en_GB">A simple Kodi module that makes life easier for add-on developers relying on InputStream based add-ons and DRM playback.</description>
    <news>2018.02.21 v0.0.0
        + Load loop if it's a kernel module (thanks to mkreisl)
        + Fix legacy Widevine CDM update detection
        + inputstream_addon is now a public variable
        + Notify user that ARM64 needs 32-bit userspace
        + Improve logging
        + Cosmetics
    </news>
    <platform>all</platform>
    <license>MIT License</license>
    <source>https://github.com/emilsvennesson/script.module.inputstreamhelper</source>
    <assets>
      <icon>resources/icon.png</icon>
    </assets>
  </extension>
</addon>
