<?xml version="1.0" encoding="UTF-8"?>
<window>
    <coordinates>
        <left>0</left>
        <top>0</top>
    </coordinates>
    <controls>
        <control type="group">
            <control type="image">
                <description>Background Image</description>
                <posx>0</posx>
                <posy>0</posy>
                <width>1920</width>
                <height>1080</height>
                <texture border="2">Background/loguploader-dialog-bg.png</texture>
            </control>
            <control type="image">
                <description>Dialog Header image</description>
                <posx>0</posx>
                <posy>0</posy>
                <width>1920</width>
                <height>60</height>
                <texture colordiffuse="FF12B2E7" border="2">Background/loguploader-white.png</texture>
            </control>
            <control type="image">
                <description>Dialog Header image</description>
                <posx>0</posx>
                <posy>1010</posy>
                <width>1920</width>
                <height>60</height>
                <texture colordiffuse="FF12B2E7" border="2">Background/loguploader-white.png</texture>
            </control>
            <control type="label" id="101">
                <label></label>
                <description>header label</description>
                <posx>0</posx>
                <posy>0</posy>
                <width>1920</width>
                <height>60</height>
                <font>font13</font>
                <align>center</align>
                <aligny>center</aligny>
            </control>
            <control type="textbox" id="102">
                <left>10</left>
                <top>70</top>
                <width>1870</width>
                <height>910</height>
                <font>font10</font>
                <align>left</align>
                <aligny>top</aligny>
                <pagecontrol>103</pagecontrol>
            </control>
            <control type="scrollbar" id="103">
                <left>1880</left>
                <top>70</top>
                <width>30</width>
                <height>915</height>
                <visible>true</visible>
                <texturesliderbackground>Button/scrollbar-V-background.png</texturesliderbackground>
                <texturesliderbar>Button/scrollbar-V.png</texturesliderbar>
                <texturesliderbarfocus colordiffuse="FF12B2E7">Button/scrollbar-V-focus.png</texturesliderbarfocus>
                <orientation>vertical</orientation>
                <showonepage>true</showonepage>
                <onup>102</onup>
                <ondown>102</ondown>
                <onleft>205</onleft>
                <onright>205</onright>
            </control>
            <!-- Upload Log -->
            <control type="button" id="201">
                <left>20</left>
                <top>1015</top>
                <width>180</width>
                <height>50</height>
                <font>font10</font>
                <textcolor>FFF0F0F0</textcolor>
                <textoffsetx>20</textoffsetx>
                <label>Upload Log</label>
                <align>center</align>
                <aligny>center</aligny>
                <texturefocus colordiffuse="FF12B2E7">Button/testbuttonfo.png</texturefocus>
                <texturenofocus>Button/testbuttonnf.png</texturenofocus>
                <onup>103</onup>
                <ondown>103</ondown>
                <onleft>205</onleft>
                <onright>202</onright>
            </control>
            <!-- koi Log -->
            <control type="button" id="202">
                <left>220</left>
                <top>1015</top>
                <width>180</width>
                <height>50</height>
                <font>font10</font>
                <textcolor>FFF0F0F0</textcolor>
                <textoffsetx>20</textoffsetx>
                <label>Kodi.Log</label>
                <align>center</align>
                <aligny>center</aligny>
                <texturefocus colordiffuse="FF12B2E7">Button/testbuttonfo.png</texturefocus>
                <texturenofocus>Button/testbuttonnf.png</texturenofocus>
                <onup>103</onup>
                <ondown>103</ondown>
                <onleft>201</onleft>
                <onright>203</onright>
            </control>
            <!-- Upload kodi old Log -->
            <control type="button" id="203">
                <left>420</left>
                <top>1015</top>
                <width>180</width>
                <height>50</height>
                <font>font10</font>
                <textcolor>FFF0F0F0</textcolor>
                <textoffsetx>20</textoffsetx>
                <label>Kodi.Old.Log</label>
                <align>center</align>
                <aligny>center</aligny>
                <texturefocus colordiffuse="FF12B2E7">Button/testbuttonfo.png</texturefocus>
                <texturenofocus>Button/testbuttonnf.png</texturenofocus>
                <onup>103</onup>
                <ondown>103</ondown>
                <onleft>202</onleft>
                <onright>204</onright>
            </control>
            <!-- wizard Log -->
            <control type="button" id="204">
                <left>620</left>
                <top>1015</top>
                <width>180</width>
                <height>50</height>
                <font>font10</font>
                <textcolor>FFF0F0F0</textcolor>
                <textoffsetx>20</textoffsetx>
                <label>Wizard.Log</label>
                <align>center</align>
                <aligny>center</aligny>
                <texturefocus colordiffuse="FF12B2E7">Button/testbuttonfo.png</texturefocus>
                <texturenofocus>Button/testbuttonnf.png</texturenofocus>
                <onup>103</onup>
                <ondown>103</ondown>
                <onleft>203</onleft>
                <onright>206</onright>
            </control>

            <!-- advancedsettings -->
            <control type="button" id="206">
                <left>820</left>
                <top>1015</top>
                <width>240</width>
                <height>50</height>
                <font>font10</font>
                <textcolor>FFF0F0F0</textcolor>
                <textoffsetx>20</textoffsetx>
                <label>advancedsettings</label>
                <align>center</align>
                <aligny>center</aligny>
                <texturefocus colordiffuse="FF12B2E7">Button/testbuttonfo.png</texturefocus>
                <texturenofocus>Button/testbuttonnf.png</texturenofocus>
                <onup>103</onup>
                <ondown>103</ondown>
                <onleft>204</onleft>
                <onright>207</onright>
            </control>
            
            <!-- playercorefactory -->
            <control type="button" id="207">
                <left>1080</left>
                <top>1015</top>
                <width>240</width>
                <height>50</height>
                <font>font10</font>
                <textcolor>FFF0F0F0</textcolor>
                <textoffsetx>20</textoffsetx>
                <label>playercorefactory</label>
                <align>center</align>
                <aligny>center</aligny>
                <texturefocus colordiffuse="FF12B2E7">Button/testbuttonfo.png</texturefocus>
                <texturenofocus>Button/testbuttonnf.png</texturenofocus>
                <onup>103</onup>
                <ondown>103</ondown>
                <onleft>206</onleft>
                <onright>208</onright>
            </control>
            
            <!-- sources -->
            <control type="button" id="208">
                <left>1330</left>
                <top>1015</top>
                <width>220</width>
                <height>50</height>
                <font>font10</font>
                <textcolor>FFF0F0F0</textcolor>
                <textoffsetx>20</textoffsetx>
                <label>sources.xml</label>
                <align>center</align>
                <aligny>center</aligny>
                <texturefocus colordiffuse="FF12B2E7">Button/testbuttonfo.png</texturefocus>
                <texturenofocus>Button/testbuttonnf.png</texturenofocus>
                <onup>103</onup>
                <ondown>103</ondown>
                <onleft>207</onleft>
                <onright>209</onright>
            </control>
            
            <!-- rssfeeds Log -->
            <control type="button" id="209">
                <left>1560</left>
                <top>1015</top>
                <width>220</width>
                <height>50</height>
                <font>font10</font>
                <textcolor>FFF0F0F0</textcolor>
                <textoffsetx>20</textoffsetx>
                <label>RssFeeds.xml</label>
                <align>center</align>
                <aligny>center</aligny>
                <texturefocus colordiffuse="FF12B2E7">Button/testbuttonfo.png</texturefocus>
                <texturenofocus>Button/testbuttonnf.png</texturenofocus>
                <onup>103</onup>
                <ondown>103</ondown>
                <onleft>208</onleft>
                <onright>205</onright>
            </control>
            
            <!-- close -->
            <control type="button" id="205">
                <left>1805</left>
                <top>1015</top>
                <width>100</width>
                <height>50</height>
                <font>font10</font>
                <textcolor>FFF0F0F0</textcolor>
                <textoffsetx>20</textoffsetx>
                <label>Close</label>
                <align>center</align>
                <aligny>center</aligny>
                <texturefocus colordiffuse="FF12B2E7">Button/testbuttonfo.png</texturefocus>
                <texturenofocus>Button/testbuttonnf.png</texturenofocus>
                <onup>103</onup>
                <ondown>103</ondown>
                <onleft>209</onleft>
                <onright>201</onright>
            </control>
        </control>
    </controls>
</window>
