<?xml version="1.0" encoding="UTF-8" standalone="yes"?>
<addon id="repository.aj" name="[COLOR aqua]AJs Repository[/COLOR]" version="0.0.0" provider-name="AJ Builds">
        <requires>
            <import addon="xbmc.addon" version="12.0.0"/>
        </requires>
		<extension point="xbmc.addon.repository" name="Merlin Repository">
			<info compressed="false">http://ajbuilds.uk/data/repo/addons.xml</info>
			<checksum>http://ajbuilds.uk/data/repo/addons.xml.md5</checksum>
			<datadir zip="true">http://ajbuilds.uk/data/repo/files/</datadir>
		</extension>
		<extension point="xbmc.addon.metadata">
			<summary>The AJ Repository</summary>
			<description>Builds Wizard - Add-Ons By AJ</description>
			<disclaimer>All Add-Ons Within This Repo Are Supplied/Created And/Or Modified By AJ And Partners/3rd Party Developers</disclaimer>
			<platform>all</platform>
		</extension>
</addon>