<?xml version="1.0" encoding="UTF-8" standalone="yes"?>
<addon id="script.module.arrow"
       name="arrow"
       version="0.0.0"
       provider-name="crsmithdev, Razzeee">
  <requires>
    <import addon="xbmc.python" version="2.1.0"/>
	<import addon="script.module.dateutil" version="2.4.2"/>
  </requires>
  <extension point="xbmc.python.module"
             library="lib" />
  <extension point="xbmc.addon.metadata">
    <summary>Arrow: better dates and times for Python</summary>
    <description>Packed for Kodi from https://github.com/crsmithdev/arrow</description>
    <platform>all</platform>
    <language></language>
    <license>Apache2</license>
    <forum></forum>
    <website>http://crsmithdev.com/arrow/</website>
    <source>https://github.com/Razzeee/script.module.arrow</source>
    <email>beenje AT gmail.com</email>
  </extension>
</addon>
