<?xml version="1.0" encoding="UTF-8"?>
    <addon id="repository.addons4kodi" name="addons4kodi Repository" version="1.0" provider-name="addons4kodi">
        <requires>
            <import addon="xbmc.addon" version="12.0.0"/>
        </requires>
        <extension point="xbmc.addon.repository" name="addons4kodi Repository">
            <info compressed="false">http://addons4kodi.site/plugins/addons.xml</info>
            <checksum>http://addons4kodi.site/plugins/addons.xml.md5</checksum>
            <datadir zip="true">http://addons4kodi.site/plugins/</datadir>
            <hashes>false</hashes>
        </extension>
        <extension point="xbmc.addon.metadata">
            <summary>addons4kodi Repository</summary>
            <description>This repository hosts files developed, created and provided by the users of /r/addons4kodi.</description>
            <platform>all</platform>
    </extension>
</addon>