<?xml version="1.0" encoding="UTF-8"?>
<addon id="skin.estuary.DS.17" version="0.0.0" name="Estuary 17 DSPLAYER ([COLOR yellow]MOD[/COLOR])" provider-name="Andy, phil65, Ichabod Fletchman">
    <requires>
        <import addon="xbmc.gui" version="5.12.0"/>
    </requires>
    <extension point="xbmc.gui.skin" debugging="false">
        <res width="1920" height="1440" aspect="4:3" default="false" folder="xml" />
        <res width="1920" height="1280" aspect="3:2" default="false" folder="xml" />
        <res width="1920" height="1200" aspect="16:10" default="false" folder="xml" />
        <res width="1920" height="1080" aspect="16:9" default="true" folder="xml" />
        <res width="2560" height="1080" aspect="21:9" default="false" folder="xml" />
    </extension>
    <extension point="xbmc.addon.metadata">
        <summary lang="en_GB">Estuary skin by phil65. (Kodi's default skin)</summary>
        <summary lang="en_NZ">Estuary skin by phil65 and Piers. (Kodi's default skin)</summary>
        <summary lang="en_US">Estuary skin by phil65 and Piers. (Kodi's default skin)</summary>
        <summary lang="es_AR">Skin Estuary por phil65 (skin por defecto de Kodi)</summary>
        <description lang="en_GB">Estuary is the default skin for Kodi 17.0 and above. It attempts to be easy for first time Kodi users to understand and use.</description>
        <description lang="en_NZ">Estuary is the default skin for Kodi 17.0 and above. It attempts to be easy for first time Kodi users to understand and use.</description>
        <description lang="en_US">Estuary is the default skin for Kodi 17.0 and above. It attempts to be easy for first time Kodi users to understand and use.</description>
        <description lang="es_AR">Estuary es el skin por defecto para Kodi 17.0 y posteriores. Intenta ser fácil de entender y utilizar para los usuarios Kodi primerizos.</description>
        <disclaimer lang="en_GB">Estuary is the default skin for Kodi, removing it may cause issues</disclaimer>
        <disclaimer lang="en_NZ">Estuary is the default skin for Kodi, removing it may cause issues</disclaimer>
        <disclaimer lang="en_US">Estuary is the default skin for Kodi, removing it may cause issues</disclaimer>
        <platform>all</platform>
        <license>CC BY-SA 4.0, GNU GENERAL PUBLIC LICENSE Version 2.0</license>
        <forum>http://forum.kodi.tv/</forum>
        <source>https://github.com/xbmc/skin.estuary/</source>
        <assets>
            <icon>resources/icon.png</icon>
            <fanart>resources/fanart.jpg</fanart>
            <screenshot>resources/screenshot-01.jpg</screenshot>
            <screenshot>resources/screenshot-02.jpg</screenshot>
        </assets>
    </extension>
</addon>
