<?xml version="1.0" encoding="utf-8"?>
<window type="dialog" id="2901">
	<onload>Dialog.Close(fullscreeninfo)</onload>
	<onload condition="VideoPlayer.Content(LiveTV) + !Player.PauseEnabled">SetFocus(603)</onload>
	<depth>DepthOSD</depth>
	<defaultcontrol always="true">602</defaultcontrol>
	<controls>
		<control type="button" id="22001">
			<description>background close area</description>
			<left>0</left>
			<top>0</top>
			<width>1920</width>
			<height>800</height>
			<texturefocus>-</texturefocus>
			<texturenofocus>-</texturenofocus>
			<onclick>Action(close)</onclick>
		</control>
		
        <!-- Custom back invisible -->
        <control type="button">
            <left>0</left>
            <top>850</top>
            <width>1920</width>
            <height>200</height>
            <label>Close Window button</label>
            <font>-</font>
            <texturefocus>-</texturefocus>
            <texturenofocus>-</texturenofocus>
            <onclick>Action(Close)</onclick>
            <onclick>Dialog.Close(VideoOSD,true)</onclick>
            <onclick>FullScreen</onclick>
        </control>		
		
        <!-- Custom back invisible -->
        <!--
        <control type="button">
            <left>0</left>
            <top>60</top>
            <width>920</width>
            <height>960</height>
            <label>Close Window button</label>
            <font>-</font>
            <texturefocus>-</texturefocus>
            <texturenofocus>-</texturenofocus>
            <onclick>Action(Close)</onclick>
            <onclick>Dialog.Close(VideoOSD,true)</onclick>
            <onclick>FullScreen</onclick>
        </control>
        -->
        <!--
        <control type="progress" id="20">
            <include>HiddenObject</include>
            <info>Player.Volume</info>
        </control>
        <control type="group">
            <visible>!Window.IsActive(startup)</visible>
            <right>0</right>
            <top>0</top>
            <align>right</align>
            <width>100</width>
            <height>100</height>
            <animation effect="fade" start="0" end="100" time="150">WindowOpen</animation>
            <animation effect="fade" start="100" end="0" time="150">WindowClose</animation>
            <visible>!system.getbool(audiooutput.passthrough)</visible>
            <control type="image">
                <left>6</left>
                <top>-11</top>
                <width>100</width>
                <height>100</height>
                <texture colordiffuse="ffffffff">dialogs/extendedprogress/loading-back.png</texture>
            </control>
            <control type="image">
                <left>6</left>
                <top>-11</top>
                <width>100</width>
                <height>100</height>
                <texture colordiffuse="$VAR[SkinColorVar]">$INFO[Control.GetLabel(20),dialogs/volume/progress/p,.png]</texture>
                <animation effect="fade" start="100" end="0" delay="300" time="500" tween="sine" condition="Player.Muted">Conditional</animation>
            </control>
            <control type="image">
                <left>37</left>
                <top>19</top>
                <width>40</width>
                <height>40</height>
                <texture>dialogs/volume/mute.png</texture>
                <visible>Player.Muted</visible>
            </control>
            <control type="label">
                <left>37</left>
                <top>19</top>
                <width>38</width>
                <height>38</height>
                <align>center</align>
                <aligny>center</aligny>
                <font>Font-Volume</font>
                <label>$VAR[VolumeLabelVar]</label>
            </control>
        </control>
        <control type="button">
            <right>20</right>
            <top>70</top>
            <align>right</align>
            <width>25</width>
            <height>50</height>
            <texturefocus>special://skin/png/arrow-light-up.png</texturefocus>
            <texturenofocus>special://skin/png/arrow-light-up.png</texturenofocus>
            <onclick>VolumeUp</onclick>
            <visible>!system.getbool(audiooutput.passthrough)+Player.HasMedia</visible>
        </control>
        <control type="button">
            <right>50</right>
            <top>70</top>
            <align>right</align>
            <width>25</width>
            <height>50</height>
            <texturefocus>special://skin/png/arrow-light-down.png</texturefocus>
            <texturenofocus>special://skin/png/arrow-light-down.png</texturenofocus>
            <onclick>VolumeDown</onclick>
            <visible>!system.getbool(audiooutput.passthrough)+Player.HasMedia</visible>
        </control>
        <control type="togglebutton">
            <right>100</right>
            <top>75</top>
            <height>35</height>
            <width>35</width>
            <texturefocus>special://skin/png/volumemute.png</texturefocus>
            <texturenofocus>special://skin/png/volumemute.png</texturenofocus>
            <usealttexture>Player.Muted</usealttexture>
            <alttexturefocus>special://skin/png/volumemute-focus.png</alttexturefocus>
            <alttexturenofocus>special://skin/png/volumemute-focus.png</alttexturenofocus>
            <radiowidth>74</radiowidth>
            <radioheight>74</radioheight>
            <font></font>
            <onclick>Mute</onclick>
            <visible>!system.getbool(audiooutput.passthrough)+Player.HasMedia</visible>
        </control>
        -->
		
		
		
		
		<control type="group">
			<visible>![Window.IsVisible(SliderDialog) | Window.IsVisible(OSDVideoSettings) | Window.IsVisible(OSDAudioSettings) | Window.IsVisible(OSDAudioDSPSettings) | Window.IsVisible(VideoBookmarks)]</visible>
			<animation effect="fade" end="100" time="200">WindowOpen</animation>
			<animation effect="fade" time="200">VisibleChange</animation>
			<animation effect="fade" start="100" end="0" time="200">WindowClose</animation>
			<control type="group">
				<top>950</top>
				<visible>!Window.IsVisible(fullscreeninfo) + !Window.IsActive(osdaudiosettings) + !Window.IsActive(osdvideosettings) + !Window.IsActive(PVROSDChannels) + !Window.IsActive(PVROSDGuide)</visible>
				<animation effect="fade" end="100" time="200">WindowOpen</animation>
				<animation effect="fade" time="200">VisibleChange</animation>
				<animation effect="fade" start="100" end="0" time="200">WindowClose</animation>
				<control type="image">
					<left>10</left>
					<top>-110</top>
					<width>1900</width>
					<height>270</height>
					<texture border="40">buttons/dialogbutton-nofo.png</texture>
				</control>
				<control type="label">
					<left>30</left>
					<top>20</top>
					<align>right</align>
					<textoffsetx>20</textoffsetx>
					<!--<aligny>center</aligny>-->
					<width>1858</width>
					<height>60</height>
					<label>$VAR[VideoOSDHelpTextVar]</label>
				</control>
				<control type="label">
					<left>30</left>
					<top>20</top>
					<width>1858</width>
					<height>60</height>
					<align>center</align>
					<aligny>center</aligny>
					<label>$VAR[SeekLabel]</label>
					<shadowcolor>black</shadowcolor>
				</control>
				
	     <!--
        <control type="button" id="22001">
            <description>background close area</description>
            <left>0</left>
            <top>0</top>
            <width>100%</width>
            <height>800</height>
            <texturefocus></texturefocus>
            <texturenofocus></texturenofocus>
            <onclick>Action(close)</onclick>
        </control>

        <control type="button">
            <left>0</left>
            <top>60</top>
            <width>920</width>
            <height>960</height>
            <label>Close Window button</label>
            <font>-</font>
            <texturefocus>-</texturefocus>
            <texturenofocus>-</texturenofocus>
            <onclick>Action(Close)</onclick>
            <onclick>Dialog.Close(VideoOSD,true)</onclick>
            <onclick>FullScreen</onclick>
        </control>				
	-->
				
				
				
				<control type="grouplist" id="201">
					<left>20</left>
					<top>-90</top>
					<width>1920</width>
					<height>135</height>
					<align>left</align>
					<itemgap>-20</itemgap>
					<scrolltime tween="sine">200</scrolltime>
					<orientation>horizontal</orientation>
					<ondown condition="Player.SeekEnabled">87</ondown>
					<onup>noop</onup>
					<onleft>70043</onleft>
					<onright>70011</onright>
					<control type="radiobutton" id="600">
						<include name="OSDButton">
							<param name="texture" value="osd/fullscreen/buttons/previous.png"/>
						</include>
						<onclick>PlayerControl(Previous)</onclick>
						<visible>!VideoPlayer.Content(livetv)</visible>
					</control>
					<control type="radiobutton" id="602">
						<textureradioonfocus colordiffuse="button_focus">osd/fullscreen/buttons/play.png</textureradioonfocus>
						<textureradioonnofocus>osd/fullscreen/buttons/play.png</textureradioonnofocus>
						<textureradioofffocus colordiffuse="button_focus">osd/fullscreen/buttons/pause.png</textureradioofffocus>
						<textureradiooffnofocus>osd/fullscreen/buttons/pause.png</textureradiooffnofocus>
						<texturefocus>-</texturefocus>
						<width>125</width>
						<animation center="62,62" effect="zoom" end="100" reversible="false" start="95" time="480" tween="back">Focus</animation>
						<height>123</height>
						<radiowidth>80</radiowidth>
						<radioheight>80</radioheight>
						<font>-</font>
						<texturenofocus>-</texturenofocus>
						<selected>Player.Paused</selected>
						<onclick>PlayerControl(Play)</onclick>
						<visible>Player.PauseEnabled</visible>
					</control>
					<control type="radiobutton" id="603">
						<include name="OSDButton">
							<param name="texture" value="osd/fullscreen/buttons/stop.png"/>
						</include>
						<onclick>PlayerControl(Stop)</onclick>
					</control>
					<control type="radiobutton" id="605">
						<include name="OSDButton">
							<param name="texture" value="osd/fullscreen/buttons/next.png"/>
						</include>
						<onclick>PlayerControl(Next)</onclick>
						<visible>!VideoPlayer.Content(livetv) + IntegerGreaterThan(Playlist.Length(video),1)</visible>
					</control>
					<control type="radiobutton" id="804">
						<include name="OSDButton">
							<param name="texture" value="osd/fullscreen/buttons/home.png"/>
						</include>
						<onclick>PlayerControl(ShowVideoMenu)</onclick>
						<visible>VideoPlayer.HasMenu</visible>
					</control>
					<control type="radiobutton" id="606">
						<textureradioonfocus colordiffuse="button_focus">osd/fullscreen/buttons/record-white.png</textureradioonfocus>
						<textureradioonnofocus>osd/fullscreen/buttons/record-white.png</textureradioonnofocus>
						<textureradioofffocus colordiffuse="button_focus">osd/fullscreen/buttons/record.png</textureradioofffocus>
						<textureradiooffnofocus>osd/fullscreen/buttons/record.png</textureradiooffnofocus>
						<texturefocus>-</texturefocus>
						<width>125</width>
						<animation center="62,62" effect="zoom" end="100" reversible="false" start="95" time="480" tween="back">Focus</animation>
						<height>123</height>
						<radiowidth>74</radiowidth>
						<radioheight>74</radioheight>
						<font>-</font>
						<texturenofocus>-</texturenofocus>
						<radioposx>0</radioposx>
						<radioposy>0</radioposy>
						<selected>!Player.Recording | Control.HasFocus(606)</selected>
						<onclick>PlayerControl(Record)</onclick>
						<visible>Player.CanRecord</visible>
						<visible>VideoPlayer.Content(livetv)</visible>
					</control>
					
                        <control type="togglebutton">
                            <texturefocus>special://skin/png/passthrough-off.png</texturefocus>
                            <texturenofocus>special://skin/png/passthrough-off.png</texturenofocus>
                            <usealttexture>system.getbool(audiooutput.passthrough)</usealttexture>
                            <alttexturefocus>special://skin/png/passthrough-on.png</alttexturefocus>
                            <alttexturenofocus>special://skin/png/passthrough-on.png</alttexturenofocus>
                            <width>125</width>
                            <animation center="62,62" effect="zoom" end="100" reversible="false" start="95" time="200" tween="sine">Focus</animation>
                            <height>123</height>
                            <radiowidth>74</radiowidth>
                            <radioheight>74</radioheight>
                            <font></font>
                            <onclick>audiotoggledigital</onclick>
                        </control>
                        <control type="togglebutton">
                           <texturefocus>special://skin/png/volumemute.png</texturefocus>
                           <texturenofocus>special://skin/png/volumemute.png</texturenofocus>
                           <usealttexture>Player.Muted</usealttexture>
                           <alttexturefocus>special://skin/png/volumemute-focus.png</alttexturefocus>
                           <alttexturenofocus>special://skin/png/volumemute-focus.png</alttexturenofocus>
                            <width>125</width>
                            <animation center="62,62" effect="zoom" end="100" reversible="false" start="95" time="200" tween="sine">Focus</animation>
                            <height>123</height>
                            <radiowidth>74</radiowidth>
                            <radioheight>74</radioheight>
                           <onclick>Mute</onclick>
                           <visible>!system.getbool(audiooutput.passthrough)+Player.HasMedia</visible>
                       </control> 					
					
				</control>
				
				<control type="grouplist" id="202">
					<right>50</right>
					<top>-90</top>
					<width>1800</width>
					<height>135</height>
					<align>right</align>
					<itemgap>-20</itemgap>
					<scrolltime tween="sine">200</scrolltime>
					<orientation>horizontal</orientation>
					<ondown condition="Player.SeekEnabled">87</ondown>
					<onup condition="Control.HasFocus(70043)">11000</onup>
					<onup condition="Control.HasFocus(704)">12000</onup>
					<onup condition="Control.HasFocus(255)">13000</onup>
					<onleft>606</onleft>
					<onright>600</onright>
					<control type="radiobutton" id="70011">
						<include name="OSDButton">
							<param name="texture" value="osd/fullscreen/buttons/information.png"/>
						</include>
						<onclick>ActivateWindow(fullscreeninfo)</onclick>
					</control>
					<control type="radiobutton" id="70040">
						<include name="OSDButton">
							<param name="texture" value="osd/fullscreen/buttons/channels.png"/>
						</include>
						<onclick>Dialog.Close(VideoOSD)</onclick>
						<onclick>ActivateWindow(PVROSDChannels)</onclick>
						<visible>VideoPlayer.Content(livetv)</visible>
					</control>
					<control type="radiobutton" id="70041">
						<include name="OSDButton">
							<param name="texture" value="osd/fullscreen/buttons/guide.png"/>
						</include>
						<onclick>Dialog.Close(VideoOSD)</onclick>
						<onclick>ActivateWindow(PVROSDGuide)</onclick>
						<visible>VideoPlayer.Content(livetv)</visible>
					</control>
					<control type="radiobutton" id="700">
						<include name="OSDButton">
							<param name="texture" value="osd/fullscreen/buttons/bookmarks.png"/>
						</include>
						<onclick>ActivateWindow(videobookmarks)</onclick>
						<visible>!VideoPlayer.Content(livetv)</visible>
					</control>
					<control type="radiobutton" id="703">
						<include name="OSDButton">
							<param name="texture" value="osd/fullscreen/buttons/teletext.png"/>
						</include>
						<onclick>Dialog.Close(VideoOSD)</onclick>
						<onclick>ActivateWindow(Teletext)</onclick>
						<visible>VideoPlayer.Content(livetv)</visible>
					</control>
					<control type="radiobutton" id="704">
						<include name="OSDButton">
							<param name="texture" value="osd/fullscreen/buttons/settings-subtitle.png"/>
						</include>
					</control>
					<control type="radiobutton" id="255">
						<include name="OSDButton">
							<param name="texture" value="osd/fullscreen/buttons/stereoscopic.png"/>
						</include>
						<visible>VideoPlayer.IsStereoscopic</visible>
					</control>
					<control type="radiobutton" id="70043">
						<include name="OSDButton">
							<param name="texture" value="osd/fullscreen/buttons/settings.png"/>
						</include>
						<onclick>SetFocus(11000)</onclick>
					</control>
				</control>
				
				<control type="group" id="6000">
					<top>90</top>
					<control type="label">
						<left>30</left>
						<top>-140</top>
						<width>1858</width>
						<height>75</height>
						<align>center</align>
						<aligny>bottom</aligny>
						<label>$INFO[Player.Time]$INFO[Player.Duration, / ]</label>
						<font>font30</font>
						<shadowcolor>black</shadowcolor>
					</control>
					<control type="progress">
						<animation effect="fade" end="0" time="200">WindowClose</animation>
						<left>30</left>
						<top>-10</top>
						<width>1858</width>
						<height>30</height>
						<info>Player.ProgressCache</info>
						<texturebg border="3" colordiffuse="00FFFFFF">colors/white50.png</texturebg>
						<midtexture colordiffuse="button_focus">colors/white50.png</midtexture>
						<animation effect="fade" start="100" end="80" time="0" condition="true">Conditional</animation>
					</control>
					<control type="progress" id="23">
						<animation effect="fade" end="0" time="200">WindowClose</animation>
						<left>30</left>
						<top>-10</top>
						<width>1858</width>
						<height>30</height>
						<info>Player.Progress</info>
						<texturebg border="3" colordiffuse="80FFFFFF">colors/white50.png</texturebg>
						<midtexture colordiffuse="button_focus">colors/white50.png</midtexture>
					</control>
					<control type="button" id="87">
						<include>HiddenObject</include>
						<onup>201</onup>
						<onunfocus condition="Player.Forwarding | Player.Rewinding">PlayerControl(Play)</onunfocus>
						<ondown>201</ondown>
						<onright>PlayerControl(Forward)</onright>
						<onleft>PlayerControl(Rewind)</onleft>
						<visible>Player.SeekEnabled</visible>
						<onclick condition="Player.Forwarding | Player.Rewinding">PlayerControl(Play)</onclick>
					</control>
					<control type="slider">
						<left>30</left>
						<top>-10</top>
						<width>1858</width>
						<height>30</height>
						<onup>8010</onup>
						<ondown>650</ondown>
						<controloffsetx>75</controloffsetx>
						<controloffsety>0</controloffsety>
						<texturesliderbar colordiffuse="00FFFFFF">osd/progress/nub_leftright.png</texturesliderbar>
						<textureslidernib>osd/progress/nub_leftright.png</textureslidernib>
						<textureslidernibfocus colordiffuse="button_focus">osd/progress/nub_leftright.png</textureslidernibfocus>
						<info>Player.Progress</info>
						<action>seek</action>
						<visible>!Control.HasFocus(87)</visible>
					</control>
					<control type="slider">
						<left>30</left>
						<top>-10</top>
						<width>1858</width>
						<height>30</height>
						<onup>8010</onup>
						<ondown>650</ondown>
						<controloffsetx>75</controloffsetx>
						<controloffsety>0</controloffsety>
						<texturesliderbar colordiffuse="00FFFFFF">osd/progress/nub_leftright.png</texturesliderbar>
						<textureslidernib colordiffuse="button_focus">osd/progress/nub_leftright.png</textureslidernib>
						<textureslidernibfocus colordiffuse="button_focus">osd/progress/nub_leftright.png</textureslidernibfocus>
						<info>Player.Progress</info>
						<action>seek</action>
						<visible>Control.HasFocus(87)</visible>
					</control>
					
					
	                   <!-- Codec Flags estuary style vertical-->
                    <control type="grouplist">
                        <right>0</right>
                        <!--<top>0</top>-->
                        <top>-75</top>
                        <width>1920</width>
                        <height>50</height>
                        <align>center</align>
                        <orientation>horizontal</orientation>
                        <itemgap>5</itemgap>
                        <animation effect="fade" time="150">VisibleChange</animation>
                        <visible>Player.HasMedia</visible>
                        <!--
                        <control type="togglebutton">
                            <height>44</height>
                            <width>40</width>
                            <texturefocus>special://skin/png/volumemute.png</texturefocus>
                            <texturenofocus>special://skin/png/volumemute.png</texturenofocus>
                            <usealttexture>Player.Muted</usealttexture>
                            <alttexturefocus>special://skin/png/volumemute-focus.png</alttexturefocus>
                            <alttexturenofocus>special://skin/png/volumemute-focus.png</alttexturenofocus>
                            <font></font>
                            <onclick>Mute</onclick>
                            <visible>!system.getbool(audiooutput.passthrough)</visible>
                        </control>
                        -->
                        <!--
                       <control type="togglebutton">
                           <height>55</height>
                           <width>55</width>
                           <texturefocus>special://skin/png/volumemute.png</texturefocus>
                           <texturenofocus>special://skin/png/volumemute.png</texturenofocus>
                           <usealttexture>Player.Muted</usealttexture>
                           <alttexturefocus>special://skin/png/volumemute-focus.png</alttexturefocus>
                           <alttexturenofocus>special://skin/png/volumemute-focus.png</alttexturenofocus>
                           <radiowidth>74</radiowidth>
                           <radioheight>74</radioheight>
                           <font></font>
                           <onclick>Mute</onclick>
                           <visible>!system.getbool(audiooutput.passthrough)+Player.HasMedia</visible>
                       </control>
                        -->
                        <control type="image">
                            <description>Video Resolution Image</description>
                            <width>75</width>
                            <height>55</height>
                            <texture>$INFO[VideoPlayer.VideoResolution,special://skin/png/codecflags/videoresolution/,.png]</texture>
                            <visible>!Player.ChannelPreviewActive</visible>
                        </control>
                        <control type="image">
                            <description>Video AspectRatio Image</description>
                            <width>75</width>
                            <height>55</height>
                            <texture>$INFO[VideoPlayer.VideoAspect,special://skin/png/codecflags/aspectratio/,.png]</texture>
                            <visible>!Player.ChannelPreviewActive</visible>
                        </control>
                        <control type="image">
                            <description>Video VideoCodec Image</description>
                            <width>75</width>
                            <height>55</height>
                            <texture>$INFO[VideoPlayer.VideoCodec,special://skin/png/codecflags/videocodec/,.png]</texture>
                            <visible>!Player.ChannelPreviewActive</visible>
                        </control>
                        <control type="image">
                            <description>Audio Channels Image</description>
                            <width>75</width>
                            <height>55</height>
                            <texture>$INFO[VideoPlayer.AudioChannels,special://skin/png/codecflags/audiochannel/,.png]</texture>
                            <visible>!Player.ChannelPreviewActive</visible>
                        </control>
                        <control type="image">
                            <description>Audio Codec Image</description>
                            <width>75</width>
                            <height>55</height>
                            <texture>$INFO[VideoPlayer.AudioCodec,special://skin/png/codecflags/audiocodec/,.png]</texture>
                        </control>
                    </control>

				</control>
			</control>
			
			
			
			
			
			
			<control type="group" id="11000">
				<left>1400</left>
				<top>400</top>
				<visible>Control.hasFocus(70043) | ControlGroup(11000).HasFocus</visible>
				<include>Visible_Right</include>
				<control type="image">
					<width>510</width>
					<height>420</height>
					<texture border="40">buttons/dialogbutton-nofo.png</texture>
				</control>
				
				<control type="grouplist" id="11100">
					<left>20</left>
					<top>20</top>
					<width>470</width>
					<height>420</height>
					<itemgap>0</itemgap>
					<onleft>70043</onleft>
					<onright>70043</onright>
					<onup>70043</onup>
					<ondown>70043</ondown>
					<orientation>vertical</orientation>
					<control type="button" id="11101">
						<width>470</width>
						<include>DefaultSettingButton</include>
						<label>$LOCALIZE[13396]</label>
						<onclick>ActivateWindow(osdaudiosettings)</onclick>
					</control>
					<control type="button" id="11102">
						<width>470</width>
						<include>DefaultSettingButton</include>
						<label>$LOCALIZE[13395]</label>
						<onclick>ActivateWindow(osdvideosettings)</onclick>
					</control>
					<control type="button" id="11103">
						<width>470</width>
						<include>DefaultSettingButton</include>
						<label>$LOCALIZE[15020]</label>
						<onclick>ActivateWindow(AudioDSPManager)</onclick>
					</control>
					<control type="button" id="11104">
						<width>470</width>
						<include>DefaultSettingButton</include>
						<label>$LOCALIZE[31112]</label>
						<label2>[COLOR button_focus]$INFO[VideoPlayer.AudioLanguage][/COLOR]</label2>
						<onclick>AudioNextLanguage</onclick>
					</control>
					
                    <control type="button" id="1">
                        <width>470</width>
                        <include>DefaultSettingButton</include>
                        <label>Codec Info</label>
                        <onclick>CodecInfo</onclick>
                        <!--<onclick>Dialog.Close(VideoOSD,true)</onclick>
                        <onclick>FullScreen</onclick>
                        <onclick>CodecInfo</onclick>-->
                    </control>   
                     <control type="button" id="1">
                        <width>470</width>
                        <include>DefaultSettingButton</include>
                        <label>Switch Player</label>
                        <onclick>SwitchPlayer</onclick>
                    </control>                                     
                    <control type="button" id="1">
                        <width>470</width>
                        <include>DefaultSettingButton</include>
                        <label>Player Debug</label>
                        <onclick>PlayerDebug</onclick>
                    </control>     
                     <!--<control type="button" id="1">
                        <width>470</width>
                        <include>DefaultOSDSettingButton</include>
                        <label>TV Guide</label>
                        <onclick>RunScript(script._TVGuide)</onclick>
                        <visible>System.HasAddon(script._TVGuide)</visible>
                    </control>-->		
								
				</control>
			</control>
			
			
			<control type="group" id="12000">
				<left>1400</left>
				<top>520</top>
				<visible>Control.HasFocus(704) | ControlGroup(12000).HasFocus</visible>
				<include>Visible_Right</include>
				<control type="image">
					<width>510</width>
					<height>297</height>
					<texture border="40">buttons/dialogbutton-nofo.png</texture>
				</control>
				<control type="grouplist" id="12100">
					<left>20</left>
					<top>20</top>
					<width>470</width>
					<height>260</height>
					<itemgap>0</itemgap>
					<onleft>704</onleft>
					<onright>704</onright>
					<onup>704</onup>
					<ondown>704</ondown>
					<orientation>vertical</orientation>
					<control type="button" id="12101">
						<description>Download with Subtitles script</description>
						<width>470</width>
						<label>33003</label>
						<include>DefaultSettingButton</include>
						<onclick>Close</onclick>
						<onclick>Dialog.Close(VideoOSD)</onclick>
						<onclick>ActivateWindow(SubtitleSearch)</onclick>
						<enable>!VideoPlayer.Content(LiveTV)</enable>
					</control>
					<control type="button" id="12102">
						<width>470</width>
						<include>DefaultSettingButton</include>
						<label>$LOCALIZE[22006]</label>
						<onclick>SubtitleDelay</onclick>
						<enable>VideoPlayer.HasSubtitles + VideoPlayer.SubtitlesEnabled</enable>
					</control>
					<control type="button" id="12103">
						<width>470</width>
						<include>DefaultSettingButton</include>
						<label>$LOCALIZE[31051]</label>
						<label2>[COLOR button_focus]$INFO[VideoPlayer.SubtitlesLanguage][/COLOR]</label2>
						<onclick>CycleSubtitle</onclick>
						<enable>VideoPlayer.HasSubtitles + VideoPlayer.SubtitlesEnabled</enable>
					</control>
					<control type="radiobutton" id="12104">
						<width>470</width>
						<include>DefaultSettingButton</include>
						<label>$LOCALIZE[449]</label>
						<radioposx>350</radioposx>
						<onclick>ShowSubtitles</onclick>
						<selected>VideoPlayer.SubtitlesEnabled + VideoPlayer.HasSubtitles</selected>
						<enable>VideoPlayer.HasSubtitles</enable>
					</control>
				</control>
			</control>
			
			
			<control type="group" id="13000">
				<left>1400</left>
				<top>583</top>
				<visible>Control.HasFocus(255) | ControlGroup(13000).HasFocus</visible>
				<include>Visible_Right</include>
				<control type="image">
					<width>510</width>
					<height>234</height>
					<texture border="40">buttons/dialogbutton-nofo.png</texture>
				</control>
				<control type="grouplist" id="13100">
					<left>20</left>
					<top>20</top>
					<width>470</width>
					<height>260</height>
					<itemgap>0</itemgap>
					<onleft>255</onleft>
					<onright>255</onright>
					<onup>255</onup>
					<ondown>255</ondown>
					<orientation>vertical</orientation>
					<control type="radiobutton" id="13101">
						<width>470</width>
						<include>DefaultSettingButton</include>
						<radioposx>350</radioposx>
						<label>$LOCALIZE[24022]</label>
						<onclick>ToggleStereoMode</onclick>
						<selected>IntegerGreaterThan(System.StereoscopicMode,0)</selected>
					</control>
					<control type="button" id="13102">
						<width>470</width>
						<include>DefaultSettingButton</include>
						<label>$LOCALIZE[31004]</label>
						<label2>$INFO[VideoPlayer.StereoscopicMode]</label2>
						<onclick>StereoMode</onclick>
					</control>
					<control type="radiobutton" id="13103">
						<width>470</width>
						<include>DefaultSettingButton</include>
						<radioposx>350</radioposx>
						<label>$LOCALIZE[31005]</label>
						<onclick>StereoModeToMono</onclick>
						<selected>IntegerGreaterThan(System.StereoscopicMode,9)</selected>
					</control>
				</control>
			</control>

		</control>
		
		
		
		

        <!-- actionbar -->
        <control type="group">
            <control type="label" id="77201">
                <description>visibility marker for Mouse control extras</description>
            </control>
            <control type="group">
                <description>test new Mouse control extras group</description>
                <posx>-1920</posx>
                <posy>0</posy>
                <width>1920</width>
                <height>100</height>
                <animation effect="slide" start="0,0" end="1920,0" time="200" tween="quadratic" easing="out" condition="ControlGroup(77201).HasFocus | ControlGroup(77200).HasFocus | Control.HasFocus(789990)">Conditional</animation>
                <animation effect="slide" start="0,0" end="-1920,0" time="200" tween="quadratic" easing="out" condition="!ControlGroup(77201).HasFocus">WindowClose</animation>
                <!--<animation effect="slide" start="0,0" end="1920,0" time="200" tween="quadratic" easing="out" condition="ControlGroup(200).HasFocus | ControlGroup(77200).HasFocus | Control.HasFocus(789990)">Conditional</animation>
                <animation effect="slide" start="0,0" end="-1920,0" time="200" tween="quadratic" easing="out" condition="!ControlGroup(200).HasFocus">WindowClose</animation>-->
                <animation effect="slide" start="-00,0" end="0,0" time="100" tween="quadratic" easing="out">WindowOpen</animation>
<visible>false</visible>
                <control type="button" id="789990">
                    <description>Fake button for mouse control to open tab</description>
                    <posx>0</posx>
                    <posy>0</posy>
                    <width>4000</width>
                    <height>100</height>
                    <texturefocus>-</texturefocus>
                    <texturenofocus>-</texturenofocus>
                </control>
                <control type="image">
                    <posx>0</posx>
                    <posy>0</posy>
                    <width>1920</width>
                    <height>100</height>
                    <texture border="0,0,0,0">special://skin/png/black.png</texture>
                    <!--<texture border="0,0,0,0">special://skin/png/tab/tab-MediaBladeSub.png</texture>-->
                    <aspectratio>stretch</aspectratio>
                </control>

                <control type="grouplist" id="77200">
                    <description>Mouse control extras tab</description>
                    <posx>0</posx>
                    <posy>0</posy>
                    <width>1920</width>
                    <height>100</height>
                    <orientation>horizontal</orientation>
                    <itemgap>5</itemgap>
                    <animation effect="fade" time="150">VisibleChange</animation>

                    <control type="button">
                        <description>dummy spacer</description>
                        <width>1150</width>
                        <height>100</height>
                        <font>font13</font>
                        <aligny>center</aligny>
                        <align>center</align>
                        <texturefocus>-</texturefocus>
                        <texturenofocus>-</texturenofocus>
                        <label>-</label>
                        <onclick>info</onclick>
                    </control>

                    <control type="button">
                        <width>100</width>
                        <height>100</height>
                        <label>OSDVideoSettings</label>
                        <font>-</font>
                        <texturefocus>special://skin/png/player/OSDVideoFO.png</texturefocus>
                        <texturenofocus>special://skin/png/player/OSDVideoNF.png</texturenofocus>
                        <onclick>ActivateWindow(OSDVideoSettings)</onclick>
                    </control>

                    <control type="togglebutton">
                        <width>100</width>
                        <height>100</height>
                        <label>OSDAudioSettings</label>
                        <font>-</font>
                        <texturefocus>special://skin/png/player/OSDAudioFO.png</texturefocus>
                        <texturenofocus>special://skin/png/player/OSDAudioNF.png</texturenofocus>
                        <usealttexture>system.getbool(audiooutput.dspaddonsenabled)</usealttexture>
                        <alttexturefocus>special://skin/png/player/OSDDSPAudioFO.png</alttexturefocus>
                        <alttexturenofocus>special://skin/png/player/OSDDSPAudioNF.png</alttexturenofocus>
                        <onclick>ActivateWindow(OSDAudioSettings)</onclick>
                    </control>

                    <control type="button">
                        <width>100</width>
                        <height>100</height>
                        <label>PVROSDChannels</label>
                        <font>-</font>
                        <texturefocus>special://skin/png/player/OSDChannelListFO.png</texturefocus>
                        <texturenofocus>special://skin/png/player/OSDChannelListNF.png</texturenofocus>
                        <onclick>ActivateWindow(PVROSDChannels)</onclick>
                        <visible>VideoPlayer.Content(LiveTV)</visible>
                    </control>
                    <control type="button">
                        <width>100</width>
                        <height>100</height>
                        <label>EPG</label>
                        <font>-</font>
                        <texturefocus>special://skin/png/player/OSDepgFO.png</texturefocus>
                        <texturenofocus>special://skin/png/player/OSDepgNF.png</texturenofocus>
                        <onclick>ActivateWindow(PVROSDGuide)</onclick>
                        <visible>VideoPlayer.Content(LiveTV)</visible>
                    </control>
                    <control type="button">
                        <description>Top OSD Mouse controls Open TV Guide</description>
                        <width>200</width>
                        <height>100</height>
                        <font>font13</font>
                        <aligny>center</aligny>
                        <align>center</align>
                        <texturefocus>special://skin/png/codecflags/flag-grey.png</texturefocus>
                        <texturenofocus>special://skin/png/codecflags/flag.png</texturenofocus>
                        <label>TV Guide</label>
                        <onclick>back</onclick>
                        <onclick>RunScript(script._TVGuide)</onclick>
                        <visible>System.HasAddon(script._TVGuide)</visible>
                    </control>
                </control>
            </control>
        </control>
        <!-- actionbar end -->
       			
        <!-- Custom TV Guide Shortcut invisible -->
        <control type="button">
            <left>0</left>
            <top>0</top>
            <width>1920</width>
            <height>60</height>
            <label>Close Window button</label>
            <font>-</font>
            <texturefocus>-</texturefocus>
            <texturenofocus>-</texturenofocus>
            <label>TV Guide</label>
            <onclick>back</onclick>
            <onclick>RunScript(script._TVGuide)</onclick>
            <visible>System.HasAddon(script._TVGuide)</visible>
        </control>			

		
		
		
		
		
	</controls>
</window>
