<?xml version="1.0" encoding="utf-8"?>
<!-- # Languages disabled -->
<window type="dialog">
    <allowoverlay>no</allowoverlay>
    <defaultcontrol always="false">1000</defaultcontrol>
    <animation effect="fade" start="0" end="100" time="100">WindowOpen</animation>
    <animation effect="fade" start="100" end="0" time="100">WindowClose</animation>
    <coordinates>
        <system>1</system>
        <posx>0</posx>
        <posy>0</posy>
    </coordinates>
    <controls>
        <!-- # Background if video  -->
        <control type="image">
            <posx>0</posx>
            <posy>0</posy>
            <width>1920</width>
            <height>1080</height>
            <texture>trans/black75.png</texture>
        </control>
        <!-- # invisible osd exit -->
        <control type="button">
            <texturefocus></texturefocus>
            <texturenofocus></texturenofocus>
            <description>invisible exit osd everywhere except bottom osd channel description</description>
            <posx>0</posx>
            <posy>0</posy>
            <width>1920</width>
            <height>1080</height>
            <onclick>back</onclick>
        </control>
        <!-- # flip adjust -->
        <control type="group">
            <description>Main Popup Menu Control Group</description>
            <posx>0</posx>
            <!--flip1-->
            <posy>361</posy>
            <width>1920</width>
            <height>668</height>
            <!-- # Multiple addons provide this channel label -->
            <control type="label" id="4000">
                <posx>1575</posx>
                <!--<posy>5</posy>-->
                <posy>0</posy>
                <width>450</width>
                <height>45</height>
                <!--<width>1280</width>
            <height>20</height>-->
                <textcolor>grey</textcolor>
                <align>left</align>
                <aligny>center</aligny>
                <font>font10</font>
                <!--<label>[B]Multiple addons. Choose stream.[/B]</label>-->
                <label>[B]Multiple addons.[/B]</label>
                <!--<label>[B]$ADDON[script.tvguide.fullscreen 30700][/B]</label>-->
                <wrapmultiline>true</wrapmultiline>
                <visible>true</visible>
            </control>
            <!-- # Addon Logo -->
            <control type="image" id="4025">
                <texture></texture>
                <description>Addon Logo</description>
                <posx>1575</posx>
                <posy>60</posy>
                <width>45</width>
                <height>45</height>
                <aspectratio>keep</aspectratio>
                <visible>true</visible>
            </control>
            <!-- # Addon Name -->
            <control type="label" id="4026">
                <label></label>
                <description>Addon Name</description>
                <posx>1635</posx>
                <posy>60</posy>
                <width>300</width>
                <height>45</height>
                <textcolor>white</textcolor>
                <align>left</align>
                <aligny>center</aligny>
                <visible>true</visible>
            </control>
            <!-- # search ini -->
            <control type="button" id="1002">
                <label>Search ini</label>
                <description>Search ini</description>
                <posx>1575</posx>
                <posy>120</posy>
                <width>300</width>
                <height>45</height>
                <font>font10</font>
                <shadowcolor>black</shadowcolor>
                <align>center</align>
                <aligny>center</aligny>
                <textcolor>white</textcolor>
                <texturenofocus>buttons/popup_button.png</texturenofocus>
                <texturefocus colordiffuse="$INFO[Window(1100).Property(focus_current_color)]">buttons/listbox/focus.png</texturefocus>
                <onleft>1000</onleft>
                <onright>1000</onright>
                <onup>1000</onup>
                <ondown>1003</ondown>
                <onclick>back</onclick>
                <onclick>RunScript($INFO[Window(1100).Property(run_script)],102)</onclick>
            </control>
            <!-- # browse ini -->
            <control type="button" id="1003">
                <label>Browse ini</label>
                <description>Browse ini</description>
                <posx>1575</posx>
                <posy>168</posy>
                <width>300</width>
                <height>45</height>
                <font>font10</font>
                <shadowcolor>black</shadowcolor>
                <align>center</align>
                <aligny>center</aligny>
                <textcolor>white</textcolor>
                <texturenofocus>buttons/popup_button.png</texturenofocus>
                <texturefocus colordiffuse="$INFO[Window(1100).Property(focus_current_color)]">buttons/listbox/focus.png</texturefocus>
                <onleft>1000</onleft>
                <onright>1000</onright>
                <onup>1002</onup>
                <ondown>1002</ondown>
                <onclick>back</onclick>
                <onclick>RunScript($INFO[Window(1100).Property(run_script)],103)</onclick>
            </control>
            <!-- # invisible osd draw focus without exit -->
            <control type="button">
                <texturefocus></texturefocus>
                <texturenofocus></texturenofocus>
                <description>invisible exit osd everywhere except bottom osd channel description</description>
                <posx>0</posx>
                <posy>0</posy>
                <width>669</width>
                <!--<width>1280</width>-->
                <height>668</height>
                <onclick></onclick>
            </control>
            <!-- list # Stream addons main list array -->
            <control type="list" id="1000">
                <posx>270</posx>
                <posy>0</posy>
                <width>1230</width>
                <height>668</height>
                <viewtype label="list">list</viewtype>
                <orientation>vertical</orientation>
                <preloaditems>2</preloaditems>
                <focusposition>1</focusposition>
                <pagecontrol>1001</pagecontrol>
                <onleft>1001</onleft>
                <onright>1001</onright>
                <itemgap>8</itemgap>
                <align>center</align>
                <aligny>center</aligny>
                <itemlayout width="1230" height="60">
                    <!-- background -->
                    <control type="image">
                        <texture flipx="false" colordiffuse="EDFFFFFF">buttons/listbox/panel.png</texture>
                        <posx>0</posx>
                        <posy>0</posy>
                        <width>1230</width>
                        <height>60</height>
                    </control>
                    <control type="image">
                        <posx>0</posx>
                        <posy>0</posy>
                        <width>1230</width>
                        <height>60</height>
                        <texture>buttons/popup_button.png</texture>
                    </control>
                    <control type="image">
                        <posx>1</posx>
                        <posy>1</posy>
                        <width>57</width>
                        <height>57</height>
                        <align>center</align>
                        <aligny>center</aligny>
                        <aspectratio>keep</aspectratio>
                        <info>ListItem.Icon</info>
                    </control>
                    <control type="label">
                        <posx>90</posx>
                        <posy>0</posy>
                        <width>1170</width>
                        <height>60</height>
                        <align>left</align>
                        <aligny>center</aligny>
                        <font>font13</font>
                        <textcolor>ffffffff</textcolor>
                        <info>ListItem.Label</info>
                    </control>
                </itemlayout>
                <focusedlayout width="1230" height="90">
                    <control type="image">
                        <posx>0</posx>
                        <posy>0</posy>
                        <width>1230</width>
                        <height>90</height>
                        <texture>buttons/popup_buttonFO.png</texture>
                    </control>
                    <control type="image">
                        <posx>0</posx>
                        <posy>0</posy>
                        <width>1230</width>
                        <height>90</height>
                        <texture colordiffuse="$INFO[Window(1100).Property(focus_current_color)]">buttons/listbox/focus.png</texture>
                    </control>
                    <control type="image">
                        <posx>1</posx>
                        <posy>1</posy>
                        <width>87</width>
                        <height>87</height>
                        <align>center</align>
                        <aligny>center</aligny>
                        <aspectratio>keep</aspectratio>
                        <info>ListItem.Icon</info>
                    </control>
                    <control type="label">
                        <posx>120</posx>
                        <posy>0</posy>
                        <width>1170</width>
                        <height>90</height>
                        <align>left</align>
                        <aligny>center</aligny>
                        <font>font_MainMenu</font>
                        <textcolor>ffffffff</textcolor>
                        <info>ListItem.Label</info>
                    </control>
                </focusedlayout>
            </control>
            <control type="scrollbar" id="1001">
                <description>scroll bar control</description>
                <posx>1500</posx>
                <posy>0</posy>
                <width>60</width>
                <height>668</height>
                <visible>true</visible>
                <pulseonselect>true</pulseonselect>
                <orientation>vertical</orientation>
                <showonepage>false</showonepage>
                <onleft>1000</onleft>
                <onright>1002</onright>
                <texturesliderbackground colordiffuse="$INFO[Window(1100).Property(scrollbarbg_color)]">trans/white15.png</texturesliderbackground>
                <textureslidernib>invisible.png</textureslidernib>
                <textureslidernibfocus>invisible.png</textureslidernibfocus>
                <texturesliderbar colordiffuse="$INFO[Window(1100).Property(scrollbarnf_color)]">trans/white15.png</texturesliderbar>
                <texturesliderbarfocus colordiffuse="$INFO[Window(1100).Property(focus_current_color)]">trans/white35.png</texturesliderbarfocus>
                <animation effect="fade" start="0" end="100" time="200" delay="300">Visible</animation>
                <animation effect="fade" start="100" end="0" time="200">Hidden</animation>
                <!--<visible>Integer.IsGreater(Container(1000).NumItems,12)</visible>-->
                <!--<visible>Integer.IsGreater(Container(1000).NumItems,12) | Container(1000).IsUpdating</visible>-->
            </control>
        </control>
    </controls>
</window>
