<?xml version="1.0" encoding="UTF-8"?>
<window type="dialog">
    <!--<defaultcontrol always="true">3012</defaultcontrol>-->
    <!--<zorder>0</zorder>-->
    <onload condition="String.IsEqual(Window(home).Property(tvgfs_currentchanlogo),)">SetProperty(tvgfs_currentchanlogo,,home)</onload>
    <onload condition="String.IsEqual(Window(home).Property(tvgfs_currentchan),)">SetProperty(tvgfs_currentchan,,home)</onload>
    <onload condition="String.IsEqual(Window(home).Property(tvgfs_currentprogram),)">SetProperty(tvgfs_currentprogram,,home)</onload>
    <onload condition="String.IsEqual(Window(home).Property(tvgfs_currentprogramimage),)">SetProperty(tvgfs_currentprogramimage,,home)</onload>
    <onload condition="String.IsEqual(Window(home).Property(tvgfs_currentprogramtime),)">SetProperty(tvgfs_currentprogramtime,,home)</onload>
    <onload condition="String.IsEqual(Window(home).Property(tvgfs_nextprogram),)">SetProperty(tvgfs_nextprogram,,home)</onload>
    <onload condition="String.IsEqual(Window(home).Property(tvgfs_nextprogramimage),)">SetProperty(tvgfs_nextprogramimage,,home)</onload>
    <onload condition="String.IsEqual(Window(home).Property(tvgfs_nextprogramtime),)">SetProperty(tvgfs_nextprogramtime,,home)</onload>
    <controls>
    
    

    
        <!-- Now Playing -->
        <control type="group">

            <!-- Now Playing  NO TVGFS Chan -->
            <control type="group">
                <right>10</right>
               <!--<top>5</top>-->
                <bottom>150</bottom>
                <width>340</width>
                <height>215</height>
                <visible>Player.HasMedia + String.IsEqual(Window(home).Property(tvgfs_currentprogram),)</visible>
                <!--<visible>String.Contains(Container(90000).ListItem.Property(id),goback) | String.Contains(Container(90000).ListItem.Property(id),player)</visible>-->
                <animation effect="slide" start="0,0" end="0,1300" time="100" tween="quadratic" easing="out" condition="System.IdleTime(29.666)">Conditional</animation>
                <!-- Cancel  -->
                <control type="button">
                    <texturefocus></texturefocus>
                    <texturenofocus></texturenofocus>
                    <description>Cancel</description>
                    <posx>0</posx>
                    <posy>0</posy>
                    <width>340</width>
                    <height>215</height>
                    <onclick>back</onclick>
                </control>
     
                <!-- Now Playing  titlebar -->
                <control type="group">
                    <bottom>0</bottom>
                        <!-- titlebar extra colour image_fadewhite color_description_bar -->
                        <control type="image">
                            <description>titlebar background channel title extra colour</description>
                            <posx>0</posx>
                            <posy>0</posy>
                            <width>340</width>
                            <height>20</height>
                            <colordiffuse>$INFO[Window(home).Property(color_bar)]</colordiffuse>
                            <texture>$INFO[Window(home).Property(image_fadewhite)]</texture>
                        </control>
                        <!--  titlebar background_gradient -->
                        <!--
                    <control type="image">
                        <description>titlebar background gradient</description>
                        <posx>0</posx>
                        <posy>0</posy>
                        <width>340</width>
                        <height>20</height>
                        <texture>eyecandy/gradient_bar.png</texture>
                        <aspectratio>stretch</aspectratio>
                        <align>center</align>
                        <aligny>center</aligny>
                    </control>
                    -->
                        <!-- titlebar optional - overlay fade_bar_up -->
                        <control type="image">
                            <description>background fade_bar_up</description>
                            <posx>1</posx>
                            <posy>1</posy>
                            <width>338</width>
                            <height>18</height>
                            <texture>eyecandy/fade_bar_up.png</texture>
                            <align>center</align>
                            <aligny>center</aligny>
                        </control>
                        <!-- titlebar extra image_fade darker -->
                        <control type="image">
                            <description>background imagefade darker</description>
                            <posx>0</posx>
                            <posy>0</posy>
                            <width>340</width>
                            <height>20</height>
                            <texture>$INFO[Window(home).Property(image_fade)]</texture>
                        </control>
                        <!-- 0  current video  #  ChannelNumber  ChannelName  TVShowTitle  Title Season  Episode  Year time -->
                        <control type="label">
                            <description>Player title</description>
                            <label>[COLOR grey]$INFO[VideoPlayer.ChannelNumber,,  [COLOR dimgrey]•[/COLOR]  ][/COLOR]$INFO[VideoPlayer.TVShowTitle,,  [COLOR dimgrey]•[/COLOR]  ,]$INFO[VideoPlayer.Season]$INFO[VideoPlayer.Episode,[COLOR dimgrey]x[/COLOR], [COLOR dimgrey]•[/COLOR] ][B]$INFO[VideoPlayer.Title][/B]</label>
                            <posx>5</posx>
                            <posy>0</posy>
                            <width>330</width>
                            <height>20</height>
                            <textcolor>white</textcolor>
                            <shadowcolor>black</shadowcolor>
                            <font>font10</font>
                            <align>left</align>
                            <aligny>center</aligny>
                        </control>
                    </control>

                <!-- thumbnail 340 -->
                <control type="image">
                    <description>icon</description>
                    <posx>0</posx>
                    <posy>40</posy>
                    <width>220</width>
                    <!--<height>200</height>-->
                    <aspectratio align="right" aligny="top">keep</aspectratio>
                    <colordiffuse>80FFFFFF</colordiffuse>
                    <texture>$INFO[Player.Art(thumb)]</texture>
                    <visible>!String.IsEqual(Player.Art(thumb),) + String.IsEqual(Player.Art(fanart),)</visible>
                </control>
                <!-- fanart 340 -->
                <control type="image">
                    <description>icon</description>
                    <posx>0</posx>
                    <posy>40</posy>
                    <width>220</width>
                    <!--<width>340</width>
                        <height>200</height>-->
                    <aspectratio align="right" aligny="top">keep</aspectratio>
                    <colordiffuse>80FFFFFF</colordiffuse>
                    <texture>$INFO[Player.Art(fanart)]</texture>
                    <visible>!String.IsEqual(Player.Art(fanart),)</visible>
                </control>
                <!--image_fade darker -->
                <!--
                <control type="image">
                        <description>background imagefade darker</description>
                        <posx>0</posx>
                        <posy>20</posy>
                        <width>340</width>
                        <height>205</height>
                        <texture>$INFO[Window(home).Property(image_fade)]</texture>
                    </control>
-->
                <!-- poster  124 -->
                <control type="image">
                    <description>season.poster</description>
                    <posx>220</posx>
                    <posy>20</posy>
                    <width min="0" max="120">auto</width>
                    <!--<height>183</height>-->
                    <aspectratio align="right" aligny="top">keep</aspectratio>
                    <info>Player.Art(poster)</info>
                    <visible>!String.IsEqual(Player.Art(poster),)</visible>
                </control>
                <!-- tv season banner Art(banner) -->
                <control type="image">
                    <description>tv logo</description>
                    <posx>0</posx>
                    <posy>20</posy>
                    <width>120</width>
                    <height>22</height>
                    <aspectratio>keep</aspectratio>
                    <align>left</align>
                    <aligny>center</aligny>
                    <info>VideoPlayer.Art(banner)</info>
                    <visible>!String.IsEmpty(VideoPlayer.Art(banner))</visible>
                </control>
                <!-- Video Resolution -->
                <control type="image">
                    <posx>0</posx>
                    <posy>20</posy>
                    <width min="0" max="25">auto</width>
                    <height>20</height>
                    <aspectratio>keep</aspectratio>
                    <texture>flags/themes/$INFO[Window(home).Property(image_flags)]/resolution/$INFO[VideoPlayer.VideoResolution].png</texture>
                    <visible>!String.IsEmpty(VideoPlayer.VideoResolution)</visible>
                </control>


                <!-- Time  Duration  -->
                <control type="textbox">
                    <description>Vod genre</description>
                    <posx>5</posx>
                    <posy>20</posy>
                    <width>210</width>
                    <height>20</height>
                    <label>$INFO[Player.Time,, [COLOR dimgrey]•[/COLOR] ]$INFO[Player.Duration][COLOR grey]$INFO[VideoPlayer.Premiered,  (,)][/COLOR]</label>
                    <textcolor>white</textcolor>
                    <font>font10</font>
                    <align>left</align>
                    <aligny>center</aligny>
                </control>
                <!-- 60 video # Season  Episode Studio  Premiered  Country  mpaa Rating  #  Duration  FinishTime -->
                <control type="textbox">
                    <description>tv info</description>
                    <posx>5</posx>
                    <posy>35</posy>
                    <height>20</height>
                    <width>330</width>
                    <label>[COLOR $INFO[Window(home).Property(color_description_info)]]$INFO[VideoPlayer.Season,Episode:[/COLOR][COLOR white] ,][/COLOR]$INFO[VideoPlayer.Episode,[COLOR dimgrey]x[/COLOR],  [COLOR dimgrey]•[/COLOR]  ][COLOR grey]$INFO[VideoPlayer.Mpaa,  [COLOR dimgrey]•[/COLOR]  ,][/COLOR][COLOR grey]$INFO[VideoPlayer.Rating,  [COLOR dimgrey]•[/COLOR]  ,][/COLOR]</label>
                    <textcolor>white</textcolor>
                    <align>left</align>
                    <aligny>center</aligny>
                    <font>font10</font>
                    <visible>!Player.HasAudio + !VideoPlayer.Content(LiveTV)</visible>
                    <!--<visible>!Player.HasAudio + !VideoPlayer.Content(LiveTV)</visible>-->
                    <!--<visible>!String.IsEmpty(VideoPlayer.Plot) + !Player.HasAudio</visible>
                    <visible>!String.IsEqual(VideoPlayer.Property(TotalSeasons),)</visible>-->
                </control>
                <!-- disabled 90 videos # Tagline Director Writer  plot  -->
                <control type="textbox">
                    <description>plot</description>
                    <posx>5</posx>
                    <posy>90</posy>
                    <width>330</width>
                    <font>font10</font>
                    <height>100</height>
                    <!--<height>95</height>-->
                    <align>left</align>
                    <aligny>top</aligny>
                    <!--<aligny>center</aligny>-->
                    <label>$INFO[VideoPlayer.Plot]</label>
                    <textcolor>white</textcolor>
                    <autoscroll time="3600" delay="5000" repeat="5000">true</autoscroll>
                    <visible>!String.IsEqual(VideoPlayer.Plot,)</visible>
                    <visible>false</visible>
                </control>



            </control>


            <!-- Now Playing TVGFS Chan -->
            <control type="group">
                <right>10</right>
                <!--<top>5</top>-->
                <bottom>150</bottom>
                <width>330</width>
                <height>215</height>
                <visible>Player.HasMedia + !String.IsEqual(Window(home).Property(tvgfs_currentprogram),)</visible>
                <!--<visible>String.Contains(Container(90000).ListItem.Property(id),goback) | String.Contains(Container(90000).ListItem.Property(id),player)</visible>-->
                <animation effect="slide" start="0,0" end="0,1300" time="100" tween="quadratic" easing="out" condition="System.IdleTime(19.666)">Conditional</animation>
                <!-- tvgfs_currentchanlogo -->
                <control type="image">
                    <posx>0</posx>
                    <posy>160</posy>
                    <width>400</width>
                    <height>40</height>
                    <fadetime>350</fadetime>
                    <aspectratio>keep</aspectratio>
                    <texture>$INFO[Window(home).Property(tvgfs_currentchanlogo)]</texture>
                    <visible>!String.IsEqual(Window(home).Property(tvgfs_currentchanlogo),)</visible>
                </control>
                <!-- images -->
                <control type="grouplist">
                    <description>top tab</description>
                    <posx>1</posx>
                    <posy>1</posy>
                    <width>398</width>
                    <height>180</height>
                    <align>right</align>
                    <aligny>top</aligny>
                    <orientation>horizontal</orientation>
                    <itemgap>5</itemgap>
                    <!-- tvgfs_currentprogramimage -->
                    <control type="image">
                        <posx>0</posx>
                        <posy>0</posy>
                        <width min="0" max="100">auto</width>
                        <height>183</height>
                        <aspectratio align="right" aligny="bottom">keep</aspectratio>
                        <texture>$INFO[Window(home).Property(tvgfs_currentprogramimage)]</texture>
                    </control>
                    <!-- tvgfs_nextprogramimage -->
                    <control type="image">
                        <posx>0</posx>
                        <posy>0</posy>
                        <width min="0" max="100">auto</width>
                        <height>183</height>
                        <aspectratio align="right" aligny="bottom">keep</aspectratio>
                        <texture>$INFO[Window(home).Property(tvgfs_nextprogramimage)]</texture>
                    </control>
                </control>
                <!-- tvgfs_currentchan -->
                <control type="label">
                    <align>right</align>
                    <width>67%</width>
                    <top>183</top>
                    <height>27</height>
                    <font>font10</font>
                    <textcolor>FFCCCCCC</textcolor>
                    <label>$INFO[Window(home).Property(tvgfs_currentchan)]</label>
                    <visible>!String.IsEqual(Window(home).Property(tvgfs_currentchan),)</visible>
                </control>
                <!-- tvgfs_currentprogramtime  -->
                <control type="label">
                    <left>60</left>
                    <width>67%</width>
                    <top>183</top>
                    <height>27</height>
                    <font>font10</font>
                    <textcolor>B3dddddd</textcolor>
                    <scroll>false</scroll>
                    <!--<label>$INFO[Player.TimeRemaining(ss)]</label>-->
                    <label>$INFO[Window(home).Property(tvgfs_currentprogramtime)]</label>
                    <visible>!String.IsEqual(Window(home).Property(tvgfs_currentprogramtime),)</visible>
                </control>
                <!-- tvgfs_currentprogram  -->
                <control type="label">
                    <width>100%</width>
                    <top>210</top>
                    <height>27</height>
                    <font>font10</font>
                    <textcolor>B3dddddd</textcolor>
                    <!--<label>$INFO[Control.GetLabel(3002),$ADDON[service.nextup.notification 30008]... ,][COLOR=FF00a2e0]$INFO[Control.GetLabel(3000), ,][/COLOR]</label>-->
                    <label>$INFO[Window(home).Property(tvgfs_currentprogram)]</label>
                    <visible>!String.IsEqual(Window(home).Property(tvgfs_currentprogram),)</visible>
                </control>
                <!-- tvgfs_nextprogram  -->
                <control type="label">
                    <width>67%</width>
                    <top>60</top>
                    <height>27</height>
                    <font>font10</font>
                    <textcolor>B3dddddd</textcolor>
                    <!--<label>$INFO[Control.GetLabel(3002),$ADDON[service.nextup.notification 30008]... ,][COLOR=FF00a2e0]$INFO[Control.GetLabel(3000), ,][/COLOR]</label>-->
                    <label>$INFO[Window(home).Property(tvgfs_nextprogram)]</label>
                    <visible>!String.IsEqual(Window(home).Property(tvgfs_nextprogram),)</visible>
                </control>
                <!-- tvgfs_nextprogramtime  -->
                <control type="label">
                    <width>67%</width>
                    <top>60</top>
                    <height>27</height>
                    <font>font10</font>
                    <textcolor>B3dddddd</textcolor>
                    <!--<label>$INFO[Control.GetLabel(3002),$ADDON[service.nextup.notification 30008]... ,][COLOR=FF00a2e0]$INFO[Control.GetLabel(3000), ,][/COLOR]</label>-->
                    <label>$INFO[Window(home).Property(tvgfs_nextprogramtime)]</label>
                    <visible>!String.IsEqual(Window(home).Property(tvgfs_nextprogramtime),)</visible>
                </control>
            </control>
 
        </control>
    
    
    
    
        <!-- disabled Now Playing -->
        <control type="group">
            <right>7</right>
            <bottom>107</bottom>
            <width>400</width>
            <height>226</height>
            <!--<visible>String.Contains(Container(90000).ListItem.Property(id),goback) | String.Contains(Container(90000).ListItem.Property(id),player)</visible>-->
   <visible>false</visible>
            <!-- video window -->
            <!--
                <control type="videowindow">
                    <description>PIP video window</description>
                    <posx>0</posx>
                    <posy>0</posy>
                    <width>100%</width>
                    <height>100%</height>
                    <fadetime>350</fadetime>
                    <aspectratio aligny="center" align="top">scale</aspectratio>
                </control>
                -->
            <!-- below less than thirty seconds -->
            <!--
                <control type="image">
                    <visible>!Control.HasFocus(3012)</visible>
                    <visible>Integer.IsGreater(Player.TimeRemaining(ss),30)</visible>
                    <left>157</left>
                    <top>71</top>
                    <width>85</width>
                    <height>85</height>
                    <aspectratio>keep</aspectratio>
                    <texture colordiffuse="88ffffff">nowplaying/30.png</texture>
                    <animation type="Focus">
                        <effect type="zoom" start="90" end="100" time="150" tween="sine" easing="inout" center="auto" />
                        <effect type="fade" start="0" end="100" time="150" tween="sine" easing="in" />
                    </animation>
                    <animation type="Unfocus">
                        <effect type="zoom" start="100" end="90" time="150" tween="sine" easing="inout" center="auto" />
                        <effect type="fade" start="100" end="0" time="150" tween="sine" easing="out" />
                    </animation>
                </control>
                <control type="image">
                    <visible>Control.HasFocus(3012)</visible>
                    <visible>Integer.IsGreater(Player.TimeRemaining(ss),30)</visible>
                    <left>157</left>
                    <top>71</top>
                    <width>85</width>
                    <height>85</height>
                    <aspectratio>keep</aspectratio>
                    <texture colordiffuse="FF00a2e0">nowplaying/30.png</texture>
                    <animation type="Focus">
                        <effect type="zoom" start="90" end="100" time="150" tween="sine" easing="inout" center="auto" />
                        <effect type="fade" start="0" end="100" time="150" tween="sine" easing="in" />
                    </animation>
                    <animation type="Unfocus">
                        <effect type="zoom" start="100" end="90" time="150" tween="sine" easing="inout" center="auto" />
                        <effect type="fade" start="100" end="0" time="150" tween="sine" easing="out" />
                    </animation>
                </control>
                -->
            <!-- below more than thirty seconds -->
            <!--
                <control type="image">
                    <visible>!Control.HasFocus(3012)</visible>
                    <visible>!Integer.IsGreater(Player.TimeRemaining(ss),30)</visible>
                    <left>157</left>
                    <top>71</top>
                    <width>85</width>
                    <height>85</height>
                    <aspectratio>keep</aspectratio>
                    <texture colordiffuse="88ffffff">$INFO[Player.TimeRemaining(ss),nowplaying/,.png]</texture>
                    <animation type="Focus">
                        <effect type="zoom" start="90" end="100" time="150" tween="sine" easing="inout" center="auto" />
                        <effect type="fade" start="0" end="100" time="150" tween="sine" easing="in" />
                    </animation>
                    <animation type="Unfocus">
                        <effect type="zoom" start="100" end="90" time="150" tween="sine" easing="inout" center="auto" />
                        <effect type="fade" start="100" end="0" time="150" tween="sine" easing="out" />
                    </animation>
                </control>
                <control type="image">
                    <visible>Control.HasFocus(3012)</visible>
                    <visible>!Integer.IsGreater(Player.TimeRemaining(ss),30)</visible>
                    <left>157</left>
                    <top>71</top>
                    <width>85</width>
                    <height>85</height>
                    <aspectratio>keep</aspectratio>
                    <texture colordiffuse="FF00a2e0">$INFO[Player.TimeRemaining(ss),nowplaying/,.png]</texture>
                    <animation type="Focus">
                        <effect type="zoom" start="90" end="100" time="150" tween="sine" easing="inout" center="auto" />
                        <effect type="fade" start="0" end="100" time="150" tween="sine" easing="in" />
                    </animation>
                    <animation type="Unfocus">
                        <effect type="zoom" start="100" end="90" time="150" tween="sine" easing="inout" center="auto" />
                        <effect type="fade" start="100" end="0" time="150" tween="sine" easing="out" />
                    </animation>
                </control>
                -->
            <!-- TVGFS Chan -->
            <control type="group">
                <left>3</left>
                <right>3</right>
                <visible>!String.IsEqual(Window(home).Property(tvgfs_currentprogram),)</visible>
                <!-- box -->
                <control type="image">
                    <posx>0</posx>
                    <posy>0</posy>
                    <animation effect="fade" start="100" end="97" time="200" condition="true">Conditional</animation>
                    <texture border="5" colordiffuse="ff000000">nowplaying/box.png</texture>
                </control>
                <!-- menu top bottom bar -->
                <control type="image">
                    <left>0</left>
                    <right>0</right>
                    <top>0</top>
                    <height>60</height>
                    <texture border="5" colordiffuse="af000000">nowplaying/nextupwhite.png</texture>
                </control>
                <control type="image">
                    <left>0</left>
                    <right>0</right>
                    <bottom>0</bottom>
                    <height>20</height>
                    <texture border="5" colordiffuse="cf000000">nowplaying/nextupwhite.png</texture>
                </control>
                <!-- tvgfs_currentchanlogo -->
                <control type="image">
                    <posx>0</posx>
                    <posy>40</posy>
                    <width>200</width>
                    <height>40</height>
                    <fadetime>350</fadetime>
                    <aspectratio>scale</aspectratio>
                    <texture>$INFO[Window(home).Property(tvgfs_currentchanlogo)]</texture>
                    <visible>!String.IsEqual(Window(home).Property(tvgfs_currentchanlogo),)</visible>
                </control>
                <!-- tvgfs_currentprogramimage -->
                <control type="image">
                    <posx>0</posx>
                    <posy>80</posy>
                    <width>200</width>
                    <height>226</height>
                    <fadetime>350</fadetime>
                    <aspectratio>scale</aspectratio>
                    <texture>$INFO[Window(home).Property(tvgfs_currentprogramimage)]</texture>
                </control>
                <!-- tvgfs_nextprogramimage -->
                <control type="image">
                    <posx>200</posx>
                    <posy>80</posy>
                    <width>200</width>
                    <height>226</height>
                    <texture>$INFO[Window(home).Property(tvgfs_nextprogramimage)]</texture>
                </control>
                <!--<control type="button" id="3013">-->
                <!-- Cancel  -->
                <control type="button">
                    <description>Cancel</description>
                    <left>150</left>
                    <bottom>1</bottom>
                    <width>100</width>
                    <onup>3012</onup>
                    <ondown>3012</ondown>
                    <align>center</align>
                    <font>font13</font>
                    <label>222</label>
                    <focusedcolor>FFededed</focusedcolor>
                    <disabledcolor>B3dddddd</disabledcolor>
                    <selectedcolor>FF000000</selectedcolor>
                    <height>17</height>
                    <textcolor>ff333333</textcolor>
                    <texturefocus colordiffuse="FF00a2e0" border="5">nowplaying/box.png</texturefocus>
                    <texturenofocus colordiffuse="FFFFFFFF" border="5">nowplaying/box.png</texturenofocus>
                    <onclick>back</onclick>
                </control>
                <!-- tvgfs_currentchan -->
                <control type="label">
                    <align>right</align>
                    <width>67%</width>
                    <top>83</top>
                    <height>27</height>
                    <font>font10</font>
                    <textcolor>FFCCCCCC</textcolor>
                    <label>$INFO[Window(home).Property(tvgfs_currentchan)]</label>
                    <visible>!String.IsEqual(Window(home).Property(tvgfs_currentchan),)</visible>
                </control>
                <!-- tvgfs_currentprogramtime  -->
                <control type="label">
                    <left>60</left>
                    <width>67%</width>
                    <top>33</top>
                    <height>27</height>
                    <font>font10</font>
                    <textcolor>B3dddddd</textcolor>
                    <scroll>false</scroll>
                    <!--<label>$INFO[Player.TimeRemaining(ss)]</label>-->
                    <label>$INFO[Window(home).Property(tvgfs_currentprogramtime)]</label>
                    <visible>!String.IsEqual(Window(home).Property(tvgfs_currentprogramtime),)</visible>
                </control>
                <!-- tvgfs_currentprogram  -->
                <control type="label">
                    <width>100%</width>
                    <top>0</top>
                    <height>27</height>
                    <font>font10</font>
                    <textcolor>B3dddddd</textcolor>
                    <!--<label>$INFO[Control.GetLabel(3002),$ADDON[service.nextup.notification 30008]... ,][COLOR=FF00a2e0]$INFO[Control.GetLabel(3000), ,][/COLOR]</label>-->
                    <label>$INFO[Window(home).Property(tvgfs_currentprogram)]</label>
                    <visible>!String.IsEqual(Window(home).Property(tvgfs_currentprogram),)</visible>
                </control>
                <!-- tvgfs_nextprogram  -->
                <control type="label">
                    <width>67%</width>
                    <top>60</top>
                    <height>27</height>
                    <font>font10</font>
                    <textcolor>B3dddddd</textcolor>
                    <!--<label>$INFO[Control.GetLabel(3002),$ADDON[service.nextup.notification 30008]... ,][COLOR=FF00a2e0]$INFO[Control.GetLabel(3000), ,][/COLOR]</label>-->
                    <label>$INFO[Window(home).Property(tvgfs_nextprogram)]</label>
                    <visible>!String.IsEqual(Window(home).Property(tvgfs_nextprogram),)</visible>
                </control>
                <!-- tvgfs_nextprogramtime  -->
                <control type="label">
                    <width>67%</width>
                    <top>60</top>
                    <height>27</height>
                    <font>font10</font>
                    <textcolor>B3dddddd</textcolor>
                    <!--<label>$INFO[Control.GetLabel(3002),$ADDON[service.nextup.notification 30008]... ,][COLOR=FF00a2e0]$INFO[Control.GetLabel(3000), ,][/COLOR]</label>-->
                    <label>$INFO[Window(home).Property(tvgfs_nextprogramtime)]</label>
                    <visible>!String.IsEqual(Window(home).Property(tvgfs_nextprogramtime),)</visible>
                </control>
            </control>
            <!-- NO TVGFS Chan -->
            <control type="group">
                <left>3</left>
                <right>3</right>
                <visible>String.IsEqual(Window(home).Property(tvgfs_currentprogram),)</visible>
                <!-- box -->
                <control type="image">
                    <posx>0</posx>
                    <posy>0</posy>
                    <animation effect="fade" start="100" end="97" time="200" condition="true">Conditional</animation>
                    <texture border="5" colordiffuse="ff000000">nowplaying/box.png</texture>
                </control>
                <!-- menu top bottom bar -->
                <control type="image">
                    <left>0</left>
                    <right>0</right>
                    <top>0</top>
                    <height>60</height>
                    <texture border="5" colordiffuse="af000000">nowplaying/nextupwhite.png</texture>
                </control>
                <control type="image">
                    <left>0</left>
                    <right>0</right>
                    <bottom>0</bottom>
                    <height>20</height>
                    <texture border="5" colordiffuse="cf000000">nowplaying/nextupwhite.png</texture>
                </control>
                <!-- Player.Art(fanart) -->
                <control type="image">
                    <posx>0</posx>
                    <posy>0</posy>
                    <width>100%</width>
                    <height>100%</height>
                    <fadetime>350</fadetime>
                    <aspectratio>scale</aspectratio>
                    <texture fallback="$INFO[Player.Art(thumb)]">$INFO[Player.Art(fanart)]</texture>
                    <!--<visible>!String.IsEqual(Window(home).Property(tvgfs_currentchanlogo),)</visible>-->
                </control>
                <!--<control type="button" id="3013">-->
                <!-- Cancel  -->
                <control type="button">
                    <description>Cancel</description>
                    <left>150</left>
                    <bottom>1</bottom>
                    <width>100</width>
                    <onup>3012</onup>
                    <ondown>3012</ondown>
                    <align>center</align>
                    <font>font13</font>
                    <label>222</label>
                    <focusedcolor>FFededed</focusedcolor>
                    <disabledcolor>B3dddddd</disabledcolor>
                    <selectedcolor>FF000000</selectedcolor>
                    <height>17</height>
                    <textcolor>ff333333</textcolor>
                    <texturefocus colordiffuse="FF00a2e0" border="5">nowplaying/box.png</texturefocus>
                    <texturenofocus colordiffuse="FFFFFFFF" border="5">nowplaying/box.png</texturenofocus>
                    <onclick>back</onclick>
                </control>
                <!-- Player.TimeRemaining  -->
                <control type="label">
                    <align>right</align>
                    <width>67%</width>
                    <top>33</top>
                    <height>27</height>
                    <font>font13</font>
                    <textcolor>FFCCCCCC</textcolor>
                    <label>$INFO[Player.TimeRemaining(ss)]</label>
                    <!--<visible>!String.IsEqual($INFO[Player.TimeRemaining(ss)],)</visible>-->
                </control>
                <!-- VideoPlayer.Title  -->
                <control type="label">
                    <width>100%</width>
                    <top>0</top>
                    <height>27</height>
                    <font>font13</font>
                    <textcolor>B3dddddd</textcolor>
                    <!--<label>$INFO[Control.GetLabel(3002),$ADDON[service.nextup.notification 30008]... ,][COLOR=FF00a2e0]$INFO[Control.GetLabel(3000), ,][/COLOR]</label>-->
                    <label>[B]$INFO[VideoPlayer.Title][/B]</label>
                    <!--<visible>!String.IsEqual(Window(home).Property(tvgfs_currentprogram),)</visible>-->
                </control>
                <!-- # current video  #  ChannelNumber  ChannelName  TVShowTitle  Title Season  Episode  Year time -->
                <control type="label">
                    <description>Player</description>
                    <label>[COLOR grey]$INFO[VideoPlayer.ChannelNumber,,  [COLOR dimgrey]•[/COLOR]  ][/COLOR]$INFO[VideoPlayer.TVShowTitle,,  [COLOR dimgrey]•[/COLOR]  ,]$INFO[VideoPlayer.Season]$INFO[VideoPlayer.Episode,[COLOR dimgrey]x[/COLOR], [COLOR dimgrey]•[/COLOR] ][B]$INFO[VideoPlayer.Title][/B][COLOR grey]$INFO[VideoPlayer.Year,   (,)][/COLOR][COLOR grey]$INFO[Player.Time, [COLOR dimgrey]•[/COLOR] , [COLOR dimgrey]•[/COLOR] ]$INFO[Player.Duration][/COLOR]</label>
                    <posx>20</posx>
                    <posy>0</posy>
                    <width>1100</width>
                    <height>30</height>
                    <textcolor>white</textcolor>
                    <shadowcolor>black</shadowcolor>
                    <font>font30_title</font>
                    <align>left</align>
                    <aligny>center</aligny>
                    <visible>!Player.HasAudio</visible>
                    <!--<visible>Integer.IsGreater(Player.TimeRemaining,5)</visible>-->
                </control>
                <!-- 30 video  #  Genre  FileNameAndPath  -->
                <control type="textbox">
                    <description>Vod genre</description>
                    <posx>20</posx>
                    <posy>30</posy>
                    <width>1140</width>
                    <height>30</height>
                    <label>[COLOR $INFO[Window(home).Property(color_description_info)]]$INFO[VideoPlayer.Genre,Genre:  [/COLOR],[COLOR white]    ][COLOR grey]$INFO[Player.FileNameAndPath][/COLOR]</label>
                    <textcolor>white</textcolor>
                    <font>font13</font>
                    <align>left</align>
                    <aligny>center</aligny>
                    <visible>String.IsEqual(MusicPlayer.Artist,) + !IsEmpty(VideoPlayer.Genre)</visible>
                </control>
                <!-- 60 video # Season  Episode Studio  Premiered  Country  mpaa Rating  #  Duration  FinishTime -->
                <control type="textbox">
                    <description>tv info</description>
                    <posx>20</posx>
                    <posy>60</posy>
                    <height>30</height>
                    <width>1110</width>
                    <label>[COLOR $INFO[Window(home).Property(color_description_info)]]$INFO[VideoPlayer.Season,Episode:[/COLOR][COLOR white] ,][/COLOR]$INFO[VideoPlayer.Episode,[COLOR dimgrey]x[/COLOR],  [COLOR dimgrey]•[/COLOR]  ]$INFO[VideoPlayer.Studio,,  [COLOR dimgrey]•[/COLOR]  ][COLOR grey]$INFO[VideoPlayer.Premiered][COLOR grey]$INFO[VideoPlayer.Country,  [COLOR dimgrey]•[/COLOR]  ][/COLOR][COLOR grey]$INFO[VideoPlayer.Mpaa,  [COLOR dimgrey]•[/COLOR]  ,][/COLOR][COLOR grey]$INFO[VideoPlayer.Rating,  [COLOR dimgrey]•[/COLOR]  ,][/COLOR]</label>
                    <textcolor>white</textcolor>
                    <align>left</align>
                    <aligny>center</aligny>
                    <font>font13</font>
                    <visible>!Player.HasAudio + !VideoPlayer.Content(LiveTV)</visible>
                    <!--<visible>!Player.HasAudio + !VideoPlayer.Content(LiveTV)</visible>-->
                    <!--<visible>!String.IsEmpty(VideoPlayer.Plot) + !Player.HasAudio</visible>
                    <visible>!String.IsEqual(VideoPlayer.Property(TotalSeasons),)</visible>-->
                </control>
                <!-- 60 pvr # ChannelName Player.StartTime  EndTime  NextTitle  NextStartTime  NextEndTime    # not used -  NextGenre  NextPlot NextDuration   -->
                <control type="textbox">
                    <description>tv info</description>
                    <posx>20</posx>
                    <posy>60</posy>
                    <height>30</height>
                    <width>1110</width>
                    <label>$INFO[VideoPlayer.ChannelName][COLOR grey]$INFO[Player.StartTime,  [COLOR dimgrey]•[/COLOR]  ,  ][/COLOR][COLOR grey]$INFO[VideoPlayer.EndTime,- , ][/COLOR][COLOR $INFO[Window(home).Property(color_description_info)]]$INFO[VideoPlayer.NextTitle,  [COLOR dimgrey]•[/COLOR]  Next: [/COLOR][COLOR white],][/COLOR][COLOR grey]$INFO[VideoPlayer.NextStartTime,  [COLOR dimgrey]•[/COLOR]  ,  ][/COLOR][COLOR grey]$INFO[VideoPlayer.NextEndTime,- , ][/COLOR]</label>
                    <textcolor>white</textcolor>
                    <align>left</align>
                    <aligny>center</aligny>
                    <font>font13</font>
                    <visible>VideoPlayer.Content(LiveTV)</visible>
                </control>
                <!-- 90 videos # Tagline Director Writer  plot  -->
                <control type="textbox">
                    <description>plot</description>
                    <posx>20</posx>
                    <posy>90</posy>
                    <width>1100</width>
                    <font>font10</font>
                    <height>145</height>
                    <!--<height>95</height>-->
                    <align>left</align>
                    <aligny>top</aligny>
                    <!--<aligny>center</aligny>-->
                    <label>[COLOR grey]$INFO[VideoPlayer.Tagline,,  [COLOR dimgrey]•[/COLOR]  ][/COLOR][COLOR $INFO[Window(home).Property(color_description_info)]]$INFO[VideoPlayer.Director,Director: [COLOR white],[/COLOR]  [COLOR dimgrey]•[/COLOR]  ][/COLOR][COLOR $INFO[Window(home).Property(color_description_info)]]$INFO[VideoPlayer.Writer,Writer: [COLOR white],[/COLOR]  [COLOR dimgrey]•[/COLOR]  ][/COLOR]$INFO[VideoPlayer.Plot]</label>
                    <textcolor>white</textcolor>
                    <autoscroll time="3600" delay="5000" repeat="5000">true</autoscroll>
                    <visible>!String.IsEqual(VideoPlayer.Plot,)</visible>
                </control>
                <!-- disabled  -->
                <!--<control type="label" description="Title" id="3000">-->
                <!--
                    <control type="label">
                        <width>67%</width>
                        <left>178</left>
                        <top>0</top>
                        <height>27</height>
                        <font>font13</font>
                        <textcolor>FF00a2e0</textcolor>
                        <visible>false</visible>
                    </control>
                    -->
                <!-- Rating -->
                <control type="image">
                    <top>38</top>
                    <width>17</width>
                    <height>17</height>
                    <aspectratio>keep</aspectratio>
                    <texture>nowplaying/imdb.png</texture>
                </control>
                <!-- mpaa  -->
                <control type="label">
                    <label>$INFO[Player.Mpaa]</label>
                    <left>23</left>
                    <width>67%</width>
                    <top>33</top>
                    <height>27</height>
                    <font>font13</font>
                    <textcolor>B3dddddd</textcolor>
                </control>
                <!-- year  -->
                <control type="label">
                    <label>$INFO[Player.Year]</label>
                    <left>60</left>
                    <width>67%</width>
                    <top>33</top>
                    <height>27</height>
                    <font>font13</font>
                    <textcolor>B3dddddd</textcolor>
                    <scroll>false</scroll>
                </control>
            </control>
        </control>


    </controls>
</window>
