<?xml version="1.0" encoding="UTF-8"?>
    <addon id="repository._xyz" name="XYZ Repo" version="0.0.2" provider-name="^\_(-_-)_/^,Andy">
        <requires>
            <import addon="xbmc.addon" version="12.0.0"/>
        </requires>
        <extension point="xbmc.addon.repository" name="XYZ Repo">
            <info compressed="false">https://raw.githubusercontent.com/thismustbetheplace/_wizard/master/_repo/addons.xml</info>
            <checksum>https://raw.githubusercontent.com/thismustbetheplace/_wizard/master/_repo/addons.xml.md5</checksum>
            <datadir zip="true">https://raw.githubusercontent.com/thismustbetheplace/_wizard/master/_repo/</datadir>
            <hashes>false</hashes>
        </extension>
        <extension point="xbmc.addon.metadata">
            <summary>XYZ Repository</summary>
            <description>Download and install addons, repositories and backups of preconfigured apps and user settings.[CR]This is the source of my addons and used for automatic updates.</description>
            <platform>all</platform>
    </extension>
</addon>