<includes>
    <include name="InfoWallMovieLayout">
        <param name="focused">false</param>
        <definition>
            <control type="group">
                <visible>String.IsEmpty(ListItem.Art(poster))</visible>
                <control type="image">
                    <left>10</left>
                    <top>-7</top>
                    <width>193</width>
                    <height>267</height>
                    <texture>dialogs/dialog-bg-nobo.png</texture>
                    <bordertexture border="21">overlays/shadow.png</bordertexture>
                    <bordersize>20</bordersize>
                </control>
                <control type="image">
                    <left>10</left>
                    <top>-7</top>
                    <width>193</width>
                    <height>267</height>
                    <texture colordiffuse="button_focus">colors/grey.png</texture>
                    <bordersize>20</bordersize>
                    <visible>$PARAM[focused]</visible>
                    <include condition="$PARAM[focused]">Animation_FocusTextureFade</include>
                </control>
                <control type="textbox">
                    <left>27</left>
                    <top>163</top>
                    <width>161</width>
                    <height>80</height>
                    <font>font27</font>
                    <align>center</align>
                    <aligny>center</aligny>
                    <label>$INFO[ListItem.Label]</label>
                    <autoscroll time="2000" delay="3000" repeat="5000">$PARAM[focused]</autoscroll>
                    <visible>!ListItem.IsParentFolder</visible>
                </control>
                <control type="image">
                    <left>16</left>
                    <top>-1</top>
                    <width>181</width>
                    <height>180</height>
                    <texture fallback="DefaultMovies.png" background="true">$INFO[ListItem.Icon]</texture>
                    <aspectratio>scale</aspectratio>
                    <bordersize>20</bordersize>
                </control>
            </control>
            <control type="group">
                <visible>!String.IsEmpty(ListItem.Art(poster))</visible>
                <control type="image">
                    <left>7</left>
                    <top>-9</top>
                    <width>199</width>
                    <height>272</height>
                    <texture colordiffuse="button_focus">colors/grey.png</texture>
                    <bordertexture border="21">overlays/shadow.png</bordertexture>
                    <bordersize>20</bordersize>
                    <visible>$PARAM[focused]</visible>
                    <include condition="$PARAM[focused]">Animation_FocusTextureFade</include>
                </control>
                <control type="image">
                    <left>10</left>
                    <top>-7</top>
                    <width>193</width>
                    <height>267</height>
                    <texture background="true">$INFO[ListItem.Art(poster)]</texture>
                    <aspectratio>scale</aspectratio>
                    <bordertexture border="21">overlays/shadow.png</bordertexture>
                    <bordersize>20</bordersize>
                </control>
                <control type="image">
                    <left>23</left>
                    <top>193</top>
                    <width>53</width>
                    <height>53</height>
                    <texture>overlays/overlay-bg.png</texture>
                    <visible>Listitem.IsCollection | ListItem.IsPlaying | Integer.IsGreater(ListItem.Playcount,0)</visible>
                </control>
            </control>
            <control type="group">
                <visible>String.IsEqual(ListItem.DBtype,tvshow)</visible>
                <top>213</top>
                <control type="image">
                    <left>23</left>
                    <top>0</top>
                    <width>167</width>
                    <height>33</height>
                    <texture colordiffuse="CCFFFFFF">overlays/overlayfade.png</texture>
                    <visible>!String.IsEmpty(ListItem.Art(poster))</visible>
                </control>
                <control type="label">
                    <left>0</left>
                    <top>13</top>
                    <width>163</width>
                    <label>$INFO[ListItem.Property(WatchedEpisodes)]$INFO[ListItem.Property(TotalEpisodes), / ,]</label>
                    <font>font20_title</font>
                    <shadowcolor>text_shadow</shadowcolor>
                    <align>right</align>
                </control>
                <control type="image">
                    <left>169</left>
                    <top>15</top>
                    <width>16</width>
                    <height>16</height>
                    <texture>lists/played-total.png</texture>
                </control>
            </control>
            <control type="image">
                <left>23</left>
                <top>225</top>
                <width>21</width>
                <height>21</height>
                <texture>$VAR[WallWatchedIconVar]</texture>
            </control>
            <control type="group">
                <left>90</left>
                <top>-5</top>
                <include condition="Skin.HasSetting(circle_rating) | Skin.HasSetting(circle_userrating)">RatingCircle</include>
            </control>
            <control type="progress">
                <left>23</left>
                <top>233</top>
                <width>167</width>
                <height>1</height>
                <texturebg></texturebg>
                <midtexture colordiffuse="button_focus" border="3">progress/texturebg_alt_white.png</midtexture>
                <info>ListItem.PercentPlayed</info>
                <visible>!Integer.IsEqual(ListItem.PercentPlayed,0)</visible>
            </control>
        </definition>
    </include>
    <include name="InfoWallPictureLayout">
        <param name="focused">false</param>
        <definition>
            <control type="image">
                <top>-7</top>
                <width>251</width>
                <height>253</height>
                <texture>dialogs/dialog-bg-nobo.png</texture>
                <bordertexture border="21">overlays/shadow.png</bordertexture>
                <bordersize>20</bordersize>
            </control>
            <control type="image">
                <top>-9</top>
                <left>-3</left>
                <width>256</width>
                <height>259</height>
                <texture colordiffuse="button_focus">colors/grey.png</texture>
                <bordertexture border="21">overlays/shadow.png</bordertexture>
                <bordersize>20</bordersize>
                <visible>$PARAM[focused]</visible>
                <include condition="$PARAM[focused]">Animation_FocusTextureFade</include>
            </control>
            <control type="image">
                <left>13</left>
                <top>7</top>
                <width>224</width>
                <height>200</height>
                <texture border="2" background="true">$VAR[InfoWallThumbVar]</texture>
                <aspectratio>keep</aspectratio>
            </control>
            <control type="label">
                <left>13</left>
                <top>212</top>
                <width>225</width>
                <textoffsetx>13</textoffsetx>
                <height>13</height>
                <align>center</align>
                <aligny>center</aligny>
                <font>font12</font>
                <label>$INFO[ListItem.Label]</label>
            </control>
        </definition>
    </include>
    <include name="InfoWallMusicLayout">
        <param name="fallback_image">DefaultFolder.png</param>
        <param name="main_label">$INFO[ListItem.Artist]</param>
        <param name="sub_label">$INFO[ListItem.Title]</param>
        <param name="single_label">$INFO[ListItem.Label]</param>
        <param name="focused">false</param>
        <definition>
            <control type="image">
                <top>0</top>
                <width>211</width>
                <height>257</height>
                <texture>dialogs/dialog-bg-nobo.png</texture>
                <bordertexture border="21">overlays/shadow.png</bordertexture>
                <bordersize>20</bordersize>
            </control>
            <control type="image">
                <top>-3</top>
                <left>-3</left>
                <width>216</width>
                <height>263</height>
                <texture colordiffuse="button_focus">colors/grey.png</texture>
                <bordertexture border="21">overlays/shadow.png</bordertexture>
                <bordersize>20</bordersize>
                <visible>$PARAM[focused]</visible>
                <include condition="$PARAM[focused]">Animation_FocusTextureFade</include>
            </control>
            <control type="image">
                <left>0</left>
                <top>0</top>
                <width>211</width>
                <height>211</height>
                <texture fallback="$PARAM[fallback_image]" background="true">$VAR[InfoWallThumbVar]</texture>
                <aspectratio>keep</aspectratio>
                <bordersize>20</bordersize>
            </control>
            <control type="textbox">
                <left>19</left>
                <top>193</top>
                <width>175</width>
                <height>53</height>
                <font>font12</font>
                <align>center</align>
                <aligny>center</aligny>
                <label>$PARAM[single_label]</label>
                <visible>!String.IsEqual(ListItem.DBType,album)</visible>
            </control>
            <control type="group">
                <visible>String.IsEqual(ListItem.DBType,album)</visible>
                <control type="label">
                    <left>19</left>
                    <top>200</top>
                    <width>173</width>
                    <label>$PARAM[sub_label]</label>
                    <font>font10</font>
                    <shadowcolor>text_shadow</shadowcolor>
                    <scroll>$PARAM[focused]</scroll>
                    <align>center</align>
                </control>
                <control type="label">
                    <left>19</left>
                    <top>219</top>
                    <width>173</width>
                    <label>$PARAM[main_label]</label>
                    <font>font12</font>
                    <shadowcolor>text_shadow</shadowcolor>
                    <scroll>$PARAM[focused]</scroll>
                    <align>center</align>
                </control>
            </control>
            <control type="group">
                <left>89</left>
                <top>1</top>
                <include condition="Skin.HasSetting(circle_rating) | Skin.HasSetting(circle_userrating)">RatingCircle</include>
            </control>
        </definition>
    </include>
    <include name="InfoWallEpisodeLayout">
        <param name="main_label">$INFO[ListItem.Title]</param>
        <param name="sub_label">$INFO[ListItem.TVShowTitle]</param>
        <param name="thumb_label">$INFO[ListItem.Season,,x]$INFO[ListItem.Episode]</param>
        <param name="fallback_image">DefaultTVShows.png</param>
        <param name="focused">false</param>
        <definition>
            <control type="image">
                <top>7</top>
                <width>211</width>
                <height>192</height>
                <texture>dialogs/dialog-bg-nobo.png</texture>
                <bordertexture border="21">overlays/shadow.png</bordertexture>
                <bordersize>20</bordersize>
            </control>
            <control type="image">
                <top>4</top>
                <left>-3</left>
                <width>216</width>
                <height>197</height>
                <texture colordiffuse="button_focus">colors/grey.png</texture>
                <bordertexture border="21">overlays/shadow.png</bordertexture>
                <bordersize>20</bordersize>
                <visible>$PARAM[focused]</visible>
                <include condition="$PARAM[focused]">Animation_FocusTextureFade</include>
            </control>
            <control type="image">
                <left>0</left>
                <top>7</top>
                <width>211</width>
                <height>145</height>
                <texture fallback="$PARAM[fallback_image]" background="true">$VAR[InfoWallThumbVar]</texture>
                <aspectratio>scale</aspectratio>
                <bordersize>20</bordersize>
            </control>
            <control type="image">
                <left>13</left>
                <top>92</top>
                <width>184</width>
                <height>47</height>
                <texture>overlays/overlayfade.png</texture>
                <visible>!ListItem.IsParentFolder</visible>
            </control>
            <control type="label">
                <left>21</left>
                <top>119</top>
                <width>173</width>
                <label>$PARAM[thumb_label]</label>
                <font>font20_title</font>
                <shadowcolor>text_shadow</shadowcolor>
                <align>right</align>
            </control>
            <control type="image">
                <left>13</left>
                <top>117</top>
                <width>21</width>
                <height>21</height>
                <texture>$VAR[WallWatchedIconVar]</texture>
            </control>
            <control type="textbox">
                <left>19</left>
                <top>135</top>
                <width>175</width>
                <height>53</height>
                <font>font12</font>
                <align>center</align>
                <aligny>center</aligny>
                <label>$INFO[ListItem.Label]</label>
                <visible>Window.IsActive(videos)</visible>
            </control>
            <control type="group">
                <visible>!Window.IsActive(videos)</visible>
                <control type="label">
                    <left>19</left>
                    <top>140</top>
                    <width>173</width>
                    <label>$PARAM[sub_label]</label>
                    <font>font12</font>
                    <shadowcolor>text_shadow</shadowcolor>
                    <scroll>$PARAM[focused]</scroll>
                    <align>center</align>
                </control>
                <control type="label">
                    <left>19</left>
                    <top>160</top>
                    <width>173</width>
                    <label>$PARAM[main_label]</label>
                    <font>font10</font>
                    <shadowcolor>text_shadow</shadowcolor>
                    <scroll>$PARAM[focused]</scroll>
                    <align>center</align>
                </control>
            </control>
            <control type="progress">
                <left>13</left>
                <top>172</top>
                <width>184</width>
                <height>1</height>
                <texturebg></texturebg>
                <midtexture colordiffuse="button_focus" border="3">progress/texturebg_alt_white.png</midtexture>
                <info>ListItem.PercentPlayed</info>
                <visible>!Integer.IsEqual(ListItem.PercentPlayed,0)</visible>
            </control>
            <control type="group">
                <left>89</left>
                <top>5</top>
                <include condition="Skin.HasSetting(circle_rating) | Skin.HasSetting(circle_userrating)">RatingCircle</include>
            </control>
        </definition>
    </include>
    <include name="View_54_InfoWall">
        <control type="group">
            <include>OpenClose_Right</include>
            <left>67</left>
            <top>0</top>
            <visible>Control.IsVisible(54)</visible>
            <include>Visible_Right</include>
            <control type="panel" id="54">
                <left>327</left>
                <top>0</top>
                <right>10</right>
                <height>67%</height>
                <onleft>9000</onleft>
                <onright>531</onright>
                <onup condition="Integer.IsGreater(Container.NumPages,1)">54</onup>
                <onup condition="!Integer.IsGreater(Container.NumPages,1)">9000</onup>
                <ondown>54</ondown>
                <viewtype label="31101">icon</viewtype>
                <preloaditems>2</preloaditems>
                <pagecontrol>531</pagecontrol>
                <scrolltime tween="cubic" easing="out">500</scrolltime>
                <visible>Container.Content(artists) | Container.Content(albums) | Container.Content(sets) | Container.Content(movies) | Container.Content(tvshows) | Container.Content(seasons) | Container.Content(episodes) | Container.Content(musicvideos) | Container.Content(images) | Container.Content(videos) | Container.Content(games)</visible>
                <itemlayout height="297" width="213" condition="Container.Content(movies) | Container.Content(sets) | Container.Content(tvshows) | Container.Content(seasons)">
                    <control type="group">
                        <left>20</left>
                        <top>80</top>
                        <include>InfoWallMovieLayout</include>
                    </control>
                </itemlayout>
                <focusedlayout height="297" width="213" condition="Container.Content(movies) | Container.Content(sets) | Container.Content(tvshows) | Container.Content(seasons)">
                    <control type="group">
                        <depth>DepthContentPopout</depth>
                        <left>20</left>
                        <animation effect="zoom" start="100" end="110" time="200" tween="sine" easing="inout" center="127,200">Focus</animation>
                        <animation effect="zoom" start="110" end="100" time="200" tween="sine" easing="inout" center="127,200">UnFocus</animation>
                        <top>80</top>
                        <include content="InfoWallMovieLayout">
                            <param name="focused" value="true" />
                        </include>
                    </control>
                </focusedlayout>
                <itemlayout height="200" width="200" condition="Container.Content(episodes) | Container.Content(videos) | Container.Content(musicvideos)">
                    <control type="group">
                        <left>43</left>
                        <top>73</top>
                        <include content="InfoWallEpisodeLayout">
                            <param name="focused" value="false" />
                            <param name="thumb_label" value="$INFO[ListItem.Label2]" />
                        </include>
                    </control>
                </itemlayout>
                <focusedlayout height="200" width="200" condition="Container.Content(episodes) | Container.Content(videos) | Container.Content(musicvideos)">
                    <control type="group">
                        <depth>DepthContentPopout</depth>
                        <animation effect="zoom" start="100" end="110" time="200" tween="sine" easing="inout" center="147,167">Focus</animation>
                        <animation effect="zoom" start="110" end="100" time="200" tween="sine" easing="inout" center="147,167">UnFocus</animation>
                        <left>43</left>
                        <top>73</top>
                        <include content="InfoWallEpisodeLayout">
                            <param name="focused" value="true" />
                            <param name="thumb_label" value="$INFO[ListItem.Label2]" />
                        </include>
                    </control>
                </focusedlayout>
                <itemlayout height="273" width="207" condition="Container.Content(artists) | Container.Content(albums)">
                    <control type="group">
                        <top>100</top>
                        <left>27</left>
                        <include>InfoWallMusicLayout</include>
                    </control>
                </itemlayout>
                <focusedlayout height="273" width="207" condition="Container.Content(artists) | Container.Content(albums)">
                    <control type="group">
                        <depth>DepthContentPopout</depth>
                        <animation effect="zoom" start="100" end="115" time="200" tween="sine" easing="inout" center="133,233">Focus</animation>
                        <animation effect="zoom" start="115" end="100" time="200" tween="sine" easing="inout" center="133,233">UnFocus</animation>
                        <top>100</top>
                        <left>27</left>
                        <include content="InfoWallMusicLayout">
                            <param name="focused" value="true" />
                        </include>
                    </control>
                </focusedlayout>
                <itemlayout height="267" width="252" condition="Container.Content(images)">
                    <control type="group">
                        <left>0</left>
                        <top>100</top>
                        <include>InfoWallPictureLayout</include>
                    </control>
                </itemlayout>
                <focusedlayout height="267" width="252" condition="Container.Content(images)">
                    <control type="group">
                        <depth>DepthContentPopout</depth>
                        <left>0</left>
                        <top>100</top>
                        <animation effect="zoom" start="100" end="110" time="200" tween="sine" easing="inout" center="120,220">Focus</animation>
                        <animation effect="zoom" start="110" end="100" time="200" tween="sine" easing="inout" center="120,220">UnFocus</animation>
                        <include content="InfoWallPictureLayout">
                            <param name="focused" value="true" />
                        </include>
                    </control>
                </focusedlayout>
            </control>
        </control>
    </include>
</includes>
