<?xml version="1.0" encoding="UTF-8" standalone="yes"?>
<addon id="repository.renegades" name="Renegades Repo" version="0.0.0" provider-name="Ant, Podgod">
	<extension point="xbmc.addon.repository" name="Renegades Addon Repository">
		<info compressed="false">http://renegadestv.uk/repo/addons.xml</info>
		<checksum>http://renegadestv.uk/repo/addons.xml.md5</checksum>
		<datadir zip="true">http://renegadestv.uk/rmkodi/Link%20to%20Plugins</datadir>
	</extension>
	<extension point="xbmc.addon.metadata">
		<summary>Install Addons From Renegades</summary>
		<description>Download and install addons from Renegades!</description>
		<platform>all</platform>
	</extension>
</addon>

