<?xml version="1.0" encoding="UTF-8" standalone="yes"?>
<addon id="script.module.singledispatch"
       name="singledispatch"
       version="0.0.0"
       provider-name="Łukasz Langa">
  <requires>
    <import addon="xbmc.python" version="2.1.0"/>
  </requires>
  <extension point="xbmc.python.module"
             library="lib"/>
  <extension point="xbmc.addon.metadata">
    <summary>Single-dispatch generic functions</summary>
    <description>This library brings functools.singledispatch from Python 3.4 to Python 2.6-3.3.</description>
    <platform>all</platform>
    <license>MIT</license>
    <source>https://pypi.python.org/pypi/singledispatch#downloads</source>
    <website>http://docs.python.org/3/library/functools.html#functools.singledispatch</website>
  </extension>
</addon>
