 <playercorefactory>
 <players>
    <player name="save video url" type="ExternalPlayer" audio="false" video="true">
         <filename>C:\Windows\System32\cmd.exe</filename>
         <args>/c bash rip-url "{0}"</args>
    <hidexbmc>false</hidexbmc>
    </player>
   <player name="mpv" type="ExternalPlayer" audio="false" video="true">
	<filename>C:\Windows\System32\cmd.exe</filename>
     <args>/c bash rip-mpv "{0}"</args>
     <hidexbmc>true</hidexbmc>
   </player>
   <player name="play" type="ExternalPlayer" audio="false" video="true">
	<filename>C:\Windows\System32\cmd.exe</filename>
     <args>/c bash rip-play "{0}"</args>
     <hidexbmc>true</hidexbmc>
   </player>
   <player name="vlc" type="ExternalPlayer" audio="false" video="true">
	<filename>C:\Windows\System32\cmd.exe</filename>
     <args>/c bash rip-vlc "{0}"</args>
     <hidexbmc>true</hidexbmc>
   </player>
   <player name="external player" type="ExternalPlayer" audio="false" video="true">
	<filename>C:\Windows\System32\cmd.exe</filename>
     <args>/c bash rip-play-external "{0}"</args>
     <hidexbmc>false</hidexbmc>
   </player>
   <player name="video stats" type="ExternalPlayer" audio="false" video="true">
	<filename>C:\Windows\System32\cmd.exe</filename>
     <args>/c start /B bash rip-stats "{0}"</args>
     <hidexbmc>false</hidexbmc>
   </player>
   <player name="record" type="ExternalPlayer" audio="false" video="true">
	<filename>C:\Windows\System32\cmd.exe</filename>
     <args>/c start /B bash rip-record "{0}"</args>
     <hidexbmc>false</hidexbmc>
   </player>
   <player name="record 30 mins" type="ExternalPlayer" audio="false" video="true">
	<filename>C:\Windows\System32\cmd.exe</filename>
     <args>/c start /B bash rip-record "{0}" -t 00:30:00</args>
     <hidexbmc>false</hidexbmc>
   </player>
   <player name="record 1 hour" type="ExternalPlayer" audio="false" video="true">
	<filename>C:\Windows\System32\cmd.exe</filename>
     <args>/c start /B bash rip-record "{0}" -t 01:00:00</args>
     <hidexbmc>false</hidexbmc>
   </player>
   <player name="record 2 hours" type="ExternalPlayer" audio="false" video="true">
	<filename>C:\Windows\System32\cmd.exe</filename>
     <args>/c start /B bash rip-record "{0}" -t 02:00:00</args>
     <hidexbmc>false</hidexbmc>
   </player>
   <player name="record 3 hours" type="ExternalPlayer" audio="false" video="true">
	<filename>C:\Windows\System32\cmd.exe</filename>
     <args>/c start /B bash rip-record "{0}" -t 03:00:00</args>
     <hidexbmc>false</hidexbmc>
   </player>
   <player name="stream" type="ExternalPlayer" audio="false" video="true">
	<filename>C:\Windows\System32\cmd.exe</filename>
     <args>/c start /B bash rip-stream "{0}"</args>
     <hidexbmc>false</hidexbmc>
   </player>
   <player name="stream 2 hours" type="ExternalPlayer" audio="false" video="true">
	<filename>C:\Windows\System32\cmd.exe</filename>
     <args>/c start /B bash rip-stream "{0}" -t 02:00:00</args>
     <hidexbmc>false</hidexbmc>
   </player>
   <player name="stream 3 hours" type="ExternalPlayer" audio="false" video="true">
	<filename>C:\Windows\System32\cmd.exe</filename>
     <args>/c start /B bash rip-stream "{0}" -t 03:00:00</args>
     <hidexbmc>false</hidexbmc>
   </player>
   <player name="ssh record" type="ExternalPlayer" audio="false" video="true">
	<filename>C:\Windows\System32\cmd.exe</filename>
     <args>/c start /B bash rip-ssh "{0}"</args>
     <hidexbmc>false</hidexbmc>
   </player>
   <player name="ssh record 30 mins" type="ExternalPlayer" audio="false" video="true">
	<filename>C:\Windows\System32\cmd.exe</filename>
     <args>/c start /B bash rip-ssh "{0}" -t 00:30:00</args>
     <hidexbmc>false</hidexbmc>
   </player>
   <player name="stream 1 hour" type="ExternalPlayer" audio="false" video="true">
	<filename>C:\Windows\System32\cmd.exe</filename>
     <args>/c start /B bash rip-ssh "{0}" -t 01:00:00</args>
     <hidexbmc>false</hidexbmc>
   </player>
<player name="ssh record 2 hours" type="ExternalPlayer" audio="false" video="true">
	<filename>C:\Windows\System32\cmd.exe</filename>
     <args>/c start /B bash rip-ssh "{0}" -t 02:00:00</args>
     <hidexbmc>false</hidexbmc>
   </player>
<player name="ssh record 3 hours" type="ExternalPlayer" audio="false" video="true">
	<filename>C:\Windows\System32\cmd.exe</filename>
     <args>/c start /B bash rip-ssh "{0}" -t 03:00:00</args>
     <hidexbmc>false</hidexbmc>
   </player>
    <player name="save audio url" type="ExternalPlayer" audio="true" video="false">
         <filename>C:\Windows\System32\cmd.exe</filename>
         <args>/c bash rip-url-audio "{0}"</args>
    <hidexbmc>false</hidexbmc>
    </player>
 </players>
 <rules action="overwrite">
   <rule protocols="nfs|smb" player="dvdplayer"></rule>

   <!-- change the default player below -->

   <!-- uncomment to make mpv the default player
   <rule video="true" player="mpv"></rule>
    -->

   <!-- uncomment to make play the default player
   <rule video="true" player="play"></rule>
    -->

   <!-- uncomment to make vlc the default player
   <rule video="true" player="vlc"></rule>
    -->

   <!-- uncomment to make record the default player
   <rule video="true" player="record"></rule>
    -->

   <!-- uncomment to make ssh record the default player
   <rule video="true" player="ssh record"></rule>
    -->

   <!-- uncomment to make external player the default player
   <rule video="true" player="external player"></rule>
    -->

   <!-- uncomment to make stream the default player
   <rule video="true" player="stream"></rule>
    -->

 </rules>
</playercorefactory>
