<playercorefactory>
    <players>
        <!-- http://kodi.wiki/view/HOW-TO:Use_external_players_on_Android  -->
        <!-- http://kodi.wiki/view/External_players  -->

        <player name="Record" type="ExternalPlayer" audio="false" video="true">
           <filename>c:\utils\ffmpeg.exe</filename>
           <args>-i "{1}" /fullscreen /close -y -c copy -t 4:00:00 c:\pvr_ffmpeg.ts</args>
           <hidexbmc>true</hidexbmc>
           <hideconsole>true</hideconsole> 
           <warpcursor>none</warpcursor>
           <playonestackitem>true</playonestackitem>
        </player>

        <player name="Play with ffmpeg" type="ExternalPlayer" audio="false" video="true">
            <filename>C:\utils\ffmpeg.exe</filename>
            <args>"{1}" /fullscreen /close</args>
            <hidexbmc>true</hidexbmc>
            <hideconsole>true</hideconsole>
            <warpcursor>none</warpcursor>
        </player>

        <!-- Windows VLC x64 -->
        <player name="VLC x64" type="ExternalPlayer" audio="false" video="true">
            <filename>C:\Program Files (x86)\Videolan\VLC\VLC.exe</filename>
            <args>--play-and-exit --video-on-top --fullscreen "{1}"</args>
            <hidexbmc>false</hidexbmc>
            <hideconsole>false</hideconsole>
            <hidecursor>false</hidecursor>
        </player>
        <!-- Windows VLC -->
        <player name="VLC x86" type="ExternalPlayer" audio="false" video="true">
            <filename>C:\Program Files\Videolan\VLC\VLC.exe</filename>
            <args>--play-and-exit --video-on-top --fullscreen "{1}"</args>
            <hidexbmc>false</hidexbmc>
            <hideconsole>false</hideconsole>
            <hidecursor>false</hidecursor>
        </player>

        <player name="Media Player Classic x64" type="ExternalPlayer" audio="false" video="true">
            <filename>C:\Program Files\MPC-HC64\mpc-hc64.exe</filename>
            <args>"{1}" /fullscreen /close</args>
            <hidexbmc>true</hidexbmc>
            <hideconsole>true</hideconsole>
            <warpcursor>none</warpcursor>
        </player>
        <player name="Media Player Classic x86" type="ExternalPlayer" audio="false" video="true">
            <filename>C:\Program Files\MPC-HC\mpc-hc.exe</filename>
            <args>"{1}" /fullscreen /close</args>
            <hidexbmc>true</hidexbmc>
            <hideconsole>true</hideconsole>
            <warpcursor>none</warpcursor>
        </player>

        <player name="MPC-KLite x64" type="ExternalPlayer" audio="false" video="true">
            <filename>C:\Program Files (x86)\K-Lite Codec Pack\MPC-HC64\mpc-hc64.exe</filename>
            <args>"{1}" /fullscreen /close</args>
            <hidexbmc>true</hidexbmc>
            <hideconsole>true</hideconsole>
            <warpcursor>none</warpcursor>
        </player>
        <player name="MPC-KLite x86" type="ExternalPlayer" audio="false" video="true">
            <filename>C:\Program Files\K-Lite Codec Pack\MPC-HC\mpc-hc.exe</filename>
            <args>"{1}" /fullscreen /close</args>
            <hidexbmc>true</hidexbmc>
            <hideconsole>true</hideconsole>
            <warpcursor>none</warpcursor>
        </player>

 </players>
 
 <rules action="overwrite">
   <rule protocols="nfs|smb" player="dvdplayer"></rule>
   <!-- change the default player below -->
   <!-- uncomment to make play the default player
   <rule video="true" player="play"></rule>
    -->
   <!-- uncomment to make record the default player
   <rule video="true" player="record"></rule>
    -->
   <!-- uncomment to make external player the default player
   <rule video="true" player="external player"></rule>
    -->
   <!-- uncomment to make stream the default player
   <rule video="true" player="stream"></rule>
    -->
 </rules>
</playercorefactory>