<?xml version="1.0" encoding="utf-8"?>
<!-- # Languages disabled -->
<window type="dialog">
    <allowoverlay>no</allowoverlay>
    <defaultcontrol always="true">6000</defaultcontrol>
    <menucontrol>6004</menucontrol>
    <coordinates>
        <system>1</system>
        <posx>0</posx>
        <posy>0</posy>
    </coordinates>
    <controls>
        <!-- # visibility marker for selection box -->
        <control type="label" id="6001">
            <description>visibility marker for selection box</description>
        </control>
        <!-- # Backgrounds -->
        <control type="group">
            <posx>0</posx>
            <posy>0</posy>
            <control type="image">
                <posx>0</posx>
                <posy>0</posy>
                <width>1920</width>
                <height>1080</height>
                <texture>black.png</texture>
            </control>
            <!-- # main Background -->
            <control type="image">
                <description>main mount</description>
                <posx>0</posx>
                <posy>0</posy>
                <width>1920</width>
                <height>1080</height>
                <colordiffuse>$INFO[Window(1100).Property(popup_background_color)]</colordiffuse>
                <texture>white.png</texture>
            </control>
            <!-- # Background clear Black Default -->
            <control type="image">
                <description>background</description>
                <posx>0</posx>
                <posy>0</posy>
                <width>1920</width>
                <height>1080</height>
                <texture>$INFO[Window(1100).Property(image_fade)]</texture>
            </control>
            <control type="image">
                <description>bottom buttons mount</description>
                <posx>15</posx>
                <posy>982</posy>
                <width>1890</width>
                <height>90</height>
                <texture>backgrounds/grey.png</texture>
            </control>
            <control type="image">
                <description>bottom buttons background</description>
                <posx>18</posx>
                <posy>986</posy>
                <width>1884</width>
                <height>84</height>
                <texture>$INFO[Window(1100).Property(image_fade)]</texture>
            </control>
            <!-- exit -->
            <control type="button">
                <texturefocus></texturefocus>
                <texturenofocus></texturenofocus>
                <label></label>
                <description>invisible Epg back</description>
                <posx>0</posx>
                <posy>0</posy>
                <height>1080</height>
                <width>1920</width>
                <onclick>back</onclick>
            </control>
            <control type="image">
                <posx>60</posx>
                <posy>878</posy>
                <width>384</width>
                <height>68</height>
                <aspectratio>keep</aspectratio>
                <texture>headers/headerOnChannel.png</texture>
                <visible>!System.IdleTime(5.5)</visible>
            </control>
            <!-- # Video window preview -->
            <control type="videowindow">
                <description>Main PIP video window</description>
                <posx>30</posx>
                <posy>645</posy>
                <width>510</width>
                <height>315</height>
                <aspectratio align="left">keep</aspectratio>
                <aligny>center</aligny>
            </control>
        </control>
        <!-- # Channels Group -->
        <control type="group">
            <posx>60</posx>
            <posy>420</posy>
            <width>900</width>
            <height>60</height>
            <visible>!Control.IsVisible(6001)</visible>
            <animation type="Visible">
                <effect type="slide" start="675,0" end="0,0" time="500" />
            </animation>
            <animation type="Hidden">
                <effect type="slide" start="0,0" end="675,0" time="500" />
            </animation>
            <control type="image">
                <posx>0</posx>
                <posy>30</posy>
                <width>900</width>
                <height>60</height>
                <!--<texture>backgrounds/tvguide-glasspane.png</texture>-->
                <texture>backgrounds/panel.png</texture>
            </control>
            <control type="image">
                <posx>0</posx>
                <posy>30</posy>
                <width>900</width>
                <height>60</height>
                <!--<texture>backgrounds/tvguide-glasspane.png</texture>-->
                <texture>backgrounds/panel.png</texture>
            </control>
            <control type="image">
                <posx>18</posx>
                <posy>30</posy>
                <width>24</width>
                <height>60</height>
                <texture>buttons/tvguide-channel-updownarrow.png</texture>
            </control>
            <control type="image">
                <posx>60</posx>
                <posy>30</posy>
                <width>840</width>
                <height>57</height>
            </control>
            <control type="button" id="6002">
                <posx>60</posx>
                <posy>30</posy>
                <width>840</width>
                <height>57</height>
                <aligny>center</aligny>
                <textcolor>white</textcolor>
                <label>text</label>
                <texturefocus>buttons/tvg-button-focus.png</texturefocus>
                <texturenofocus>buttons/tvg-button-nofocus.png</texturenofocus>
            </control>
        </control>
        <!-- # Edit Label -->
        <control type="label">
            <posx>75</posx>
            <posy>90</posy>
            <width>780</width>
            <height>60</height>
            <align>left</align>
            <aligny>center</aligny>
            <textcolor>yellow</textcolor>
            <label>[B]Edit channel order and visibility[/B]</label>
        </control>
        <!-- # Help and Tips Label -->
        <control type="label">
            <description>Help and Tips</description>
            <posx>75</posx>
            <posy>210</posy>
            <width>750</width>
            <height>600</height>
            <textcolor>white</textcolor>
            <align>left</align>
            <aligny>top</aligny>
            <wrapmultiline>true</wrapmultiline>
            <label>Move up and down to change the position of[CR]the channel. Select or navigate left to accept[CR]the position.</label>
        </control>
        <!-- # Channels list array -->
        <control type="image">
            <posx>957</posx>
            <posy>57</posy>
            <width>906</width>
            <height>906</height>
            <description>List Border</description>
            <texture>backgrounds/listborder400x360.png</texture>
        </control>
        <control type="list" id="6000">
            <posx>960</posx>
            <posy>60</posy>
            <width>900</width>
            <height>900</height>
            <viewtype label="list">list</viewtype>
            <orientation>vertical</orientation>
            <focusposition>9</focusposition>
            <onright>6100</onright>
            <pagecontrol>6100</pagecontrol>
            <itemlayout width="900" height="60">
                <control type="image">
                    <posx>0</posx>
                    <posy>0</posy>
                    <width>900</width>
                    <height>57</height>
                    <texture>buttons/tvg-button-nofocus.png</texture>
                </control>
                <control type="label">
                    <posx>30</posx>
                    <posy>0</posy>
                    <width>870</width>
                    <height>57</height>
                    <aligny>center</aligny>
                    <textcolor>white</textcolor>
                    <info>ListItem.Label</info>
                </control>
                <control type="image">
                    <posx>540</posx>
                    <posy>0</posy>
                    <width>150</width>
                    <height>57</height>
                    <aspectratio>keep</aspectratio>
                    <info>ListItem.Art(banner)</info>
                </control>
                <control type="image">
                    <posx>840</posx>
                    <posy>0</posy>
                    <width>60</width>
                    <height>60</height>
                    <info>ListItem.Icon</info>
                </control>
            </itemlayout>
            <focusedlayout width="900" height="60">
                <control type="image">
                    <posx>0</posx>
                    <posy>0</posy>
                    <width>900</width>
                    <height>57</height>
                    <texture>buttons/tvg-button-nofocus.png</texture>
                    <visible>!Control.HasFocus(6000)</visible>
                </control>
                <control type="image">
                    <posx>0</posx>
                    <posy>0</posy>
                    <width>900</width>
                    <height>57</height>
                    <texture>buttons/tvg-button-focus.png</texture>
                    <visible>Control.HasFocus(6000)</visible>
                </control>
                <control type="image">
                    <posx>12</posx>
                    <posy>0</posy>
                    <width>18</width>
                    <height>60</height>
                    <texture>buttons/tvguide-channel-leftarrow.png</texture>
                </control>
                <control type="label">
                    <posx>30</posx>
                    <posy>0</posy>
                    <width>870</width>
                    <height>57</height>
                    <aligny>center</aligny>
                    <textcolor>white</textcolor>
                    <label>[B]$INFO[ListItem.Label][/B]</label>
                </control>
                <control type="image">
                    <posx>540</posx>
                    <posy>0</posy>
                    <width>150</width>
                    <height>57</height>
                    <aspectratio>keep</aspectratio>
                    <info>ListItem.Art(banner)</info>
                </control>
                <control type="image">
                    <posx>840</posx>
                    <posy>0</posy>
                    <width>60</width>
                    <height>60</height>
                    <info>ListItem.Icon</info>
                </control>
            </focusedlayout>
        </control>
        <control type="scrollbar" id="6100">
            <description>scroll bar control</description>
            <posx>1863</posx>
            <posy>60</posy>
            <width>52</width>
            <height>900</height>
            <visible>true</visible>
            <pulseonselect>true</pulseonselect>
            <orientation>vertical</orientation>
            <showonepage>false</showonepage>
            <onleft>6000</onleft>
            <onright>6004</onright>
            <texturesliderbackground colordiffuse="$INFO[Window(1100).Property(scrollbarbg_color)]">backgrounds/scrollbar.png</texturesliderbackground>
            <textureslidernib></textureslidernib>
            <textureslidernibfocus></textureslidernibfocus>
            <texturesliderbar colordiffuse="$INFO[Window(1100).Property(scrollbarnf_color)]">backgrounds/scrollbar.png</texturesliderbar>
            <texturesliderbarfocus colordiffuse="$INFO[Window(1100).Property(focus_current_color)]">backgrounds/scrollbar.png</texturesliderbarfocus>
            <animation effect="fade" start="0" end="100" time="200" delay="300">Visible</animation>
            <animation effect="fade" start="100" end="0" time="200">Hidden</animation>
            <!--<visible>Integer.IsGreater(Container(6000).NumItems,12)</visible>-->
        </control>
        <!-- # Cancel -->
        <control type="button" id="6004">
            <posx>450</posx>
            <posy>998</posy>
            <width>255</width>
            <height>60</height>
            <align>center</align>
            <aligny>center</aligny>
            <textcolor>white</textcolor>
            <focusedcolor>black</focusedcolor>
            <label>Cancel</label>
            <texturefocus>buttons/tvg-button-focus.png</texturefocus>
            <texturenofocus>buttons/tvg-button-nofocus.png</texturenofocus>
            <onleft>6006</onleft>
            <onright>6003</onright>
            <onup>6000</onup>
        </control>
        <!-- # Save -->
        <control type="button" id="6003">
            <posx>750</posx>
            <posy>998</posy>
            <width>255</width>
            <height>60</height>
            <align>center</align>
            <aligny>center</aligny>
            <textcolor>white</textcolor>
            <focusedcolor>black</focusedcolor>
            <label>Save</label>
            <texturefocus>buttons/tvg-button-focus.png</texturefocus>
            <texturenofocus>buttons/tvg-button-nofocus.png</texturenofocus>
            <onleft>6004</onleft>
            <onright>6005</onright>
            <onup>6000</onup>
        </control>
        <!-- # Chan Logo -->
        <control type="button" id="6005">
            <posx>1050</posx>
            <posy>998</posy>
            <width>255</width>
            <height>60</height>
            <align>center</align>
            <aligny>center</aligny>
            <textcolor>white</textcolor>
            <focusedcolor>black</focusedcolor>
            <label>Chan Logo</label>
            <texturefocus>buttons/tvg-button-focus.png</texturefocus>
            <texturenofocus>buttons/tvg-button-nofocus.png</texturenofocus>
            <onleft>6003</onleft>
            <onright>6006</onright>
            <onup>6000</onup>
        </control>
        <!-- # All Logos -->
        <control type="button" id="6006">
            <posx>1350</posx>
            <posy>998</posy>
            <width>255</width>
            <height>60</height>
            <align>center</align>
            <aligny>center</aligny>
            <textcolor>white</textcolor>
            <focusedcolor>black</focusedcolor>
            <label>All Logos</label>
            <texturefocus>buttons/tvg-button-focus.png</texturefocus>
            <texturenofocus>buttons/tvg-button-nofocus.png</texturenofocus>
            <onleft>6005</onleft>
            <onright>6004</onright>
            <onup>6000</onup>
        </control>
    </controls>
</window>
