﻿<?xml version="1.0" encoding="UTF-8" standalone="yes"?>
<addon id="repository.gaia.1" version="0.0.0" name="Gaia Repository 1" provider-name="Gaia">
	<extension point="xbmc.addon.repository" name="Gaia Repository 1">
		<dir>
			<info compressed="false">https://github.com/gaiaorigin/gaiaorigin/raw/master/common/addons.xml?v=0.0.0</info>
			<checksum>https://github.com/gaiaorigin/gaiaorigin/raw/master/common/addons.xml.md5?v=0.0.0</checksum>
			<datadir zip="true">https://github.com/gaiaorigin/gaiaorigin/raw/master/common/</datadir>
		</dir>
		<info compressed="false">https://github.com/gaiaorigin/gaiaorigin/raw/master/addons.xml?v=0.0.0</info>
		<checksum>https://github.com/gaiaorigin/gaiaorigin/raw/master/addons.xml.md5?v=0.0.0</checksum>
		<datadir zip="true">https://github.com/gaiaorigin/gaiaorigin/raw/master/</datadir>
	</extension>
	<extension point="xbmc.addon.metadata">
		<summary lang="en">Gaia Primary Repository</summary>
		<description lang="en">The Gaia repository for the addon, resources, extensions, and external addons. Any of the Gaia mirror repositories can be used for installation and updates.</description>
		<disclaimer lang="en">Gaia and its developers are not in any way affiliated with Kodi, Premiumize, OffCloud, RealDebrid, EasyNews, or any of the sites and providers used in the addon.<br/>Gaia is and always will be free and open-source. None of its code and resources may be sold or redistributed for any commercial purposes.<br/>Gaia and its developers do not host, create, or distribute any of the content displayed in the addon, it simply searches public websites.</disclaimer>
		<platform>all</platform>
		<license>GPL 3.0</license>
		<website>https://gaiakodi.com</website>
		<forum>https://gaiakodi.com/?support</forum>
	</extension>
</addon>
