<?xml version="1.0" encoding="UTF-8" standalone="yes"?>
<addon id="repository.uktvnow" name="UKTV Now Add-on Repository" version="1.0.0" provider-name="UKTV Now">
	<extension point="xbmc.addon.repository" name="MetalKettle Add-on Repository">
		<info compressed="false">http://raw.github.com/uktvnow/repo1/master/addons.xml</info>
		<checksum>http://raw.github.com/uktvnow/repo1/master/addons.xml.md5</checksum>
		<datadir zip="true">http://raw.github.com/uktvnow/repo1/master/zips</datadir>
	</extension>
	<extension point="xbmc.addon.metadata">
		<summary lang="en">UKTV Now Live Streaming</summary>
		<description lang="en">Download and install the UKTV Now Kodi Add-on</description>
		<platform>all</platform>
	</extension>
</addon>

