<?xml version="1.0" encoding="UTF-8" standalone="yes"?>
<addon id="repository.Dixie-Deans-XBMC-Repo"
	name="On-Tapp-Networks Add-ons"
	version="0.0.0"
	provider-name="On-Tapp-Networks">
	<extension point="xbmc.addon.repository"
		name="On-Tapp-Networks Add-ons">
		<info compressed="false">https://raw.github.com/DixieDean/Dixie-Deans-XBMC-Repo/master/addons.xml</info>
		<checksum>https://raw.github.com/DixieDean/Dixie-Deans-XBMC-Repo/master/addons.xml.md5</checksum>
		<datadir zip="true">https://raw.github.com/DixieDean/Dixie-Deans-XBMC-Repo/master/zips</datadir>
	</extension>
	<extension point="xbmc.addon.metadata">
		<summary>Install Our Addons</summary>
		<description>Download and install addons from On-Tapp-Networks... For updates and information visit www.on-tapp-networks.com/forum</description>
		<platform>all</platform>
	</extension>
</addon>
