<?xml version="1.0" encoding="UTF-8"?>
<window>
	<defaultcontrol always="true">50</defaultcontrol>
	<backgroundcolor>background</backgroundcolor>
	<views>50,51,52,53,54,55,500,501,502</views>
	<menucontrol>9000</menucontrol>
	<controls>
		<include>DefaultBackground</include>
		<control type="group">
			<animation effect="fade" start="100" end="0" time="200" tween="sine" condition="Window.IsActive(musicinformation) | Window.IsActive(songinformation) | Window.IsActive(movieinformation) | Window.IsActive(addoninformation) | Window.IsActive(pvrguideinfo) | Window.IsActive(pvrrecordinginfo) | Window.IsActive(pictureinfo) | Window.IsVisible(script-ExtendedInfo Script-DialogVideoInfo.xml) | Window.IsVisible(script-ExtendedInfo Script-DialogInfo.xml) | Window.IsVisible(script-ExtendedInfo Script-VideoList.xml)">Conditional</animation>
            <include>CommonScrollbars</include>			
            <include>View_50_List</include>
			<include>View_51_Poster</include>
			<include>View_52_IconWall</include>
			<include>View_53_Shift</include>
			<include>View_54_InfoWall</include>
			<include>View_55_WideList</include>
			<include>View_500_SmallThumb</include>
			<include>View_501_Banner</include>
			<include>View_502_FanArt</include>
			<control type="group">
				<animation effect="fade" start="0" end="100" time="300" delay="300">WindowOpen</animation>
				<animation effect="fade" start="100" end="0" time="200">WindowClose</animation>
				<include>MediaFlags</include>
			</control>
			<control type="group">
				<include>OpenClose_Left</include>
				<visible>Control.IsVisible(55)</visible>
				<visible>Container.Content(artists) | Container.Content(albums) | Container.Content(addons) | Container.Content(files) | Container.Content(mixed) | Container.Content(musicvideos) | Container.Content(videos)</visible>
				<include>Visible_Left</include>
				<include>ListThumbInfoPanel</include>
			</control>
			<control type="group">
				<include>OpenClose_Right</include>
				<visible>[Control.IsVisible(50) | Control.Isvisible(54)]</visible>
                <visible>!ListItem.IsParentFolder</visible>
				<include>Visible_Right</include>
				<visible>Container.Content(sets) | Container.Content(movies) | Container.Content(tvshows) | Container.Content(seasons) | Container.Content(episodes) | Container.Content(musicvideos)</visible>
				<control type="image">
					<right>90</right>
					<top>162</top>
					<width>509</width>
					<height>746</height>
					<texture border="22">dialogs/dialog-bg.png</texture>
				</control>
				<control type="label">
					<right>130</right>
					<top>194</top>
					<width>429</width>
					<height>338</height>
					<font>font13_title</font>
					<label>$INFO[ListItem.Label]</label>
					<visible>Control.IsVisible(54) | ListItem.IsCollection</visible>
				</control>
				<control type="textbox">
					<right>130</right>
					<top>245</top>
					<width>429</width>
					<height>338</height>
					<font>font12</font>
					<visible>Control.IsVisible(54)</visible>
					<label>$INFO[ListItem.Plot]</label>
				</control>
				<control type="textbox">
					<right>130</right>
					<top>194</top>
					<width>429</width>
					<height>398</height>
					<font>font12</font>
					<visible>!Control.IsVisible(54)</visible>
					<label>$INFO[ListItem.Tagline,[B],[/B][CR]]$INFO[ListItem.Plot]</label>
				</control>
				<control type="textbox">
					<right>130</right>
					<top>360</top>
					<width>429</width>
					<height>413</height>
					<align>center</align>
					<font>font24_title</font>
					<label>$LOCALIZE[19055]</label>
					<visible>IsEmpty(Listitem.Plot) + IsEmpty(Listitem.Tagline) + !ListItem.IsCollection + !StringCompare(ListItem.Label,..)</visible>
				</control>
				<control type="group">
					<left>1350</left>
					<top>244</top>
					<visible>ListItem.IsCollection</visible>
					<include name="InfoList">
						<param name="height" value="322" />
						<param name="width" value="429" />
						<param name="sortby" value="year" />
						<param name="sortorder" value="descending" />
						<param name="font" value="font12" />
					</include>
				</control>
				<control type="image">
					<right>113</right>
					<top>614</top>
					<width>463</width>
					<height>270</height>
					<aspectratio aligny="top">scale</aspectratio>
					<fadetime>300</fadetime>
					<texture background="true" fallback="DefaultFolder.png">$VAR[ListInfoBoxImageVar]</texture>
				</control>
				<control type="group">
					<visible>!ListItem.IsCollection</visible>
					<control type="image">
						<right>113</right>
						<top>838</top>
						<width>463</width>
						<height>46</height>
						<texture colordiffuse="B0FFFFFF">colors/black.png</texture>
					</control>
					<control type="grouplist">
						<top>845</top>
						<right>150</right>
						<orientation>horizontal</orientation>
						<width>360</width>
						<align>center</align>
						<include name="InfoFlag">
							<param name="visible" value="!IsEmpty(ListItem.duration)" />
							<param name="icon" value="frame/clock.png" />
							<param name="label" value="$INFO[ListItem.Duration,, $LOCALIZE[31132]]" />
						</include>
						<include name="InfoFlag">
							<param name="visible" value="!IsEmpty(ListItem.Property(TotalEpisodes))" />
							<param name="icon" value="lists/played-total.png" />
							<param name="label" value="$INFO[ListItem.Property(WatchedEpisodes)]$INFO[ListItem.Property(TotalEpisodes), / ,]" />
						</include>
						<include name="InfoFlag">
							<param name="visible" value="!IsEmpty(ListItem.Year) + IsEmpty(ListItem.Premiered)" />
							<param name="icon" value="lists/year.png" />
							<param name="label" value="$INFO[ListItem.Year]" />
						</include>
						<include name="InfoFlag">
							<param name="visible" value="!IsEmpty(ListItem.Premiered) + IsEmpty(ListItem.Property(TotalEpisodes))" />
							<param name="icon" value="lists/year.png" />
							<param name="label" value="$INFO[ListItem.Premiered]" />
						</include>
					</control>
				</control>
			</control>
			<control type="group">
				<top>180</top>
				<left>106</left>
				<visible>Container.Content(movies) | Container.Content(tvshows) | Container.Content(seasons) | Container.Content(episodes) | Container.Content(sets) | Container.Content(actors) | Container.Content(directors)</visible>
				<visible>Control.IsVisible(50) | Control.IsVisible(51) | Control.IsVisible(55)</visible>
				<include>OpenClose_Left</include>
				<include>Visible_Left</include>
				<control type="image">
					<top>-16</top>
					<left>-16</left>
					<width>506</width>
					<height>741</height>
					<texture>colors/black.png</texture>
					<bordertexture border="20">overlays/shadow.png</bordertexture>
					<bordersize>20</bordersize>
				</control>
				<control type="image">
					<left>4</left>
					<top>4</top>
					<width>466</width>
					<height>701</height>
					<fadetime>200</fadetime>
					<aspectratio>scale</aspectratio>
					<texture fallback="DefaultVideo.png" background="true">$VAR[PosterVar]</texture>
				</control>
				<control type="image">
					<left>1</left>
					<top>1</top>
					<width>472</width>
					<height>706</height>
					<texture background="true" border="8" colordiffuse="button_focus">buttons/thumbnail_focused.png</texture>
					<animation effect="fade" time="200">VisibleChange</animation>
					<visible>Control.HasFocus(51)</visible>
				</control>
				<control type="group">
					<left>415</left>
					<top>10</top>
					<include name="UserRatingCircle">
						<param name="animation" value="True" />
					</include>
					<visible>Control.IsVisible(51) | Control.IsVisible(50) | Control.IsVisible(55)</visible>
					<animation effect="fade" start="0" end="100" time="200" delay="200">Visible</animation>
					<animation effect="fade" start="100" end="0" time="200">Hidden</animation>
				</control>
			</control>
			<include>MediaMenuMouseOverlay</include>
			<control type="group">
				<include>MediaMenuCommon</include>
				<control type="grouplist" id="9000">
					<top>90</top>
					<include>MediaMenuListCommon</include>
					<control type="button" id="10">
						<description>Watched Toggle</description>
						<include>MediaMenuItemsCommon</include>
						<label>$LOCALIZE[20367]</label>
						<label2>[B]$INFO[Container.NumItems][/B]</label2>
						<visible>Container.Content(movies) | Container.Content(sets) | Container.Content(tvshows) | Container.content(seasons) | Container.Content(episodes)</visible>
					</control>
					<control type="label" id="203">
						<include>MediaMenuLabelCommon</include>
						<label>$LOCALIZE[31020]</label>
					</control>
					<control type="radiobutton" id="16">
						<description>PartyMode</description>
						<label>$LOCALIZE[589]</label>
						<include>MediaMenuItemsCommon</include>
						<visible>Container.Content(MusicVideos)</visible>
					</control>
					<control type="radiobutton" id="11">
						<description>Unlock Shares</description>
						<include>MediaMenuItemsCommon</include>
						<label>$LOCALIZE[20336]</label>
						<onclick>xbmc.mastermode</onclick>
						<selected>system.ismaster</selected>
						<visible>system.haslocks</visible>
					</control>
					<control type="togglebutton" id="619">
						<description>Update library</description>
						<include>MediaMenuItemsCommon</include>
						<label>$LOCALIZE[653]</label>
						<onclick>UpdateLibrary(video)</onclick>
						<altlabel>$LOCALIZE[13353]</altlabel>
						<usealttexture>library.isscanningvideo</usealttexture>
					</control>
					<control type="button" id="612">
						<description>Go to playlist</description>
						<include>MediaMenuItemsCommon</include>
						<label>$LOCALIZE[31056]</label>
						<onclick>ActivateWindow(videoplaylist)</onclick>
						<visible>IntegerGreaterThan(Playlist.Length(video),0)</visible>
					</control>
					<control type="button" id="621">
						<description>Get more</description>
						<include>MediaMenuItemsCommon</include>
						<label>$LOCALIZE[21452]</label>
					    <onclick>ActivateWindow(addonbrowser,addons://sources/video/,return)</onclick>
						<visible>Container.Content(addons)</visible>
					</control>
					<control type="button" id="622">
						<include>MediaMenuItemsCommon</include>
						<label>$LOCALIZE[31117]</label>
						<onclick condition="System.HasAddon(plugin.library.node.editor)">ActivateWindow(programs,plugin://plugin.library.node.editor/?ltype=video,return)</onclick>
						<!-- <onclick condition="!System.HasAddon(plugin.library.node.editor)">InstallAddon(plugin.library.node.editor)</onclick> -->
						<visible>Container.Content() + IsEmpty(Container.PluginName)</visible>
					</control>
					<control type="button" id="623">
						<include>MediaMenuItemsCommon</include>
						<label>$LOCALIZE[31009]</label>
						<!-- <onclick>InstallAddon(resource.images.studios.white)</onclick> -->
						<visible>Container.Content(studios) + !System.HasAddon(resource.images.studios.white)</visible>
					</control>
					<control type="button" id="624">
						<include>MediaMenuItemsCommon</include>
						<label>$LOCALIZE[10140]</label>
						<onclick>Addon.OpenSettings($INFO[Container.PluginName])</onclick>
						<visible>!IsEmpty(Container.PluginName)</visible>
					</control>
					<include>MediaMenuNowPlaying</include>
				</control>
			</control>
			<include name="TopBar">
				<param name="breadcrumbs_label" value="$VAR[BreadcrumbsVideoVar]" />
				<param name="breadcrumbs_icon" value="icons/settings/video.png" />
			</include>
			<include name="BottomBar">
				<param name="info_visible" value="true" />
			</include>
		</control>
		
		
		
		
		
<!-- Custom -->
            <control type="grouplist" id="201">
                <top>70</top>
                <right>50</right>
                <top>993</top>
                <right>200</right>
                <width>1920</width>
                <height>100</height>
                <height>125</height>
                <align>right</align>
                <itemgap>-20</itemgap>
                <scrolltime tween="sine">200</scrolltime>
                <orientation>horizontal</orientation>
                <ondown condition="Player.SeekEnabled">87</ondown>
                <onup>noop</onup>
                <onleft>70043</onleft>
                <onright>70011</onright>
                <control type="radiobutton" id="603">
                    <include content="OSDButton">
                        <param name="texture" value="osd/fullscreen/buttons/stop.png" />
                    </include>
                    <onclick>PlayerControl(Stop)</onclick>
                    <visible>Player.hasMedia</visible>
                </control>
                <control type="radiobutton" id="602">
                    <textureradioonfocus colordiffuse="$VAR[SkinColorVar]">osd/fullscreen/buttons/play.png</textureradioonfocus>
                    <textureradioonnofocus>osd/fullscreen/buttons/play.png</textureradioonnofocus>
                    <textureradioofffocus colordiffuse="$VAR[SkinColorVar]">osd/fullscreen/buttons/pause.png</textureradioofffocus>
                    <textureradiooffnofocus>osd/fullscreen/buttons/pause.png</textureradiooffnofocus>
                    <texturefocus></texturefocus>
                    <width>125</width>
                    <animation center="62,62" effect="zoom" end="100" reversible="false" start="95" time="200" tween="sine">Focus</animation>
                    <height>123</height>
                    <radiowidth>74</radiowidth>
                    <radioheight>74</radioheight>
                    <font></font>
                    <texturenofocus></texturenofocus>
                    <selected>Player.Paused</selected>
                    <onclick>PlayerControl(Play)</onclick>
                    <visible>Player.PauseEnabled</visible>
                </control>
            </control>


            <control type="radiobutton" id="14200">
                <top>993</top>
                <right>250</right>
                <width>280</width>
                <height>95</height>
                <align>right</align>
                <aligny>center</aligny>
                <onclick>FullScreen</onclick>
                <label>$LOCALIZE[244]</label>
                <ondown>900</ondown>
                <onup>700</onup>
                <onleft>142000</onleft>
                <onright>142000</onright>
                <radioposx>40</radioposx>
                <textoffsetx>40</textoffsetx>
                <radioposy>0</radioposy>
                <radiowidth>34</radiowidth>
                <radioheight>34</radioheight>
                <texturefocus border="40" colordiffuse="$VAR[SkinColorVar]">buttons/dialogbutton-fo.png</texturefocus>
                <texturenofocus border="40">buttons/dialogbutton-nofo.png</texturenofocus>
                <textureradioonfocus>icons/now-playing/fullscreen.png</textureradioonfocus>
                <textureradioonnofocus>icons/now-playing/fullscreen.png</textureradioonnofocus>
                <textureradioofffocus>icons/now-playing/fullscreen.png</textureradioofffocus>
                <textureradiooffnofocus>icons/now-playing/fullscreen.png</textureradiooffnofocus>
                <selected>!Player.Paused</selected>
                <animation effect="fade" start="0" end="300" time="400">WindowOpen</animation>
                <animation effect="fade" start="100" end="0" time="300">WindowClose</animation>
                <visible>Player.hasMedia</visible>
            </control>

            <!--
1 	Name
2 	Date
3 	Size
4 	File
5 	Path
6 	DriveType
7 	Title
8 	TrackNumber
9 	Time
10 	Artist
11 	Album
12 	AlbumType
13 	Genre
14 	Country
15 	Year
16 	Rating
17 	Votes
18 	Top250
19 	ProgramCount
20 	PlaylistOrder
21 	EpisodeNumber
22 	Season
23 	NumberOfEpisodes
24 	NumberOfWatchedEpisodes
25 	TvShowStatus
26 	TvShowTitle
27 	SortTitle
28 	ProductionCode
29 	MPAA
30 	VideoResolution
31 	VideoCodec
32 	VideoAspectRatio
33 	AudioChannels
34 	AudioCodec
35 	AudioLanguage
36 	SubtitleLanguage
37 	Studio
38 	DateAdded
39 	LastPlayed
40 	Playcount
41 	Listeners
42 	Bitrate
43 	Random
44 	Channel
45 	ChannelNumber
46 	DateTaken 
-->

            <control type="button" id="1">
                <description>Name</description>
                <top>1020</top>
                <left>275</left>
                <width>50</width>
                <height>50</height>
                <texturefocus>special://skin/png/title.png</texturefocus>
                <texturenofocus>special://skin/png/title.png</texturenofocus>
                <onclick>Container.SetSortMethod(1)</onclick>
                <onclick>Dialog.Close(3003)</onclick>
                <!--<visible>!Container.Content(Albums) + ![Window.IsActive(VideoLibrary) + Container.Content(Movies)] + !IsEmpty(Container.FolderPath)</visible>-->
            </control>

            <control type="button">
                <description>Toggle sort by Date for files</description>
                <top>1020</top>
                <left>350</left>
                <width>50</width>
                <height>50</height>
                <texturefocus>special://skin/png/recent.png</texturefocus>
                <texturenofocus>special://skin/png/recent.png</texturenofocus>
                <onclick>Container.SetSortMethod(2)</onclick>
                <!--<visible>!VideoPlayer.Content(movies)</visible>-->
            </control>
            <!-- above is all views except movie and tv library -->

            <!--
			<control type="button" id="17">
				<description>Title</description>
            <top>1020</top>
            <left>275</left>                   
            <width>50</width>
            <height>50</height>
            <texturefocus>special://skin/png/title.png</texturefocus>
            <texturenofocus>special://skin/png/title.png</texturenofocus>
				<onclick>Container.SetSortMethod(5)</onclick>
				<onclick>Dialog.Close(3003)</onclick>
				<visible>Window.IsActive(VideoLibrary) + Container.Content(Movies)</visible>
			</control>			
			-->
            <!--
			<control type="button" id="9">
				<description>File</description>
            <top>1020</top>
            <left>275</left>                   
            <width>50</width>
            <height>50</height>
            <texturefocus>special://skin/png/title.png</texturefocus>
            <texturenofocus>special://skin/png/title.png</texturenofocus>
				<onclick>Container.SetSortMethod(5)</onclick>
				<onclick>Dialog.Close(3003)</onclick>
				<visible>[Window.IsActive(Pictures) | Window.IsActive(Programs) | Window.IsActive(MusicFiles) | Window.IsActive(VideoFiles) | Window.IsActive(Scripts)] + !IsEmpty(Container.FolderPath)</visible>
			</control>			
			-->

            <control type="button">
                <description>Home</description>
                <top>1020</top>
                <left>425</left>
                <width>50</width>
                <height>50</height>
                <texturefocus>special://skin/png/back.png</texturefocus>
                <texturenofocus>special://skin/png/back.png</texturenofocus>
                <onclick>ActivateWindow(Home)</onclick>
            </control>

<!-- Custom end -->
		
		
		
		
		
		
	</controls>
</window>
