<?xml version="1.0" encoding="utf-8"?>
<window type="dialog">
    <allowoverlay>no</allowoverlay>
    <defaultcontrol always="false">7003</defaultcontrol>
    <coordinates>
        <!--<system>1</system>-->
        <posx>0</posx>
        <posy>0</posy>
    </coordinates>
    <controls>
        <!-- # invisible osd exit -->
        <control type="button">
            <texturefocus></texturefocus>
            <texturenofocus></texturenofocus>
            <description>invisible exit</description>
            <posx>0</posx>
            <!--<posx>180</posx>-->
            <posy>0</posy>
            <width>1920</width>
            <height>1028</height>
            <onclick>back</onclick>
        </control>
        <!-- # Category align bottom  -->
        <control type="group">
            <description>Main Texture Backgrounds</description>
            <posx>0</posx>
            <!--<posx>180</posx>-->
            <posy>1028</posy>
            <!-- dark layer -->
            <control type="image">
                <description>dark layer</description>
                <posx>0</posx>
                <posy>0</posy>
                <width>1920</width>
                <height>52</height>
                <texture>black.png</texture>
            </control>
            <!-- Cat Background colour from settings -->
            <control type="image" id="7000">
                <posx>1</posx>
                <posy>1</posy>
                <width>1917</width>
                <height>50</height>
                <colordiffuse>blue</colordiffuse>
                <texture>$INFO[Window(home).Property(image_fadewhite)]</texture>
                <!--<texture>white.png</texture>-->
            </control>
            <!-- extra dark layer -->
            <control type="image">
                <description>extra dark layer</description>
                <posx>0</posx>
                <posy>0</posy>
                <width>1920</width>
                <height>52</height>
                <texture>$INFO[Window(home).Property(image_fadebg)]</texture>
            </control>
            <!-- # quit -->
            <control type="button" id="7003">
                <label></label>
                <description>quit</description>
                <posx>0</posx>
                <posy>12</posy>
                <width>27</width>
                <height>27</height>
                <aligny>center</aligny>
                <align>center</align>
                <textcolor>grey</textcolor>
                <focusedcolor>black</focusedcolor>
                <texturefocus>buttons/left.png</texturefocus>
                <texturenofocus>buttons/left.png</texturenofocus>
            </control>
            <!-- Search program category -->
            <control type="button" id="7005">
                <description>program category</description>
                <posx>-195</posx>
                <posy>3</posy>
                <width>150</width>
                <height>42</height>
                <label>Category</label>
                <font>font13</font>
                <aligny>center</aligny>
                <align>center</align>
                <textcolor>grey</textcolor>
                <focusedcolor>black</focusedcolor>
                <texturefocus>buttons/tvg-button-focus.png</texturefocus>
                <texturenofocus>buttons/tvg-button-nofocus.png</texturenofocus>
                <onright>7004</onright>
                <onup>7004</onup>
                <ondown>7004</ondown>
            </control>
            <!-- MAIN  -->
            <control type="list" id="7004">
                <left>32</left>
                <posy>0</posy>
                <width>1920</width>
                <height>60</height>
                <orientation>horizontal</orientation>
                <onright>SetFocus($INFO[Container(7004).ListItem.Property(menu_id)])</onright>
                <scrolltime tween="cubic" easing="out">500</scrolltime>
                <onleft>7004</onleft>
                <onright>7004</onright>
                <focusedlayout height="57" width="213">
                    <control type="image">
                        <left>3</left>
                        <right>3</right>
                        <bottom>0</bottom>
                        <texture colordiffuse="$INFO[Window(home).Property(color_focus)]">backgrounds/panel-focus.png</texture>
                    </control>
                    <control type="image">
                        <left>3</left>
                        <right>3</right>
                        <bottom>0</bottom>
                        <texture colordiffuse="$INFO[Window(home).Property(color_focus_current)]">backgrounds/panel-focus.png</texture>
                        <animation effect="fade" start="100" end="0" time="0" condition="!Control.HasFocus(7004)">Conditional</animation>
                    </control>
                    <control type="image">
                        <left>0</left>
                        <width>50</width>
                        <bottom>0</bottom>
                        <texture colordiffuse="51FFFFFF">black.png</texture>
                        <animation effect="fade" start="100" end="0" time="0" condition="!Control.HasFocus(7004)">Conditional</animation>
                    </control>
                    <control type="image">
                        <left>0</left>
                        <top>0</top>
                        <width>50</width>
                        <bottom>0</bottom>
                        <!--<texture colordiffuse="FFFFFFFF">$INFO[ListItem.Art(thumb)]</texture>-->
                        <texture fallback="flags/categories/Default.png" colordiffuse="FFFFFFFF">$INFO[ListItem.Label,flags/categories/,.png]</texture>
                    </control>
                    <control type="label">
                        <left>58</left>
                        <bottom>0</bottom>
                        <right>10</right>
                        <aligny>center</aligny>
                        <font>font10</font>
                        <label>$INFO[ListItem.Label]</label>
                        <shadowcolor>black</shadowcolor>
                    </control>
                </focusedlayout>
                <itemlayout height="57" width="213">
                    <control type="image">
                        <left>0</left>
                        <top>0</top>
                        <width>50</width>
                        <bottom>0</bottom>
                        <!--<texture colordiffuse="FFFFFFFF">$INFO[ListItem.Art(thumb)]</texture>-->
                        <texture fallback="flags/categories/Default.png" colordiffuse="FFFFFFFF">$INFO[ListItem.Label,flags/categories/,.png]</texture>
                    </control>
                    <control type="label">
                        <left>58</left>
                        <bottom>0</bottom>
                        <right>10</right>
                        <aligny>center</aligny>
                        <font>font10</font>
                        <label>$INFO[ListItem.Label]</label>
                        <shadowcolor>black</shadowcolor>
                    </control>
                </itemlayout>
            </control>
        </control>
    </controls>
</window>
