<?xml version="1.0" encoding="UTF-8" standalone="yes"?>
<addon id="repository.primaeval"
        name="primaeval's beta dev repository"
        version="0.0.0"
        provider-name="primaeval">
    <requires>
        <import addon="xbmc.addon" version="16.0.0"/>
    </requires>
    <extension point="xbmc.addon.repository"
        name="primaeval's beta dev repository">
        <dir minversion="16.0.0">
            <info compressed="false">https://github.com/primaeval/repository.primaeval/raw/master/jarvis/addons.xml</info>
            <checksum>https://github.com/primaeval/repository.primaeval/raw/master/jarvis/addons.xml.md5</checksum>
            <datadir zip="true">https://raw.github.com/primaeval/repository.primaeval/master/jarvis/</datadir>
        </dir>
        <dir minversion="17.0.0">
            <info compressed="false">https://github.com/primaeval/repository.primaeval/raw/master/krypton/addons.xml</info>
            <checksum>https://github.com/primaeval/repository.primaeval/raw/master/krypton/addons.xml.md5</checksum>
            <datadir zip="true">https://raw.github.com/primaeval/repository.primaeval/master/krypton/</datadir>
        </dir>
    </extension>
    <extension point="xbmc.addon.metadata">
        <platform>all</platform>
    </extension>
</addon>
