<?xml version="1.0" encoding="utf-8"?>
<window type="dialog" id="1109">
	<visible>Window.IsActive(fullscreenvideo) | Window.IsActive(visualisation)</visible>
	<visible>Window.IsActive(seekbar) | Window.IsActive(pvrosdchannels) | Window.IsActive(pvrchannelguide)</visible>
	<depth>DepthOSD</depth>
	<include>Animation_TopSlide</include>
	<zorder>0</zorder>
	<controls>
		<control type="group">
			<animation effect="slide" end="0,-90" time="300" tween="sine" easing="inout" condition="$EXP[infodialog_active]">conditional</animation>
			<depth>DepthBars</depth>
			<control type="image">
				<left>0</left>
				<top>0</top>
				<width>100%</width>
				<height>170</height>
				<texture>frame/osdfade.png</texture>
			</control>
			<control type="image">
				<left>15</left>
				<top>10</top>
				<width>300</width>
				<height>140</height>
				<texture>$VAR[PlayerClearLogoVar]</texture>
				<aspectratio aligny="center" align="center">keep</aspectratio>
			</control>
			<control type="textbox">
				<label>$VAR[NowPlayingBreadcrumbsVar]</label>
				<font>font45</font>
				<shadowcolor>text_shadow</shadowcolor>
				<top>0</top>
				<height>150</height>
				<left>330</left>
				<right>400</right>
				<aligny>center</aligny>
				<visible>!String.IsEmpty(Player.Art(tvshow.clearlogo))</visible>
			</control>
			<control type="group">
				<visible>!Window.IsActive(pvrosdchannels) + !Window.IsActive(pvrchannelguide)</visible>
				<visible>String.IsEmpty(Player.Art(clearlogo))</visible>
				<visible>String.IsEmpty(Player.Art(tvshow.clearlogo))</visible>
				<animation effect="fade" time="150">VisibleChange</animation>
				<left>30</left>
				<right>400</right>
				<control type="label">
					<label>$VAR[NowPlayingBreadcrumbsVar]</label>
					<font>font45</font>
					<shadowcolor>text_shadow</shadowcolor>
					<top>7</top>
					<height>100</height>
					<left>0</left>
					<right>0</right>
				</control>
				<control type="label">
					<top>60</top>
					<label>$VAR[OSDSubLabelVar]</label>
					<shadowcolor>text_shadow</shadowcolor>
					<height>100</height>
					<left>0</left>
					<right>0</right>
				</control>
			</control>
			<control type="group">
				<visible>!Window.IsVisible(extendedprogressdialog)</visible>
				<animation effect="fade" time="150">VisibleChange</animation>
				<control type="label">
					<font>font_clock</font>
					<shadowcolor>text_shadow</shadowcolor>
					<top>0</top>
					<right>20</right>
					<height>200</height>
					<width>600</width>
					<align>right</align>
					<label>$INFO[System.Time]</label>
				</control>
				<control type="grouplist">
					<right>24</right>
					<top>74</top>
					<width>800</width>
					<height>100</height>
					<align>right</align>
					<itemgap>5</itemgap>
					<orientation>horizontal</orientation>
					<usecontrolcoords>true</usecontrolcoords>
					<control type="label">
						<label>$INFO[Player.FinishTime,$LOCALIZE[31080]: ]</label>
						<shadowcolor>text_shadow</shadowcolor>
						<height>100</height>
						<width>auto</width>
						<visible>!String.isempty(Player.Duration)</visible>
						<visible>Player.HasVideo + ![Player.HasGame | VideoPlayer.HasEpg]</visible>
					</control>
					<control type="label">
						<label>$INFO[PVR.EpgEventFinishTime,$LOCALIZE[31080]: ]</label>
						<shadowcolor>text_shadow</shadowcolor>
						<height>100</height>
						<width>auto</width>
						<visible>VideoPlayer.HasEpg</visible>
					</control>
					<control type="image">
						<top>2</top>
						<left>0</left>
						<width>60</width>
						<height>40</height>
						<fadetime>300</fadetime>
						<aspectratio aligny="center" align="right">keep</aspectratio>
						<texture>dialogs/volume/mute.png</texture>
						<visible>Player.Muted</visible>
					</control>
				</control>
			</control>


        <!-- ### Current Playing desc -->
        <control type="group">
                <description>Current Playing</description>
                <posx>0</posx>
                <posy>0</posy>
                <width>1920</width>
                <height>315</height>
                <!-- below is popup -->
                <!--<animation effect="fade" start="100" end="0" time="50" condition="!Player.HasAudio + System.IdleTime(2.666)">Conditional</animation>-->
                <!--<visible>Integer.IsGreater(Player.TimeRemaining,10) + String.IsEqual(Container(90000).ListItem.Property(id),player)</visible>-->
                <visible>!Player.HasAudio + Integer.IsGreater(Player.TimeRemaining,10)</visible>
                <!--<animation effect="slide" start="0,0" end="0,-1080" time="0" condition="System.IdleTime(3)">Conditional</animation>-->
			<!-- player poster -->
            <control type="image">
                    <description>icon</description>
                    <posx>1500</posx>
                    <posy>-30</posy>
                    <width>100</width>
                    <height>200</height>
                    <aspectratio>keep</aspectratio>
                    <texture background="true">$INFO[Player.Art(poster)]</texture>
                    <bordertexture>shadow_poster.png</bordertexture>
                    <bordersize>10</bordersize>
                    <visible>!VideoPlayer.Content(LiveTV) + !String.IsEmpty(Player.Art(poster))</visible>
                </control>

                <!-- 35 video  #  Genre  FileNameAndPath  -->
                <control type="textbox">
                    <description>Vod genre</description>
                    <posx>30</posx>
                    <posy>57</posy>
                    <width>1710</width>
                    <height>45</height>
                    <label>$INFO[VideoPlayer.Genre,,    ][COLOR grey]$INFO[Player.FileNameAndPath][/COLOR]</label>
                    <textcolor>white</textcolor>
                    <font>font13</font>
                    <align>left</align>
                    <aligny>center</aligny>
                    <visible>!IsEmpty(VideoPlayer.Genre)</visible>
                </control>
                
                <!-- codecs -->
                <control type="grouplist">
                    <!--<animation effect="slide" start="0,0" end="129,0" time="0" condition="String.IsEmpty(Player.Art(poster)) + String.IsEmpty(Player.Art(tvshow.poster)) + String.IsEmpty(Player.Art(season.poster))">Conditional</animation>-->
                    <description>codec flags</description>
                    <!--
                    <posx>0</posx>
                    <posy>96</posy>
                    <width>1900</width>
                    -->
                    <posx>26</posx>
                    <posy>86</posy>
                    <width>1900</width>
                    <height>58</height>
                    <align>left</align>
                    <aligny>center</aligny>
                    <orientation>horizontal</orientation>
                    <itemgap>3</itemgap>

                    <!-- Video VideoCodec -->
                    <control type="image">
                        <width min="0" max="68">auto</width>
                        <height>58</height>
                        <aspectratio>keep</aspectratio>
                        <texture>flags/videocodec/$INFO[VideoPlayer.VideoCodec].png</texture>
                        <visible>!String.IsEmpty(VideoPlayer.VideoCodec)</visible>
                    </control>
                    <!-- VideoPlayer AudioCodec -->
                    <control type="image">
                        <width min="0" max="68">auto</width>
                        <height>58</height>
                        <aspectratio>keep</aspectratio>
                        <texture>flags/audiocodec/$INFO[VideoPlayer.AudioCodec].png</texture>
                        <visible>!String.IsEmpty(VideoPlayer.AudioCodec)</visible>
                    </control>
                    <!-- VideoPlayer Audio Channels -->
                    <control type="image">
                        <width min="0" max="60">auto</width>
                        <height>58</height>
                        <aspectratio>keep</aspectratio>
                        <texture>flags/audiochannel/$INFO[VideoPlayer.AudioChannels].png</texture>
                        <visible>!String.IsEmpty(VideoPlayer.AudioChannels)</visible>
                    </control>
                    <!-- Video AspectRatio -->
                    <control type="image">
                        <width min="0" max="60">auto</width>
                        <height>58</height>
                        <aspectratio>keep</aspectratio>
                        <texture>flags/aspectratio/$INFO[VideoPlayer.VideoAspect].png</texture>
                        <visible>!String.IsEmpty(VideoPlayer.VideoAspect)</visible>
                    </control>
                    <!-- Video Resolution -->
                    <control type="image">
                        <width min="0" max="60">auto</width>
                        <height>58</height>
                        <aspectratio>keep</aspectratio>
                        <texture>flags/videoresolution/$INFO[VideoPlayer.VideoResolution].png</texture>
                        <visible>!String.IsEmpty(VideoPlayer.VideoResolution)</visible>
                    </control>
                    <!-- Mpaa -->
                    <control type="image">
                        <description>Mpaa Image</description>
                        <width min="0" max="60">auto</width>
                        <height>58</height>
                        <aspectratio>keep</aspectratio>
                        <align>center</align>
                        <aligny>center</aligny>
                        <texture>flags/mpaa/$INFO[VideoPlayer.Mpaa].png</texture>
                        <visible>!String.IsEmpty(VideoPlayer.Mpaa)</visible>
                    </control>
                    <!-- MusicPlayer AudioCodec -->
                    <!--
                    <control type="image">
                        <width min="0" max="68">auto</width>
                        <height>48</height>
                        <aspectratio>keep</aspectratio>
                        <texture>flags/audiocodec/$INFO[MusicPlayer.Codec].png</texture>
                        <visible>!String.IsEmpty(MusicPlayer.Codec)</visible>
                    </control>
                    -->
                    <!-- MusicPlayer Audio Channels -->
                    <!--
                    <control type="image">
                        <width min="0" max="60">auto</width>
                        <height>48</height>
                        <aspectratio>keep</aspectratio>
                        <texture>flags/audiochannel/$INFO[MusicPlayer.Channels].png</texture>
                        <visible>!String.IsEmpty(MusicPlayer.Channels)</visible>
                    </control>
                    -->
                    <!-- Video rez -->
                    <!--
                    <control type="label">
                        <description>rez</description>
                        <posx>0</posx>
                        <posy>0</posy>
                        <height>32</height>
                        <width>125</width>
                        <label>$INFO[Player.Process(VideoHeight)]$INFO[Player.Process(VideoWidth),x,]</label>
                        <textcolor>white</textcolor>
                        <align>center</align>
                        <aligny>center</aligny>
                        <font>font13</font>
                        <visible>!Player.HasAudio + !String.IsEmpty(VideoPlayer.VideoResolution)</visible>
                    </control>
                    -->
                    <!-- TimeRemaining -->
                    <!--
                    <control type="label">
                        <description>rez</description>
                        <posx>0</posx>
                        <posy>0</posy>
                        <height>48</height>
                        <width>188</width>
                        <label>$INFO[Player.Duration] [COLOR dimgrey]/ $INFO[Player.TimeRemaining][/COLOR]</label>
                        <textcolor>grey</textcolor>
                        <align>center</align>
                        <aligny>center</aligny>
                        <font>font10</font>
                        <visible>!String.IsEmpty(MusicPlayer.Channels)</visible>
                    </control>
                    -->
                    <!-- tv season banner Art(banner) -->
                    <control type="image">
                        <description>tv logo</description>
                        <width>245</width>
                        <height>58</height>
                        <aspectratio>keep</aspectratio>
                        <align>right</align>
                        <aligny>center</aligny>
                        <info>VideoPlayer.Art(banner)</info>
                        <visible>!String.IsEmpty(VideoPlayer.Art(banner))</visible>
                    </control>
                <!-- 60 video # Season  Episode Studio  Premiered  Country  mpaa Rating  #  Duration  FinishTime -->
                <control type="textbox">
                    <description>tv info</description>
                    <posx>0</posx>
                    <posy>0</posy>
                    <height>55</height>
                    <width>1665</width>
                    <label>[COLOR grey]$INFO[VideoPlayer.Season,Episode:[/COLOR][COLOR white] ,][/COLOR]$INFO[VideoPlayer.Episode,[COLOR dimgrey]x[/COLOR],  [COLOR dimgrey]•[/COLOR]  ]$INFO[VideoPlayer.Studio,,  [COLOR dimgrey]•[/COLOR]  ][COLOR grey]$INFO[VideoPlayer.Premiered][COLOR grey]$INFO[VideoPlayer.Country,  [COLOR dimgrey]•[/COLOR]  ][/COLOR][COLOR grey]$INFO[VideoPlayer.Mpaa,  [COLOR dimgrey]•[/COLOR]  ,][/COLOR][COLOR grey]$INFO[VideoPlayer.Rating,  [COLOR dimgrey]•[/COLOR]  ,][/COLOR]</label>
                    <textcolor>white</textcolor>
                    <align>left</align>
                    <aligny>center</aligny>
                    <font>font13</font>
                    <visible>!Player.HasAudio + !VideoPlayer.Content(LiveTV)</visible>
                    <!--<visible>!Player.HasAudio + !VideoPlayer.Content(LiveTV)</visible>-->
                    <!--<visible>!String.IsEmpty(VideoPlayer.Plot) + !Player.HasAudio</visible>
                    <visible>!String.IsEqual(VideoPlayer.Property(TotalSeasons),)</visible>-->
                </control>


                </control>
                
                <!-- 60 pvr # ChannelName Player.StartTime  EndTime  NextTitle  NextStartTime  NextEndTime    # not used -  NextGenre  NextPlot NextDuration   -->
                <control type="textbox">
                    <description>tv info</description>
                    <posx>380</posx>
                    <posy>90</posy>
                    <height>45</height>
                    <width>1665</width>
                    <label>$INFO[VideoPlayer.ChannelName][COLOR grey]$INFO[Player.StartTime,  [COLOR dimgrey]•[/COLOR]  ,  ][/COLOR][COLOR grey]$INFO[VideoPlayer.EndTime,- , ][/COLOR][COLOR grey]$INFO[VideoPlayer.NextTitle,  [COLOR dimgrey]•[/COLOR]  Next: [/COLOR][COLOR white],][/COLOR][COLOR grey]$INFO[VideoPlayer.NextStartTime,  [COLOR dimgrey]•[/COLOR]  ,  ][/COLOR][COLOR grey]$INFO[VideoPlayer.NextEndTime,- , ][/COLOR]</label>
                    <textcolor>white</textcolor>
                    <align>left</align>
                    <aligny>center</aligny>
                    <font>font13</font>
                    <visible>VideoPlayer.Content(LiveTV)</visible>
                </control>
                <!-- 90 videos # Tagline Director Writer  plot  -->
                <control type="textbox">
                    <description>plot</description>
                    <posx>30</posx>
                    <posy>135</posy>
                    <width>1880</width>
                    <font>font10</font>
                    <height>218</height>
                    <!--<height>95</height>-->
                    <align>left</align>
                    <aligny>top</aligny>
                    <!--<aligny>center</aligny>-->
                    <label>[COLOR grey]$INFO[VideoPlayer.Tagline,,  [COLOR dimgrey]•[/COLOR]  ][/COLOR][COLOR grey]$INFO[VideoPlayer.Director,Director: [COLOR white],[/COLOR]  [COLOR dimgrey]•[/COLOR]  ][/COLOR][COLOR grey]$INFO[VideoPlayer.Writer,Writer: [COLOR white],[/COLOR]  [COLOR dimgrey]•[/COLOR]  ][/COLOR]$INFO[VideoPlayer.Plot]</label>
                    <textcolor>white</textcolor>
                    <autoscroll time="3600" delay="5000" repeat="5000">true</autoscroll>
                    <visible>!String.IsEqual(VideoPlayer.Plot,)</visible>
                </control>
                <!-- 210 videos #   CastAndRole -->
                <control type="textbox">
                    <description>CastAndRole</description>
                    <posx>30</posx>
                    <posy>360</posy>
                    <width>1875</width>
                    <font>font10</font>
                    <height>608</height>
                    <align>right</align>
                    <aligny>top</aligny>
                    <label>[COLOR grey]$INFO[VideoPlayer.CastAndRole][/COLOR]</label>
                    <textcolor>white</textcolor>
                    <autoscroll time="3600" delay="5000" repeat="5000">true</autoscroll>
                    <visible>Control.HasFocus(12344)</visible>
                </control>

            </control>


		</control>
	</controls>
</window>
