<?xml version="1.0" encoding="UTF-8"?>
<window>
	<defaultcontrol always="true">50</defaultcontrol>
	<backgroundcolor>background</backgroundcolor>
	<views>50,51,52,53,54,55,500,501,502</views>
	<menucontrol>9000</menucontrol>
	<controls>
		<include>DefaultBackground</include>
		<control type="group">
			<animation effect="fade" start="100" end="0" time="200" tween="sine" condition="$EXP[infodialog_active]">Conditional</animation>
			<include>View_50_List</include>
			<include>View_51_Poster</include>
			<include>View_52_IconWall</include>
			<include>View_53_Shift</include>
			<include>View_54_InfoWall</include>
			<include>View_55_WideList</include>
			<include>View_500_Wall</include>
			<include>View_501_Banner</include>
			<include>View_502_FanArt</include>
			<control type="group">
				<depth>DepthContentPanel</depth>
				<include>OpenClose_Left</include>
				<visible>Control.IsVisible(55)</visible>
				<include>Visible_Left</include>
				<include>ListThumbInfoPanel</include>
			</control>
			
			
			<!-- info tags -->
			<control type="group">
				<depth>DepthContentPanel</depth>
				<include>OpenClose_Left</include>
				<visible>Control.IsVisible(50) | Control.Isvisible(54) | [Control.IsVisible(501) + String.IsEqual(Skin.AspectRatio,21:9)]</visible>
				<include>Visible_Left</include>
				<include content="ContentPanel">
					<param name="width" value="656" />
				</include>
			<control type="group">
					<width>550</width>
                <!-- watched progress bar -->
                <control type="progress">
                    <posx>30</posx>
                    <posy>215</posy>
                    <width>560</width>
                    <height>7</height>
                    <lefttexture />
                    <righttexture />
                    <texturebg border="2" colordiffuse="$INFO[Window(home).Property(scrollbarbg_color)]">backgrounds/progressbg.png</texturebg>
                    <midtexture colordiffuse="$INFO[Window(home).Property(progress_color)]">backgrounds/progress.png</midtexture>
                    <info>ListItem.PercentPlayed</info>
                    <visible>!Integer.IsEqual(ListItem.PercentPlayed,0)</visible>
                </control>
					

                    <!-- label -->
					<control type="textbox">
						<top>125</top>
						<left>30</left>
						<width>560</width>
						<aligny>center</aligny>
						<height>100</height>
						<font>font36_title</font>
						<label>$INFO[ListItem.Label]</label>
					</control>
					
                    <!-- FileNameAndPath -->
					<control type="textbox">
						<left>30</left>
						<top>220</top>
						<width>565</width>
						<height>40</height>
						<font>font10</font>
						<label>[COLOR grey]$INFO[ListItem.FileNameAndPath][/COLOR]</label>
						<autoscroll delay="10000" time="3000" repeat="10000">Skin.HasSetting(autoscroll)</autoscroll>
					</control>
					
                    <!-- Duration  Premiered DateAdded   mpaa  Rating -->
					<control type="textbox">
						<left>30</left>
						<top>260</top>
						<width>565</width>
						<height>40</height>
						<font>font10</font>
						<label>$INFO[ListItem.Duration,, min]$INFO[ListItem.Premiered, [COLOR dimgrey]•[/COLOR] ,]$INFO[ListItem.DateAdded, [COLOR dimgrey]•[/COLOR] (,)][COLOR grey]$INFO[ListItem.mpaa, [COLOR dimgrey]•[/COLOR] ,, [COLOR dimgrey]•[/COLOR] ][/COLOR]</label>
						<autoscroll delay="10000" time="3000" repeat="10000">Skin.HasSetting(autoscroll)</autoscroll>
					</control>
					
                    <!-- Season Episode  Studio Country -->
					<control type="textbox">
						<left>30</left>
						<top>300</top>
						<width>565</width>
						<height>40</height>
						<font>font10</font>
						<label>[COLOR grey]$INFO[ListItem.Season,Season:[COLOR white] , [/COLOR][COLOR dimgrey]•[/COLOR] ][/COLOR][COLOR grey]$INFO[ListItem.Episode,Episode:[/COLOR] ,[COLOR white] [COLOR dimgrey]•[/COLOR] ][/COLOR]$INFO[ListItem.Studio]$INFO[ListItem.Country, [COLOR dimgrey]•[/COLOR] ,]</label>
						<autoscroll delay="10000" time="3000" repeat="10000">Skin.HasSetting(autoscroll)</autoscroll>
					</control>
					
                    <!--  Genre -->
					<control type="textbox">
						<left>30</left>
						<top>340</top>
						<width>565</width>
						<height>80</height>
						<font>font10</font>
						<label>$INFO[ListItem.Genre][COLOR grey]$INFO[ListItem.Rating, [COLOR dimgrey]•[/COLOR] ,][/COLOR]</label>
						<autoscroll delay="10000" time="3000" repeat="10000">Skin.HasSetting(autoscroll)</autoscroll>
					</control>
					
                <!-- for files - size -->
                <!--
                <control type="textbox">
                    <posx>30</posx>
                    <top>380</top>
					<width>565</width>
					<height>40</height>
                    <label>$INFO[ListItem.Size]</label>
                    <align>left</align>
                    <aligny>center</aligny>
                    <font>font10</font>
                    <visible>!String.IsEqual(ListItem.Size,0 B)</visible>
                </control>
					-->
                    <!-- Tagline  -->
					<control type="textbox">
						<left>30</left>
						<top>400</top>
						<width>525</width>
						<height>35</height>
						<font>font10</font>
						<visible>!ListItem.IsCollection</visible>
						<label>[COLOR dimgrey]$INFO[ListItem.Tagline,[I],[/I]][/COLOR]</label>
						<autoscroll delay="10000" time="3000" repeat="10000">Skin.HasSetting(autoscroll)</autoscroll>
					</control>
					
                    <!-- Tagline Director  Producer  Plot  CastAndRole -->
					<control type="textbox">
						<left>30</left>
						<top>430</top>
						<width>525</width>
						<bottom>150</bottom>
						<font>font13</font>
						<visible>!ListItem.IsCollection</visible>
						<label>[COLOR grey]$INFO[ListItem.Director,, [COLOR dimgrey]•[/COLOR] ][/COLOR]$INFO[ListItem.Producer,,  [COLOR dimgrey]•[/COLOR] ]$INFO[ListItem.Plot]$INFO[ListItem.CastAndRole]</label>
						<autoscroll delay="10000" time="3000" repeat="10000">Skin.HasSetting(autoscroll)</autoscroll>
					</control>
					
                <!-- SortBy EDIT THIS MENU    Sort By MENU ## Control Group 9200 -->
                <control type="group">
                    <description>Main Menu listview</description>
                    <posx>10</posx>
                    <posy>100</posy>
                    <!--<posy>940</posy>-->
                    <height>30</height>
                    <control type="image">
                        <left>151</left>
                        <posy>0</posy>
                        <width>440</width>
                        <height>30</height>
                        <texture>backgrounds/panel.png</texture>
                    </control>
			<!-- SortOrder -->
			<control type="button" id="6052">
				<!--<include>MediaMenuItemsCommon</include>-->
					<posx>-5</posx>
                    <posy>0</posy>
                    <width>150</width>
                    <height>30</height>
                    <font>font10</font>
                    <label>[B]$INFO[Container.SortOrder][/B]</label>
                    <!--
				<label>$LOCALIZE[31032]</label>
				<label2>[B]$INFO[Container.SortOrder][/B]</label2>
				-->
				<visible>Control.IsEnabled(4)</visible>
				<onclick>SendClick(4)</onclick>
				<visible>true</visible>
			</control>
					<!-- disabled SortMethod -->
			<control type="button" id="6053">
					<posx>0</posx>
                    <posy>0</posy>
                    <width>100</width>
                    <height>40</height>
                    <font>font10</font>
                    <label>[B]$INFO[Container.SortMethod][/B]</label>
                    <!--
				<label>$LOCALIZE[31022]</label>
				<label2>[B]$INFO[Container.SortMethod][/B]</label2>
				-->
				<visible>Control.IsEnabled(3)</visible>
				<visible>false</visible>
				<onclick>SendClick(3)</onclick>
			</control>
                    <!-- SortBy MENU  -->
                    <control type="list" id="9200">
                        <left>151</left>
                        <posy>0</posy>
                        <width>450</width>
                        <!--
                        <left>1</left>
                        <posy>0</posy>
                        <width>600</width>
                        -->
                        <height>30</height>
                        <orientation>horizontal</orientation>
                        <scrolltime tween="cubic" easing="out">500</scrolltime>
                        <onleft>9000</onleft>
                        <onright>9000</onright>
                        <content>
                            <!-- disabled sort order -->
                            <item id="1">
                                <label>[COLOR cyan][B]$INFO[Container.SortOrder][/B][/COLOR]</label>
                                <property name="menu_id">$NUMBER[101]</property>
                                <onclick>SendClick(4)</onclick>
                                <visible>Control.IsEnabled(4)</visible>
                                <visible>false</visible>
                                <!--<visible>Control.IsEnabled(3)</visible>
                                <visible>true</visible>-->
                            </item>
                            <!-- disabled  sort list -->
                            <item id="2">
                                <label>[B]$INFO[Container.SortMethod][/B]</label>
                                <property name="menu_id">$NUMBER[102]</property>
                                <onclick>SendClick(3)</onclick>
                               <visible>false</visible>
                            </item>
                            <!-- # these are files -->
                            <!-- Name -->
                            <item id="3">
                                <label>Name</label>
                                <property name="menu_id">$NUMBER[103]</property>
                                <onclick>Container.SetSortMethod(1)</onclick>
                                 <onclick>Container.SetSortOrder(Ascending)</onclick>
                                 <onclick>Control.SetFocus(51,0)</onclick>
                                <visible>!String.IsEqual(ListItem.Size,0 B)</visible>
                            </item>
                            <!-- Size -->
                            <item id="4">
                                <label>Size</label>
                                <property name="menu_id">$NUMBER[104]</property>
                                <onclick>Container.SetSortMethod(3)</onclick>
                                 <onclick>Container.SetSortOrder(Ascending)</onclick>
                                 <onclick>Control.SetFocus(51)</onclick>
                                <visible>!String.IsEqual(ListItem.Size,0 B)</visible>
                            </item>
                            <!-- Date -->
                            <item id="5">
                                <label>Date</label>
                                <property name="menu_id">$NUMBER[105]</property>
                                <onclick>Container.SetSortMethod(2)</onclick>
                                <onclick>Container.SetSortOrder(None)</onclick>
                                <onclick>Control.SetFocus(51)</onclick>
                                <!--<onclick>SendClick(4)</onclick>-->
                                <visible>!String.IsEqual(ListItem.Size,0 B)</visible>
                            </item>
                            <!-- File -->
                            <item id="9">
                                <label>File</label>
                                <property name="menu_id">$NUMBER[109]</property>
                                <onclick>Container.SetSortMethod(4)</onclick>
                                 <onclick>Container.SetSortOrder(Ascending)</onclick>
                                 <onclick>Control.SetFocus(51)</onclick>
                                <visible>!String.IsEqual(ListItem.Size,0 B)</visible>
                            </item>
                            <!-- # these are library -->
                            <!-- SortTitle -->
                            <item id="8">
                                <label>SortTitle</label>
                                <property name="menu_id">$NUMBER[108]</property>
                                <onclick>Container.SetSortMethod(29)</onclick>
                                 <onclick>Container.SetSortOrder(Ascending)</onclick>
                                 <onclick>Control.SetFocus(51)</onclick>
                                <visible>String.IsEqual(ListItem.Size,0 B) + !String.IsEqual(ListItem.Title,..)</visible>
                            </item>
                            <!-- DateAdded -->
                            <item id="7">
                                <label>DateAdded</label>
                                <property name="menu_id">$NUMBER[107]</property>
                                <onclick>Container.SetSortMethod(40)</onclick>
                                <onclick>Container.SetSortOrder(None)</onclick>
                                <onclick>Control.SetFocus(51)</onclick>
                                <visible>String.IsEqual(ListItem.Size,0 B) + !String.IsEqual(ListItem.Title,..)</visible>
                            </item>
                            <!-- Year -->
                            <item id="11">
                                <label>Year</label>
                                <property name="menu_id">$NUMBER[111]</property>
                                <onclick>Container.SetSortMethod(16)</onclick>
                                 <onclick>Container.SetSortOrder(Ascending)</onclick>
                                 <onclick>Control.SetFocus(51,2)</onclick>
                                <visible>String.IsEqual(ListItem.Size,0 B)</visible>
                            </item>
                            <!-- Rating -->
                            <item id="12">
                                <label>Rating</label>
                                <property name="menu_id">$NUMBER[112]</property>
                                <onclick>Container.SetSortMethod(17)</onclick>
                                 <onclick>Container.SetSortOrder(SortOrderAscending)</onclick>
                                 <onclick>Control.SetFocus(51,2)</onclick>
                                <visible>String.IsEqual(ListItem.Size,0 B)</visible>
                            </item>
                            <!-- MPAA -->
                            <item id="13">
                                <label>MPAA</label>
                                <property name="menu_id">$NUMBER[113]</property>
                                <onclick>Container.SetSortMethod(31)</onclick>
                                 <onclick>Container.SetSortOrder(SortOrderAscending)</onclick>
                                 <onclick>Control.SetFocus(51,2)</onclick>
                                <visible>String.IsEqual(ListItem.Size,0 B)</visible>
                            </item>
                            <!-- LastPlayed -->
                            <item id="6">
                                <label>LastPlayed</label>
                                <property name="menu_id">$NUMBER[106]</property>
                                <onclick>Container.SetSortMethod(41)</onclick>
                                 <onclick>Container.SetSortOrder(SortOrderAscending)</onclick>
                                 <onclick>Control.SetFocus(51,2)</onclick>
                                <visible>String.IsEqual(ListItem.Size,0 B)</visible>
                                <visible>false</visible>
                            </item>
                             <!-- VideoResolution -->
                            <item id="16">
                                <label>VideoResolution</label>
                                <property name="menu_id">$NUMBER[116]</property>
                                <onclick>Container.SetSortMethod(32)</onclick>
                                 <onclick>Container.SetSortOrder(SortOrderAscending)</onclick>
                                 <onclick>Control.SetFocus(51,2)</onclick>
                                <visible>String.IsEqual(ListItem.Size,0 B)</visible>
                                <visible>false</visible>
                            </item>
                            <!-- VideoCodec -->
                            <item id="17">
                                <label>VideoCodec</label>
                                <property name="menu_id">$NUMBER[117]</property>
                                <onclick>Container.SetSortMethod(33)</onclick>
                                 <onclick>Container.SetSortOrder(SortOrderAscending)</onclick>
                                 <onclick>Control.SetFocus(51,2)</onclick>
                                <visible>String.IsEqual(ListItem.Size,0 B)</visible>
                                <visible>false</visible>
                            </item>     
                        </content>
                        <focusedlayout height="29" width="145">
                            <control type="image">
                                <top>1</top>
                                <left>2</left>
                                <right>2</right>
                                <bottom>1</bottom>
                                <texture colordiffuse="$INFO[Window(home).Property(focus_color)]">backgrounds/panel-white.png</texture>
                            </control>
                            <control type="image">
                                <left>2</left>
                                <right>2</right>
                                <bottom>0</bottom>
                                <texture colordiffuse="$INFO[Window(home).Property(focus_current_color)]">backgrounds/panel-white.png</texture>
                                <animation effect="fade" start="100" end="0" time="0" condition="!Control.HasFocus(9200)">Conditional</animation>
                            </control>
                            <!--
                            <control type="image">
                                <left>0</left>
                                <width>33</width>
                                <bottom>0</bottom>
                                <texture colordiffuse="51FFFFFF">backgrounds/panel-fade.png</texture>
                            </control>
                            <control type="image">
                                <left>-2</left>
                                <top>0</top>
                                <width>33</width>
                                <bottom>0</bottom>
                                <texture>$INFO[ListItem.Art(thumb)]</texture>
                                <animation effect="fade" start="0" end="100" time="300" reversible="false">Focus</animation>
                                <visible>!String.IsEmpty(ListItem.Art(thumb))</visible>
                            </control>
                            -->
                            <control type="label">
                                <left>0</left>
                                <bottom>0</bottom>
                                <right>0</right>
                                <font>font10</font>
                                <align>center</align>
                                <aligny>center</aligny>
                                <label>$INFO[ListItem.Label]</label>
                                <shadowcolor>black</shadowcolor>
                            </control>
                        </focusedlayout>
                        <itemlayout height="29" width="145">
                            <!--
                            <control type="image">
                                <left>-2</left>
                                <top>0</top>
                                <width>33</width>
                                <bottom>0</bottom>
                                <texture colordiffuse="FFFFFFFF">$INFO[ListItem.Art(thumb)]</texture>
                                <visible>!String.IsEmpty(ListItem.Art(thumb))</visible>
                            </control>
                            <control type="image">
                                <left>0</left>
                                <width>33</width>
                                <bottom>0</bottom>
                                <texture colordiffuse="51FFFFFF">backgrounds/panel-fade.png</texture>
                            </control>
                            -->
                            <control type="label">
                                <left>0</left>
                                <bottom>0</bottom>
                                <right>0</right>
                                <align>center</align>
                                <aligny>center</aligny>
                                <font>font10</font>
                                <label>$INFO[ListItem.Label]</label>
                                <shadowcolor>black</shadowcolor>
                            </control>
                        </itemlayout>
                    </control>
					
                </control>



                    <!-- tv season banner Art(banner) -->
                    <control type="image">
                        <description>tv logo</description>
                        <posx>1500</posx>
                        <posy>70</posy>
                        <width>225</width>
                        <height>45</height>
                        <aspectratio>keep</aspectratio>
                        <align>right</align>
                        <aligny>center</aligny>
                        <info>ListItem.Art(banner)</info>
                        <visible>!String.IsEmpty(ListItem.Art(banner))</visible>
                    </control>
                    

                 <!-- disabled file codecs right -->
                <control type="grouplist">
                    <animation effect="slide" start="0,0" end="194,0" time="0" condition="String.IsEmpty(ListItem.Art(poster)) + String.IsEmpty(ListItem.Art(tvshow.poster)) + String.IsEmpty(ListItem.Art(season.poster))">Conditional</animation>
                    <description>confluence style vertical listitem codec flags</description>
                    <posx>0</posx>
                    <posy>970</posy>
                    <width>1980</width>
                    <height>45</height>
                    <align>right</align>
                    <aligny>center</aligny>
                    <orientation>horizontal</orientation>
                    <itemgap>3</itemgap>
                    <visible>true</visible>
                    
                    <!-- Watched status OverlayPlaying -->
                    <control type="image">
                        <width>60</width>
                        <height>60</height>
                        <texture>flags/watched/OverlayPlaying-List.png</texture>
                        <visible>ListItem.IsPlaying</visible>
                    </control>
                    <!-- Watched status resume -->
                    <control type="image">
                        <width>60</width>
                        <height>60</height>
                        <texture>flags/watched/resume.png</texture>
                        <visible>ListItem.IsResumable</visible>
                    </control>
                    <!-- Mpaa -->
                    <control type="image">
                        <description>Mpaa Image</description>
                        <width min="0" max="80">auto</width>
                        <height>60</height>
                        <aspectratio>keep</aspectratio>
                        <align>center</align>
                        <aligny>center</aligny>
                        <texture>flags/themes/$INFO[Window(home).Property(image_flags)]/mpaa/$INFO[ListItem.Mpaa].png</texture>
                        <visible>!String.IsEmpty(ListItem.Mpaa)</visible>
                    </control>
                    <!-- AudioLanguage if not eng -->
                    <control type="image">
                        <description>AudioLanguage Image</description>
                        <width>80</width>
                        <height>60</height>
                        <aspectratio>keep</aspectratio>
                        <texture>$INFO[ListItem.AudioLanguage,flags/country/,.png]</texture>
                        <visible>!String.IsEmpty(ListItem.AudioLanguage) + !String.Contains(ListItem.AudioLanguage,en)</visible>
                    </control>


                    <!-- Video VideoCodec -->
                    <control type="image">
                   <width min="0" max="115">auto</width>
                        <height>60</height>
                        <aspectratio>keep</aspectratio>
                        <texture>flags/themes/$INFO[Window(home).Property(image_flags)]/videocodec/$INFO[ListItem.VideoCodec].png</texture>
                        <visible>!String.IsEmpty(ListItem.VideoCodec)</visible>
                    </control>

                    <!-- AudioCodec -->
                    <control type="image">
                          <width min="0" max="115">auto</width>
                        <height>60</height>
                        <aspectratio>keep</aspectratio>
                        <texture>flags/themes/$INFO[Window(home).Property(image_flags)]/audiocodec/$INFO[ListItem.AudioCodec].png</texture>
                        <visible>!String.IsEmpty(ListItem.AudioCodec)</visible>
                    </control>

                    <!-- Video AspectRatio -->
                    <control type="image">
                        <width min="0" max="115">auto</width>
                        <height>60</height>
                        <aspectratio>keep</aspectratio>
                        <texture>flags/themes/$INFO[Window(home).Property(image_flags)]/aspectratio/$INFO[ListItem.VideoAspect].png</texture>
                        <visible>!String.IsEmpty(ListItem.VideoAspect)</visible>
                    </control>
</control>




                 <!-- disabled file codecs right -->
                <control type="grouplist">
                    <animation effect="slide" start="0,0" end="194,0" time="0" condition="String.IsEmpty(ListItem.Art(poster)) + String.IsEmpty(ListItem.Art(tvshow.poster)) + String.IsEmpty(ListItem.Art(season.poster))">Conditional</animation>
                    <description>confluence style vertical listitem codec flags</description>
                    <posx>0</posx>
                    <posy>970</posy>
                    <width>1900</width>
                    <height>45</height>
                    <align>right</align>
                    <aligny>center</aligny>
                    <orientation>horizontal</orientation>
                    <itemgap>3</itemgap>
                    <visible>false</visible>
                    <!-- Watched status OverlayPlaying -->
                    <control type="image">
                        <width>42</width>
                        <height>42</height>
                        <texture>flags/watched/OverlayPlaying-List.png</texture>
                        <visible>ListItem.IsPlaying</visible>
                    </control>
                    <!-- Watched status resume -->
                    <control type="image">
                        <width>42</width>
                        <height>42</height>
                        <texture>flags/watched/resume.png</texture>
                        <visible>ListItem.IsResumable</visible>
                    </control>
                    <!-- Mpaa -->
                    <control type="image">
                        <description>Mpaa Image</description>
                        <width min="0" max="60">auto</width>
                        <height>45</height>
                        <aspectratio>keep</aspectratio>
                        <align>center</align>
                        <aligny>center</aligny>
                        <texture>flags/themes/$INFO[Window(home).Property(image_flags)]/mpaa/$INFO[ListItem.Mpaa].png</texture>
                        <visible>!String.IsEmpty(ListItem.Mpaa)</visible>
                    </control>
                    <!-- AudioLanguage if not eng -->
                    <control type="image">
                        <description>AudioLanguage Image</description>
                        <width>60</width>
                        <height>45</height>
                        <aspectratio>keep</aspectratio>
                        <texture>$INFO[ListItem.AudioLanguage,flags/country/,.png]</texture>
                        <visible>!String.IsEmpty(ListItem.AudioLanguage) + !String.Contains(ListItem.AudioLanguage,en)</visible>
                    </control>
                    <!-- Video VideoCodec -->
                    <control type="image">
                        <width min="0" max="68">auto</width>
                        <height>45</height>
                        <aspectratio>keep</aspectratio>
                        <texture>flags/themes/$INFO[Window(home).Property(image_flags)]/videocodec/$INFO[ListItem.VideoCodec].png</texture>
                        <visible>!String.IsEmpty(ListItem.VideoCodec)</visible>
                    </control>
                    <!-- AudioCodec -->
                    <control type="image">
                        <width min="0" max="68">auto</width>
                        <height>45</height>
                        <aspectratio>keep</aspectratio>
                        <texture>flags/themes/$INFO[Window(home).Property(image_flags)]/audiocodec/$INFO[ListItem.AudioCodec].png</texture>
                        <visible>!String.IsEmpty(ListItem.AudioCodec)</visible>
                    </control>
                    <!-- Audio Channels -->
                    <control type="image">
                        <width min="0" max="60">auto</width>
                        <height>45</height>
                        <aspectratio>keep</aspectratio>
                        <texture>flags/themes/$INFO[Window(home).Property(image_flags)]/audiochannel/$INFO[ListItem.AudioChannels].png</texture>
                        <visible>!String.IsEmpty(ListItem.AudioChannels)</visible>
                    </control>
                    <!-- Video AspectRatio -->
                    <control type="image">
                        <width min="0" max="60">auto</width>
                        <height>45</height>
                        <aspectratio>keep</aspectratio>
                        <texture>flags/themes/$INFO[Window(home).Property(image_flags)]/aspectratio/$INFO[ListItem.VideoAspect].png</texture>
                        <visible>!String.IsEmpty(ListItem.VideoAspect)</visible>
                    </control>
                    <!-- Video Resolution -->
                    <control type="image">
                        <width min="0" max="60">auto</width>
                        <height>45</height>
                        <aspectratio>keep</aspectratio>
                        <texture>flags/themes/$INFO[Window(home).Property(image_flags)]/resolution/$INFO[ListItem.VideoResolution].png</texture>
                        <visible>!String.IsEmpty(ListItem.VideoResolution)</visible>
                    </control>
                    <!-- tv season banner Art(banner) -->
                    <control type="image">
                        <description>tv logo</description>
                        <width>225</width>
                        <height>45</height>
                        <aspectratio>keep</aspectratio>
                        <align>right</align>
                        <aligny>center</aligny>
                        <info>ListItem.Art(banner)</info>
                        <visible>!String.IsEmpty(ListItem.Art(banner))</visible>
                    </control>
                </control>
                
					
                <!--
			<control type="button" id="6051">
				<posx>0</posx>
				<posy>970</posy>
				<width>100</width>
				<height>45</height>
				<label>$LOCALIZE[31023]</label>
				<label2>[B]$INFO[Container.Viewmode][/B]</label2>
				<visible>Integer.IsGreater(Container.ViewCount,1)</visible>
				<onclick>Container.NextViewMode</onclick>
			</control>
			-->
					<!-- if collection -->
					<control type="group">
						<left>20</left>
						<top>245</top>
						<visible>ListItem.IsCollection + String.IsEmpty(ListItem.Plot)</visible>
						<include content="InfoList">
							<param name="bottom" value="108" />
							<param name="width" value="540" />
							<param name="sortby" value="year" />
							<param name="sortorder" value="descending" />
							<param name="font" value="font13" />
						</include>
					</control>
				</control>
			</control>
			
			
			<include content="TopBar">
				<param name="breadcrumbs_label" value="$VAR[BreadcrumbsVideoVar]" />
			</include>
			<include content="BottomBar">
				<param name="info_visible" value="true" />
			</include>
			<control type="group">
				<depth>DepthBars</depth>
				<bottom>0</bottom>
				<height>70</height>
				<animation effect="fade" start="0" end="100" time="300" delay="300">WindowOpen</animation>
				<animation effect="fade" start="100" end="0" time="200">WindowClose</animation>
				<include condition="!Skin.HasSetting(hide_mediaflags)">MediaFlags</include>
			</control>
			<include>CommonScrollbars</include>
			<include>MediaMenuMouseOverlay</include>
			<control type="group">
				<include>MediaMenuCommon</include>
				<control type="grouplist" id="9000">
					<top>50</top>
					<include>MediaMenuListCommon</include>
					<control type="button" id="10">
						<description>Watched Toggle</description>
						<include>MediaMenuItemsCommon</include>
						<label>$LOCALIZE[20367]</label>
						<label2>[B]$INFO[Container.NumItems][/B]</label2>
						<visible>Container.Content(movies) | Container.Content(sets) | Container.Content(tvshows) | Container.content(seasons) | Container.Content(episodes)</visible>
					</control>
					<control type="label" id="203">
						<include>MediaMenuLabelCommon</include>
						<label>$LOCALIZE[31020]</label>
					</control>
					<control type="radiobutton" id="16">
						<description>PartyMode</description>
						<label>$LOCALIZE[589]</label>
						<include>MediaMenuItemsCommon</include>
						<visible>Container.Content(MusicVideos)</visible>
					</control>
					<control type="radiobutton" id="11">
						<description>Unlock Shares</description>
						<include>MediaMenuItemsCommon</include>
						<label>$LOCALIZE[20336]</label>
						<onclick>mastermode</onclick>
						<selected>system.ismaster</selected>
						<visible>system.haslocks</visible>
					</control>
					<control type="togglebutton" id="619">
						<description>Update library</description>
						<include>MediaMenuItemsCommon</include>
						<label>$LOCALIZE[653]</label>
						<onclick>UpdateLibrary(video)</onclick>
						<visible>!Container.Content(addons)+ String.IsEmpty(Container.PluginName)</visible>
						<altlabel>$LOCALIZE[13353]</altlabel>
						<usealttexture>library.isscanningvideo</usealttexture>
					</control>
					<control type="button" id="612">
						<description>Go to playlist</description>
						<include>MediaMenuItemsCommon</include>
						<label>$LOCALIZE[31056]</label>
						<onclick>ActivateWindow(videoplaylist)</onclick>
						<visible>Integer.IsGreater(Playlist.Length(video),0)</visible>
					</control>
					<control type="button" id="621">
						<description>Get more</description>
						<include>MediaMenuItemsCommon</include>
						<label>$LOCALIZE[21452]</label>
						<onclick>ActivateWindow(addonbrowser,addons://more/video/,return)</onclick>
						<visible>Container.Content(addons)</visible>
					</control>
					<control type="button" id="622">
						<include>MediaMenuItemsCommon</include>
						<label>$LOCALIZE[31117]</label>
						<onclick condition="System.HasAddon(plugin.library.node.editor)">ActivateWindow(programs,plugin://plugin.library.node.editor/?ltype=video,return)</onclick>
						<onclick condition="!System.HasAddon(plugin.library.node.editor)">InstallAddon(plugin.library.node.editor)</onclick>
						<visible>Container.Content() + String.IsEmpty(Container.PluginName)</visible>
					</control>
					<control type="button" id="623">
						<include>MediaMenuItemsCommon</include>
						<label>$LOCALIZE[31009]</label>
						<onclick>InstallAddon(resource.images.studios.white)</onclick>
						<visible>Container.Content(studios) + !System.HasAddon(resource.images.studios.white)</visible>
					</control>
					<control type="button" id="624">
						<include>MediaMenuItemsCommon</include>
						<label>$LOCALIZE[10140]</label>
						<onclick>Addon.OpenSettings($INFO[Container.PluginName])</onclick>
						<visible>!String.IsEmpty(Container.PluginName)</visible>
					</control>
					<include>MediaMenuNowPlaying</include>
				</control>
			</control>
		</control>
	</controls>
</window>
gin.library.node.editor)</onclick>
						<visible>Container.Content() + String.IsEmpty(Container.PluginName)</visible>
					</control>
					<control type="button" id="623">
						<include>MediaMenuItemsCommon</include>
						<label>$LOCALIZE[31009]</label>
						<onclick>InstallAddon(resource.images.studios.white)</onclick>
						<visible>Container.Content(studios) + !System.HasAddon(resource.images.studios.white)</visible>
					</control>
					<control type="button" id="624">
						<include>MediaMenuItemsCommon</include>
						<label>$LOCALIZE[10140]</label>
						<onclick>Addon.OpenSettings($INFO[Container.PluginName])</onclick>
						<visible>!String.IsEmpty(Container.PluginName)</visible>
					</control>
					<include>MediaMenuNowPlaying</include>
				</control>
			</control>
		</control>
	</controls>
</window>
