<?xml version="1.0" encoding="utf-8"?>
<window>
	<onload condition="!Player.PauseEnabled">SetFocus(603)</onload>
	<depth>DepthOSD</depth>
	<defaultcontrol always="true">602</defaultcontrol>
	<include>Animation_BottomSlide</include>
	<controls>
        <!-- close -->
        <control type="button">
			<description>background close area</description>
			<left>0</left>
			<top>0</top>
			<width>100%</width>
			<bottom>280</bottom>
			<texturefocus />
			<texturenofocus />
			<onclick>Action(close)</onclick>
		</control>
        
        <!-- # player buttons -->
        <control type="group">
			<bottom>0</bottom>
			<height>180</height>
			<visible>![Window.IsVisible(SliderDialog) | Window.IsVisible(osdaudiosettings) | Window.IsVisible(osdvideosettings) | Window.IsVisible(VideoBookmarks) | Window.IsVisible(playerprocessinfo) | Window.IsVisible(osdcmssettings) | Window.IsVisible(PVROSDChannels) | Window.IsVisible(pvrchannelguide)]</visible>
			<animation effect="fade" time="200">VisibleChange</animation>
	        <animation effect="slide" start="0,0" end="0,1080" time="0" condition="System.IdleTime(4)">Conditional</animation>
			 <!-- help -->
			<control type="label">
				<animation effect="slide" end="0,-20" time="150" condition="VideoPlayer.Content(LiveTV)">conditional</animation>
				<right>20</right>
				<top>0</top>
				<align>right</align>
				<aligny>center</aligny>
				<width>1000</width>
				<height>50</height>
				<label>$VAR[VideoOSDHelpTextVar]</label>
				<visible>!Player.ShowInfo</visible>
			</control>
			<!-- player poster -->
			<!--
            <control type="image">
                    <description>icon</description>
                    <posx>2</posx>
                    <posy>-200</posy>
                    <width>180</width>
                    <height>250</height>
                    <aspectratio>keep</aspectratio>
                    <texture background="true">$INFO[Player.Art(poster)]</texture>
                    <bordertexture>shadow_poster.png</bordertexture>
                    <bordersize>10</bordersize>
                    <visible>!VideoPlayer.Content(LiveTV) + !String.IsEmpty(Player.Art(poster)) + String.IsEmpty(Player.Art(tvshow.banner))</visible>
                </control>
			-->
			<!-- player poster -->
			<!--
            <control type="image">
                    <description>icon</description>
                    <posx>1300</posx>
                    <posy>85</posy>
                    <width>70</width>
                    <height>100</height>
                    <aspectratio>keep</aspectratio>
                    <texture background="true">$INFO[Player.Art(poster)]</texture>
                    <bordertexture>shadow_poster.png</bordertexture>
                    <bordersize>10</bordersize>
                    <visible>!VideoPlayer.Content(LiveTV) + !String.IsEmpty(Player.Art(poster)) + String.IsEmpty(Player.Art(tvshow.banner))</visible>
                </control>
			-->
			<!-- player buttons -->
			<control type="group" id="200">
			<!-- player tags -->
			<control type="label">
                        <posx>0</posx>
                        <posy>80</posy>
                        <width>1920</width>
                        <height>30</height>
                        <align>center</align>
                        <aligny>center</aligny>
                        <font>font10</font>
                        <label>$INFO[Player.Process(VideoWidth)]$INFO[Player.Process(VideoHeight),x]$INFO[Player.Process(VideoDAR), | ,]$INFO[Player.Process(VideoFPS), | ,]$INFO[System.FPS, / , | ]$INFO[Player.Chapter]$INFO[Player.ChapterCount,\,]$INFO[Player.CacheLevel, | Cache: ,%]</label>
                        <shadowcolor>black</shadowcolor>
                        <visible>!Player.Paused</visible>
                    </control>
			
				<control type="grouplist" id="201">
					<left>20</left>
					<top>90</top>
					<width>100%</width>
					<height>135</height>
					<itemgap>20</itemgap>
					<scrolltime tween="sine">200</scrolltime>
					<orientation>horizontal</orientation>
					<onup>87</onup>
					<ondown>noop</ondown>
					<onleft>70043</onleft>
					<onright>70040</onright>
					
					<control type="radiobutton" id="600">
						<include content="OSDButton">
							<param name="texture" value="osd/fullscreen/buttons/previous.png"/>
						</include>
						<onclick>PlayerControl(Previous)</onclick>
						<visible>Player.ChapterCount | Integer.IsGreater(Playlist.Length(video),1) | Player.SeekEnabled</visible>
					</control>
					<control type="radiobutton" id="602">
						<textureradioonfocus colordiffuse="white">osd/fullscreen/buttons/play.png</textureradioonfocus>
						<textureradioonnofocus>osd/fullscreen/buttons/play.png</textureradioonnofocus>
						<textureradioofffocus colordiffuse="white">osd/fullscreen/buttons/pause.png</textureradioofffocus>
						<textureradiooffnofocus>osd/fullscreen/buttons/pause.png</textureradiooffnofocus>
						<texturefocus colordiffuse="button_focus">osd/fullscreen/buttons/button-fo.png</texturefocus>
						<width>76</width>
						<animation center="38,38" effect="zoom" end="100" reversible="false" start="95" time="480" tween="back">Focus</animation>
						<height>76</height>
						<radiowidth>74</radiowidth>
						<radioheight>74</radioheight>
						<font></font>
						<texturenofocus />
						<radioposx>1</radioposx>
						<radioposy>0</radioposy>
						<selected>Player.Paused</selected>
						<onclick>PlayerControl(Play)</onclick>
						<visible>Player.PauseEnabled</visible>
					</control>
					<control type="radiobutton" id="603">
						<include content="OSDButton">
							<param name="texture" value="osd/fullscreen/buttons/stop.png"/>
						</include>
						<onclick>PlayerControl(Stop)</onclick>
					</control>
					<control type="radiobutton" id="605">
						<include content="OSDButton">
							<param name="texture" value="osd/fullscreen/buttons/next.png"/>
						</include>
						<onclick>PlayerControl(Next)</onclick>
						<visible>Player.ChapterCount | Integer.IsGreater(Playlist.Length(video),1) | [VideoPlayer.Content(LiveTV) + Player.SeekEnabled]</visible>
					</control>
					<control type="radiobutton" id="804">
						<include content="OSDButton">
							<param name="texture" value="osd/fullscreen/buttons/home.png"/>
						</include>
						<onclick>PlayerControl(ShowVideoMenu)</onclick>
						<visible>VideoPlayer.HasMenu</visible>
					</control>
					<control type="radiobutton" id="606">
						<textureradioonfocus colordiffuse="white">osd/fullscreen/buttons/record-white.png</textureradioonfocus>
						<textureradioonnofocus>osd/fullscreen/buttons/record-white.png</textureradioonnofocus>
						<textureradioofffocus colordiffuse="white">osd/fullscreen/buttons/record.png</textureradioofffocus>
						<textureradiooffnofocus>osd/fullscreen/buttons/record.png</textureradiooffnofocus>
						<texturefocus colordiffuse="button_focus">osd/fullscreen/buttons/button-fo.png</texturefocus>
						<width>76</width>
						<animation center="38,38" effect="zoom" end="100" reversible="false" start="95" time="480" tween="back">Focus</animation>
						<height>76</height>
						<radiowidth>74</radiowidth>
						<radioheight>74</radioheight>
						<font></font>
						<texturenofocus />
						<radioposx>1</radioposx>
						<radioposy>0</radioposy>
						<selected>!PVR.IsRecordingPlayingChannel</selected>
						<onclick>PVR.ToggleRecordPlayingChannel</onclick>
						<visible>PVR.CanRecordPlayingChannel</visible>
						<visible>VideoPlayer.Content(livetv)</visible>
					</control>
				
                <!-- country flags for lang -->
                <control type="group">
                    <posx>0</posx>
                    <posy>0</posy>
                    <width>70</width>
                    
                    <!-- AudioLanguage if not eng -->
            <control type="button" id="607">
                <texturefocus>flags/audiolang.png</texturefocus>
                <texturenofocus>flags/audiolang.png</texturenofocus>
                <label></label>
                <description>toggle audio</description>
                        <posx>0</posx>
                        <posy>0</posy>
                        <width>64</width>
                        <height>30</height>
                <onclick>AudioNextLanguage</onclick>
            </control>
                    <control type="image">
                        <description>AudioLanguage Image</description>
                        <posx>34</posx>
                        <posy>1</posy>
                        <width>30</width>
                        <height>27</height>
                        <aspectratio>keep</aspectratio>
                        <align>center</align>
                        <aligny>center</aligny>
                        <texture fallback="flags/country/und.png">flags/country/$INFO[VideoPlayer.AudioLanguage].png</texture>
                    </control>


                    <!-- Subtitleson  -->
            <control type="button" id="608">
                <texturefocus>flags/sublang.png</texturefocus>
                <texturenofocus>flags/sublang.png</texturenofocus>
                <label></label>
                <description>toggle subtitle</description>
                        <posx>0</posx>
                        <posy>40</posy>
                        <width>64</width>
                        <height>30</height>
                <onclick>ShowSubtitles</onclick>
                <!--<onclick>ActivateWindow(SubtitleSearch)</onclick>-->
            </control>
                    <!-- next Subtitles -->
            <control type="button" id="609">
                <texturefocus></texturefocus>
                <texturenofocus></texturenofocus>
                <label></label>
                <description>toggle subtitle</description>
                        <posx>30</posx>
                        <posy>40</posy>
                        <width>34</width>
                        <height>30</height>
                <onclick>NextSubtitle</onclick>
            </control>

                    <control type="image">
                        <posx>34</posx>
                        <posy>41</posy>
                        <width>30</width>
                        <height>27</height>
                        <aspectratio>keep</aspectratio>
                        <align>center</align>
                        <aligny>center</aligny>
                        <texture fallback="flags/country/-.png">flags/country/$INFO[VideoPlayer.SubtitlesLanguage].png</texture>
                        <!--<visible>!String.IsEmpty(VideoPlayer.SubtitlesLanguage)</visible>-->
                    </control>
                    
                </control>
				
				 <!-- poster -->
				 <!--
				<control type="image">
                    <description>icon</description>
                    <posx>0</posx>
                    <posy>0</posy>
                    <width>70</width>
                    <height>100</height>
                    <aspectratio>keep</aspectratio>
                    <texture background="true">$INFO[Player.Art(poster)]</texture>
                    <bordertexture>shadow_poster.png</bordertexture>
                    <bordersize>10</bordersize>
                    <visible>!VideoPlayer.Content(LiveTV) + !String.IsEmpty(Player.Art(poster)) + String.IsEmpty(Player.Art(tvshow.banner))</visible>
                </control>
                -->
				</control>
				<control type="grouplist" id="202">
					<right>20</right>
					<top>90</top>
					<!--<width>580</width>-->
					<width>470</width>
					<height>135</height>
					<align>right</align>
					<itemgap>20</itemgap>
					<scrolltime tween="sine">200</scrolltime>
					<orientation>horizontal</orientation>
					<onup>87</onup>
					<ondown condition="Control.HasFocus(70043)">11104</ondown>
					<ondown condition="Control.HasFocus(704)">12104</ondown>
					<ondown condition="Control.HasFocus(255)">13103</ondown>
					<onleft>606</onleft>
					<onright>600</onright>
					
					<!-- PVROSDChannels -->
					<control type="radiobutton" id="70040">
						<include content="OSDButton">
							<param name="texture" value="osd/fullscreen/buttons/channels.png"/>
						</include>
						<onclick>Dialog.Close(VideoOSD)</onclick>
						<onclick>ActivateWindow(PVROSDChannels)</onclick>
						<visible>VideoPlayer.Content(livetv)</visible>
					</control>
					<!-- PVROSDGuide -->
					<control type="radiobutton" id="70041">
						<include content="OSDButton">
							<param name="texture" value="osd/fullscreen/buttons/guide.png"/>
						</include>
						<onclick>Dialog.Close(VideoOSD)</onclick>
						<onclick>ActivateWindow(pvrchannelguide)</onclick>
						<visible>VideoPlayer.Content(livetv) + VideoPlayer.HasEPG</visible>
					</control>
					<!-- Settings -->
					<control type="radiobutton" id="70043">
						<include content="OSDButton">
							<param name="texture" value="osd/fullscreen/buttons/settings.png"/>
						</include>
						<onclick>SetProperty(settingslist_content,osd,home)</onclick>
						<onclick>SetProperty(settingslist_header,$LOCALIZE[5],home)</onclick>
						<onclick>ActivateWindow(1101)</onclick>
					</control>
					<!-- Subtitles -->
					<control type="radiobutton" id="704">
						<include content="OSDButton">
							<param name="texture" value="osd/fullscreen/buttons/settings-subtitle.png"/>
						</include>
						<onclick>ActivateWindow(osdsubtitlesettings)</onclick>
						<visible>!VideoPlayer.Content(LiveTV) | VideoPlayer.HasSubtitles</visible>
					</control>
					<!-- videobookmarks -->
					<control type="radiobutton" id="700">
						<include content="OSDButton">
							<param name="texture" value="osd/fullscreen/buttons/bookmarks.png"/>
						</include>
						<onclick>ActivateWindow(videobookmarks)</onclick>
						<visible>!VideoPlayer.Content(livetv)</visible>
					</control>
					<!-- Teletext -->
					<control type="radiobutton" id="703">
						<include content="OSDButton">
							<param name="texture" value="osd/fullscreen/buttons/teletext.png"/>
						</include>
						<onclick>Dialog.Close(VideoOSD)</onclick>
						<onclick>ActivateWindow(Teletext)</onclick>
						<visible>VideoPlayer.HasTeletext</visible>
					</control>
					<!-- stereoscopic -->
					<control type="radiobutton" id="255">
						<include content="OSDButton">
							<param name="texture" value="osd/fullscreen/buttons/stereoscopic.png"/>
						</include>
						<visible>VideoPlayer.IsStereoscopic</visible>
						<onclick>SetProperty(settingslist_content,3d,home)</onclick>
						<onclick>SetProperty(settingslist_header,$LOCALIZE[36501],home)</onclick>
						<onclick>ActivateWindow(1101)</onclick>
					</control>
					<!-- fullscreeninfo -->
					<control type="radiobutton" id="700431">
						<include content="OSDButton">
							<param name="texture" value="osd/fullscreen/buttons/information.png"/>
						</include>
						<onclick>RunScript(script.extendedinfo,info=extendedinfo,name=$INFO[Player.Title])</onclick>
						<!--<onclick>ActivateWindow(fullscreeninfo)</onclick>-->
						<visible>System.HasAddon(script.extendedinfo)</visible>
					</control>
					<!-- mute -->
					<control type="radiobutton" id="700432">
						<include content="OSDButton">
							<param name="texture" value="dialogs/volume/volume.png"/>
						</include>
						<onclick>Mute</onclick>
						<onup>VolumeUp</onup>
 						<ondown>VolumeDown</ondown>
					</control>
					<!-- tvguide -->
					<control type="radiobutton" id="700437">
						<include content="OSDButton">
							<param name="texture" value="tvgfs.png"/>
						</include>
            <onclick>Dialog.Close(VideoOSD,true)</onclick>
            <onclick>FullScreen</onclick>
 						<onclick>RunScript(script.tvguide.fullscreen)</onclick>
 						<!--<onclick condition="String.IsEqual(Window(home).Property(skinplayer),false)">SetProperty(skinplayer,true,home)</onclick>
                        <onclick condition="String.IsEqual(Window(home).Property(skinplayer),true)">SetProperty(skinplayer,false,home)</onclick>-->
 						<visible>System.HasAddon(script.tvguide.fullscreen)</visible>
					</control>
					<!-- SwitchPlayer -->
					<control type="radiobutton" id="700433">
						<include content="OSDButton">
							<param name="texture" value="switchplayer.png"/>
						</include>
						<onclick>SwitchPlayer</onclick>
					</control>
					<!-- passthrough toggle -->
					<control type="radiobutton" id="700434">
						<include content="OSDButton">
							<param name="texture" value="toggle-on.png"/>
						</include>
						<onclick>audiotoggledigital</onclick>
					</control>
					<!-- PlayerDebug -->
					<control type="radiobutton" id="700435">
						<include content="OSDButton">
							<param name="texture" value="playerdebug.png"/>
						</include>
						<onclick>FullScreen</onclick>
						<onclick>Dialog.Close(VideoOSD,true)</onclick>
 						<onclick>PlayerDebug</onclick>
					</control>
					<!-- PlayerDebug -->
					<control type="radiobutton" id="700436">
						<include content="OSDButton">
							<param name="texture" value="debug.png"/>
						</include>
						<onclick>ToggleDebug</onclick>
 						<onclick>Skin.ToggleDebug()</onclick>
					</control>


				</control>
			</control>
			
			<!-- slider -->
			<control type="group" id="6000">
				<top>60</top>
				<visible>!System.IdleTime(4)</visible>
				<visible>Player.SeekEnabled</visible>
				<control type="button" id="87">
					<include>HiddenObject</include>
					<onup>200</onup>
					<onunfocus condition="Player.Forwarding | Player.Rewinding">PlayerControl(Play)</onunfocus>
					<ondown>200</ondown>
					<onright>StepForward</onright>
					<onleft>StepBack</onleft>
					<onclick condition="Player.Forwarding | Player.Rewinding">PlayerControl(Play)</onclick>
				</control>
				<control type="slider">
					<top>-5</top>
					<left>0</left>
					<width>100%</width>
					<height>26</height>
					<texturesliderbar colordiffuse="00FFFFFF">osd/progress/nub_leftright.png</texturesliderbar>
					<textureslidernib>osd/progress/nub_leftright.png</textureslidernib>
					<textureslidernibfocus colordiffuse="button_focus">osd/progress/nub_leftright.png</textureslidernibfocus>
					<info>Player.Progress</info>
					<action>seek</action>
					<visible>!Control.HasFocus(87) + !VideoPlayer.Content(LiveTV)</visible>
				</control>
				<control type="slider">
					<top>-5</top>
					<left>0</left>
					<width>100%</width>
					<height>26</height>
					<texturesliderbar colordiffuse="00FFFFFF">osd/progress/nub_leftright.png</texturesliderbar>
					<textureslidernib colordiffuse="button_focus">osd/progress/nub_leftright.png</textureslidernib>
					<textureslidernibfocus colordiffuse="button_focus">osd/progress/nub_leftright.png</textureslidernibfocus>
					<info>Player.Progress</info>
					<action>seek</action>
					<visible>Control.HasFocus(87) + !VideoPlayer.Content(LiveTV)</visible>
				</control>
				<control type="slider">
					<top>-5</top>
					<left>0</left>
					<width>100%</width>
					<height>26</height>
					<texturesliderbar colordiffuse="00FFFFFF">osd/progress/nub_leftright.png</texturesliderbar>
					<textureslidernib>osd/progress/nub_leftright.png</textureslidernib>
					<textureslidernibfocus colordiffuse="button_focus">osd/progress/nub_leftright.png</textureslidernibfocus>
					<info>PVR.TimeshiftProgressPlayPos</info>
					<action>pvr.seek</action>
					<visible>!Control.HasFocus(87) + VideoPlayer.Content(LiveTV)</visible>
				</control>
				<control type="slider">
					<top>-5</top>
					<left>0</left>
					<width>100%</width>
					<height>26</height>
					<texturesliderbar colordiffuse="00FFFFFF">osd/progress/nub_leftright.png</texturesliderbar>
					<textureslidernib colordiffuse="button_focus">osd/progress/nub_leftright.png</textureslidernib>
					<textureslidernibfocus colordiffuse="button_focus">osd/progress/nub_leftright.png</textureslidernibfocus>
					<info>PVR.TimeshiftProgressPlayPos</info>
					<action>pvr.seek</action>
					<visible>Control.HasFocus(87) + VideoPlayer.Content(LiveTV)</visible>
				</control>
			</control>
			
		</control>

        <!-- exit -->
        <control type="button">
            <description>invisible exit</description>
            <left>0</left>
            <top>0</top>
            <width>100%</width>
            <bottom>280</bottom>
            <texturefocus />
            <texturenofocus />
            <onclick>Dialog.Close(VideoOSD,true)</onclick>
            <onclick>FullScreen</onclick>
        </control>
        
        <!-- volume top right -->
        <control type="group">
            <description>osd volume top right horizontal bar</description>
            <posx>1410</posx>
            <posy>0</posy>
            <width>510</width>
            <height>45</height>
            <control type="group">
                <posx>0</posx>
                <posy>0</posy>
                <width>510</width>
                <height>45</height>
                <visible>Player.HasMedia + !System.IdleTime(1.5)</visible>
                <control type="button" id="30050">
                    <texturefocus></texturefocus>
                    <texturenofocus></texturenofocus>
                    <description>Fake button for mouse control to open tab</description>
                    <left>0</left>
                    <top>0</top>
                    <width>510</width>
                    <height>45</height>
                </control>
                <control type="group" id="30051">
                    <posx>0</posx>
                    <posy>0</posy>
                    <width>510</width>
                    <height>45</height>
                    <visible>ControlGroup(30051).HasFocus | Control.HasFocus(30053) | Control.HasFocus(30050) | Control.HasFocus(30052)</visible>
                    <control type="image">
                        <left>0</left>
                        <top>0</top>
                        <width>510</width>
                        <height>45</height>
                        <texture border="20,20,20,2">panel.png</texture>
                    </control>
                    <control type="progress" id="30052">
                        <texturebg border="3" colordiffuse="60FFFFFF">progressbg.png</texturebg>
                        <midtexture colordiffuse="darkcyan">progress.png</midtexture>
                        <info>Player.Volume</info>
                        <left>8</left>
                        <top>8</top>
                        <width>375</width>
                        <height>30</height>
                    </control>
                    <control type="slider">
                        <texturesliderbar></texturesliderbar>
                        <textureslidernib></textureslidernib>
                        <textureslidernibfocus colordiffuse="darkcyan">progress_nub_leftright.png</textureslidernibfocus>
                        <info>Player.Volume</info>
                        <action>Volume</action>
                        <left>8</left>
                        <top>8</top>
                        <width>375</width>
                        <height>30</height>
                    </control>
                    <!-- Volume Circle -->
                    <control type="group">
                        <posx>390</posx>
                        <posy>0</posy>
                        <height>45</height>
                        <width>45</width>
                        <control type="image">
                            <posx>-4</posx>
                            <posy>-4</posy>
                            <width>54</width>
                            <height>54</height>
                            <texture colordiffuse="BFFFFFFF">buffer_bg.png</texture>
                        </control>
                        <control type="image">
                            <posx>0</posx>
                            <posy>0</posy>
                            <width>45</width>
                            <height>45</height>
                            <texture>loading-back.png</texture>
                        </control>
                        <control type="image">
                            <posx>0</posx>
                            <posy>0</posy>
                            <width>45</width>
                            <height>45</height>
                            <texture colordiffuse="darkcyan">$INFO[Control.GetLabel(30052),flags/percent/p,.png]</texture>
                        </control>
                        <control type="radiobutton" id="30053">
                            <texturenofocus />
                            <label></label>
                            <description>toggle mute</description>
                            <textureradioonfocus colordiffuse="white">toggle-on.png</textureradioonfocus>
                            <textureradioonnofocus>volumeiconmute.png</textureradioonnofocus>
                            <textureradioofffocus colordiffuse="white">toggle-off.png</textureradioofffocus>
                            <textureradiooffnofocus>volumeicon.png</textureradiooffnofocus>
                            <texturefocus colordiffuse="dimgrey">round-fo.png</texturefocus>
                            <posx>0</posx>
                            <posy>0</posy>
                            <width>45</width>
                            <height>45</height>
                            <animation center="45,45" effect="zoom" end="100" reversible="false" start="95" time="480" tween="back">Focus</animation>
                            <radiowidth>45</radiowidth>
                            <radioheight>45</radioheight>
                            <radioposx>1</radioposx>
                            <radioposy>0</radioposy>
                            <selected>Player.Muted</selected>
                            <onclick>Mute</onclick>
                        </control>
                    </control>
                    <!-- Cache Circle -->
                    <control type="group">
                        <posx>450</posx>
                        <posy>0</posy>
                        <height>45</height>
                        <width>45</width>
                        <!--<visible>Player.Caching</visible>-->
                        <control type="image">
                            <posx>-4</posx>
                            <posy>-4</posy>
                            <width>54</width>
                            <height>54</height>
                            <texture colordiffuse="BFFFFFFF">buffer_bg.png</texture>
                        </control>
                        <control type="image">
                            <posx>0</posx>
                            <posy>0</posy>
                            <width>45</width>
                            <height>45</height>
                            <texture>loading-back.png</texture>
                        </control>
                        <control type="image">
                            <posx>0</posx>
                            <posy>0</posy>
                            <width>45</width>
                            <height>45</height>
                            <texture colordiffuse="darkcyan">$INFO[Player.CacheLevel,flags/percent/p,.png]</texture>
                        </control>
                        <control type="label">
                            <description>buffering value</description>
                            <label>$INFO[Player.CacheLevel]</label>
                            <posx>0</posx>
                            <posy>0</posy>
                            <width>45</width>
                            <height>45</height>
                            <aligny>center</aligny>
                            <align>center</align>
                            <font>font10</font>
                        </control>
                    </control>
                    <!-- Player.Muted  -->
                    <control type="image">
                        <posx>390</posx>
                        <posy>0</posy>
                        <height>45</height>
                        <width>45</width>
                        <description>toggle mute</description>
                        <texture>volumeiconmute.png</texture>
                        <visible>Player.Muted</visible>
                    </control>
                </control>
            </control>
        </control>
        
    </controls>
</window>

