<?xml version="1.0" encoding="utf-8"?>
 <keymap>
  <global>
    <mouse>
      <leftclick>leftclick</leftclick>
      <middleclick>ToggleFullScreen</middleclick>
      <rightclick>rightclick</rightclick>
      <doubleclick>doubleclick</doubleclick>
      <wheeldown>wheeldown</wheeldown>
      <wheelup>wheelup</wheelup>
      <mousedrag>mousedrag</mousedrag>
      <mousemove>mousemove</mousemove>
    </mouse>
  </global>
  <SlideShow>
    <mouse>
      <leftclick>Pause</leftclick>
      <rightclick>PreviousMenu</rightclick>
      <wheelup>PreviousPicture</wheelup>
      <wheeldown>NextPicture</wheeldown>
    </mouse>
  </SlideShow>
  <FullscreenVideo>
    <mouse>
      <mousemove>noop</mousemove>
      <wheeldown>VolumeDown</wheeldown>
      <wheelup>VolumeUp</wheelup>
      <leftclick>Back</leftclick>
      <!--<leftclick>Pause</leftclick>-->
      <rightclick>select</rightclick>
    </mouse>
  </FullscreenVideo>
</keymap>