<?xml version="1.0" encoding="UTF-8" standalone="yes"?>
<addon id="repository.Radix" name="[COLOR white][B]•[/B][/COLOR][COLOR red][B]R[/B][/COLOR][COLOR white][B]A[/B][/COLOR][COLOR red][B]D[/B][/COLOR][COLOR white][B]I[/B][/COLOR][COLOR red][B]X[/B][/COLOR][COLOR white][B]•[/B][/COLOR] Repo" version="1.5" provider-name="[COLOR white][B]•[/B][/COLOR][COLOR red][B]R[/B][/COLOR][COLOR white][B]A[/B][/COLOR][COLOR red][B]D[/B][/COLOR][COLOR white][B]I[/B][/COLOR][COLOR red][B]X[/B][/COLOR][COLOR white][B]•[/B][/COLOR]">
	<extension point="xbmc.addon.repository" name="[COLOR white][B]•[/B][/COLOR][COLOR red][B]R[/B][/COLOR][COLOR white][B]A[/B][/COLOR][COLOR red][B]D[/B][/COLOR][COLOR white][B]I[/B][/COLOR][COLOR red][B]X[/B][/COLOR][COLOR white][B]• Repo">
		<dir>
			<info compressed="false">https://raw.githubusercontent.com/noobsandnerds/modules4all/master/zips/addons.xml</info>
			<checksum>https://raw.githubusercontent.com/noobsandnerds/modules4all/master/zips/addons.xml.md5</checksum>
			<datadir zip="true">https://raw.githubusercontent.com/noobsandnerds/modules4all/master/zips/</datadir>
		</dir>				
		<info compressed="false">https://gitlab.com/radix2018/Radix/raw/master/zips/addons.xml</info>
		<checksum>https://gitlab.com/radix2018/Radix/raw/master/zips/addons.xml.md5</checksum>
		<datadir zip="true">https://gitlab.com/radix2018/Radix/tree/master/zips/</datadir>
		
	</extension>
	<extension point="xbmc.addon.metadata">
		<summary lang="en">Home Of  the  [COLOR white][B]•[/B][/COLOR][COLOR red][B]R[/B][/COLOR][COLOR white][B]A[/B][/COLOR][COLOR red][B]D[/B][/COLOR][COLOR white][B]I[/B][/COLOR][COLOR red][B]X[/B][/COLOR][COLOR white][B]• Repo[/B][/COLOR]</summary>
		<description lang="en">[COLOR white][B]•[/B][/COLOR][COLOR red][B]R[/B][/COLOR][COLOR white][B]A[/B][/COLOR][COLOR red][B]D[/B][/COLOR][COLOR white][B]I[/B][/COLOR][COLOR red][B]X[/B][/COLOR][COLOR white][B]• Repo[/B][/COLOR]</description>
		<genre>uk</genre>
	</extension>
</addon>