<?xml version="1.0" encoding="UTF-8"?>
<window>
    <defaultcontrol always="true">50</defaultcontrol>
    <backgroundcolor>background</backgroundcolor>
    <views>50,51,52,53,54,55,500,501,502</views>
    <menucontrol>9000</menucontrol>
    <controls>
        <include>DefaultBackground</include>
        <control type="group">
            <animation effect="fade" start="100" end="0" time="200" tween="sine" condition="$EXP[infodialog_active]">Conditional</animation>
            <include>View_50_List</include>
            <include>View_51_Poster</include>
            <include>View_52_IconWall</include>
            <include>View_53_Shift</include>
            <include>View_54_InfoWall</include>
            <include>View_55_WideList</include>
            <include>View_500_Wall</include>
            <include>View_501_Banner</include>
            <include>View_502_FanArt</include>
            <control type="group">
                <depth>DepthContentPanel</depth>
                <include>OpenClose_Left</include>
                <visible>Control.IsVisible(55)</visible>
                <include>Visible_Left</include>
                <include>ListThumbInfoPanel</include>
            </control>

            <!-- left listitem labels -->
            <control type="group">
                <depth>DepthContentPanel</depth>
                <include>OpenClose_Left</include>
                <visible>Control.IsVisible(50) | Control.Isvisible(54) | [Control.IsVisible(501) + String.IsEqual(Skin.AspectRatio,21:9)]</visible>
                <include>Visible_Left</include>
                <include content="ContentPanel">
                    <param name="width" value="656" />
                </include>

                <!-- left library tags -->
                <control type="group">
                    <width>550</width>
                    <!-- total movies -->
                    <control type="label">
                        <top>58</top>
                        <label>$INFO[Window(Home).Property(Movies.Count)]</label>
                        <left>485</left>
                        <shadowcolor>text_shadow</shadowcolor>
                        <height>30</height>
                        <width>100</width>
                        <align>right</align>
                        <aligny>center</aligny>
                        <!--<animation effect="fade" start="0" end="100" time="300">WindowOpen</animation><animation effect="fade" start="100" end="0" time="200">WindowClose</animation><animation effect="slide" end="70,0" time="200" reversible="true" condition="Control.IsVisible(799)">Conditional</animation>-->
                        <visible>Container.Content(movies)</visible>
                    </control>
                    <!-- total episodes -->
                    <control type="label">
                        <top>58</top>
                        <label>$INFO[Window(Home).Property(Episodes.Count)]</label>
                        <left>485</left>
                        <shadowcolor>text_shadow</shadowcolor>
                        <height>30</height>
                        <width>100</width>
                        <align>right</align>
                        <aligny>center</aligny>
                        <!--<animation effect="fade" start="0" end="100" time="300">WindowOpen</animation><animation effect="fade" start="100" end="0" time="200">WindowClose</animation><animation effect="slide" end="70,0" time="200" reversible="true" condition="Control.IsVisible(799)">Conditional</animation>-->
                        <visible>Container.Content(tvshows)</visible>
                    </control>
                    <!-- Mpaa -->
                    <control type="image">
                        <description>Mpaa Image</description>
                          <left>530</left>
                          <top>1015</top>
                          <!--<top>88</top>-->
                          <width min="0" max="60">auto</width>
                          <height>60</height>
                          <aspectratio>keep</aspectratio>
                          <align>right</align>
                          <aligny>center</aligny>
                          <texture>flags/mpaa/$INFO[ListItem.Mpaa].png</texture>
                          <visible>!String.IsEmpty(ListItem.Mpaa)</visible>
                        </control>
                    <!-- goto collection dir shortcut -->
                    <control type="button">
                        <description>goto set dir </description>
                        <left>220</left>
                        <posy>1025</posy>
                        <width>365</width>
                        <height>35</height>
                        <texturefocus></texturefocus>
                        <texturenofocus></texturenofocus>
                        <label>$INFO[ListItem.Set]</label>
                        <align>left</align>
                        <aligny>center</aligny>
                        <font>font10</font>
                        <onclick>ActivateWindow(Videos,videodb://movies/sets/$INFO[ListItem.SetID]/,return)</onclick>
                        <!--<content target="video">videodb://movies/sets/$INFO[ListItem.SetID]</content>-->
                        <!--<visible>false</visible>-->
                    </control>
                    <!-- if collection show contents if no plot -->
                    <control type="group">
                        <left>20</left>
                        <top>360</top>
                        <visible>!Container.content(tvshows) + !Container.content(seasons)</visible>
                        <!--<visible>Container.Content(movies) | Container.Content(sets) | Container.Content(tvshows) | Container.content(seasons) | Container.Content(episodes)</visible>-->
                        <!--<visible>ListItem.IsCollection + String.IsEmpty(ListItem.Plot)</visible>-->
                        <include content="InfoList">
                            <param name="bottom" value="148" />
                            <param name="width" value="540" />
                            <param name="sortby" value="year" />
                            <param name="sortorder" value="ascending" />
                            <param name="font" value="font13" />
                        </include>
                    </control> 
                </control>
 
                <!-- left listitem file tags -->
                <control type="group">
                    <width>550</width>      
                    
                    <!-- watched progress bar -->
                    <control type="progress">
                        <posx>30</posx>
                        <posy>100</posy>
                        <width>550</width>
                        <height>10</height>
                        <lefttexture />
                        <righttexture />
                        <texturebg border="2" colordiffuse="black">progressbg.png</texturebg>
                        <midtexture colordiffuse="darkcyan">progress.png</midtexture>
                        <info>ListItem.PercentPlayed</info>
                        <visible>!Integer.IsEqual(ListItem.PercentPlayed,0)</visible>
                    </control>  
                    
                    <!-- 120 title -->
                    <control type="textbox">
                        <top>120</top>
                        <left>30</left>
                        <width>550</width>
                        <aligny>center</aligny>
                        <height>110</height>
                        <font>font36_title</font>
                        <label>$INFO[ListItem.Label,[B],[/B]]</label>
                    </control>

                    <!-- 240 Duration  Premiered DateAdded rating -->
                    <control type="textbox">
                        <left>30</left>
                        <top>240</top>
                        <width>565</width>
                        <height>30</height>
                        <font>font10</font>
                        <label>[B]$INFO[ListItem.Duration,, min    ][/B]$INFO[ListItem.Premiered,, ][COLOR grey]$INFO[ListItem.DateAdded, (,) ][/COLOR]$INFO[ListItem.Rating]</label>
                        <!--<autoscroll delay="6000" time="3000" repeat="6000">Skin.HasSetting(autoscroll)</autoscroll>-->
                        <!--<visible>String.IsEmpty(ListItem.Duration)</visible>-->
                        <!--<visible>ListItem.IsCollection + String.IsEmpty(ListItem.Plot)</visible>-->
                    </control>

                    <!-- 275  Genre -->
                    <control type="textbox">
                        <left>30</left>
                        <top>275</top>
                        <width>565</width>
                        <height>30</height>
                        <font>font10</font>
                        <label>$INFO[ListItem.Genre]</label>
                        <!--<label>[COLOR grey]$INFO[ListItem.mpaa,, [COLOR dimgrey]•[/COLOR] ][/COLOR]$INFO[ListItem.Genre]</label>-->
                        <!--<autoscroll delay="6000" time="3000" repeat="6000">Skin.HasSetting(autoscroll)</autoscroll>-->
                    </control>

                    <!-- 310 Season Episode  Studio Country -->
                    <control type="textbox">
                        <left>30</left>
                        <top>310</top>
                        <width>565</width>
                        <height>30</height>
                        <font>font10</font>
                        <label>[COLOR grey]$INFO[ListItem.Season,Season:[COLOR white] , [/COLOR][COLOR dimgrey]•[/COLOR] ][/COLOR][COLOR grey]$INFO[ListItem.Episode,Episode:[/COLOR] ,[COLOR white] [COLOR dimgrey]•[/COLOR] ][/COLOR]$INFO[ListItem.Country,, [COLOR dimgrey]•[/COLOR] ]$INFO[ListItem.Studio]</label>
                        <!--<autoscroll delay="6000" time="3000" repeat="6000">Skin.HasSetting(autoscroll)</autoscroll>-->
                    </control>

                    <!-- 345 Director -->
                    <!--
                    <control type="textbox">
                        <left>30</left>
                        <top>345</top>
                        <width>555</width>
                        <height>30</height>
                        <font>font10</font>
                        <visible>!ListItem.IsCollection</visible>
                        <label>$INFO[ListItem.Director,[COLOR grey]Director:[/COLOR]  ,]</label>
                    </control>
                    -->
                    <!-- 345 Director button -->
                    <control type="button">
                        <left>23</left>
                        <top>345</top>
                        <width>555</width>
                        <height>30</height>
                        <font>font10</font>
                    <texturefocus></texturefocus>
                    <texturenofocus></texturenofocus>
                    <label>$INFO[ListItem.Director,[COLOR grey]Director:[/COLOR]  ,]</label>
                    <description>director</description>
                    <align>left</align>
                    <onclick>ActivateWindow(Videos,videodb://movies/directors/$INFO[ListItem.DBID],return)</onclick>
                    <visible>!ListItem.IsCollection</visible>
                </control> 
                    <!-- 380 Writer -->
                    <control type="textbox">
                        <left>30</left>
                        <top>380</top>
                        <width>555</width>
                        <height>30</height>
                        <font>font10</font>
                        <visible>!ListItem.IsCollection</visible>
                        <label>$INFO[ListItem.Writer,[COLOR grey]Writer:[/COLOR]  ,]</label>
                    </control>                   

                    <!-- 415 Audio tracks -->
                    <control type="grouplist">
                        <description>audio and sub flags</description>
                        <posx>30</posx>
                        <posy>415</posy>
                        <width>550</width>
                        <height>60</height>
                        <align>left</align>
                        <aligny>center</aligny>
                        <orientation>horizontal</orientation>
                        <itemgap>2</itemgap>
                        <!-- Audiotracks -->
                        <control type="label">
                            <posx>0</posx>
                            <posy>0</posy>
                            <width>130</width>
                            <height>25</height>
                            <label>[COLOR grey]Languages:[/COLOR]</label>
                            <font>font10</font>
                            <align>left</align>
                            <aligny>center</aligny>
                            <visible>!String.IsEmpty(Container(System.CurrentControlID).ListItem.Property(AudioLanguage.1))</visible>
                        </control>
                        <!-- AudioLanguage 1 -->
                        <control type="image">
                            <description>AudioLanguage1 Image</description>
                            <width>30</width>
                            <height>25</height>
                            <aspectratio>keep</aspectratio>
                            <texture>$INFO[Container(System.CurrentControlID).ListItem.Property(AudioLanguage.1),flags/country/,.png]</texture>
                            <visible>!String.IsEmpty(Container(System.CurrentControlID).ListItem.Property(AudioLanguage.1))</visible>
                        </control>
                         <control type="image">
                            <description>AudioCodec1 Image</description>
                            <posy>0</posy>
                            <width>60</width>
                            <height>30</height>
                            <aspectratio>scale</aspectratio>
                            <texture>$INFO[Container(System.CurrentControlID).ListItem.Property(AudioCodec.1),flags/audiocodec/,.png]</texture>
                            <visible>!String.IsEmpty(Container(System.CurrentControlID).ListItem.Property(AudioLanguage.1))</visible>
                        </control>
                        <!--
                <control type="label">
                    <posx>0</posx>
                    <posy>0</posy>
                    <width>60</width>
                    <height>25</height>
                    <align>center</align>
                    <aligny>center</aligny>
                    <font>font10</font>
                    <label>$INFO[ListItem.Property(AudioCodec.1)]</label>
                    <visible>!String.IsEmpty(Container(System.CurrentControlID).ListItem.Property(AudioLanguage.1))</visible>
                </control>
-->
                
                        <!-- AudioLanguage 2 -->
                        <control type="image">
                            <description>AudioLanguage2 Image</description>
                            <width>30</width>
                            <height>25</height>
                            <aspectratio>keep</aspectratio>
                            <texture>$INFO[Container(System.CurrentControlID).ListItem.Property(AudioLanguage.2),flags/country/,.png]</texture>
                            <visible>!String.IsEmpty(Container(System.CurrentControlID).ListItem.Property(AudioLanguage.2))</visible>
                        </control>
                         <control type="image">
                            <description>AudioCodec1 Image</description>
                            <posy>0</posy>
                            <width>60</width>
                            <height>30</height>
                            <aspectratio>scale</aspectratio>
                            <texture>$INFO[Container(System.CurrentControlID).ListItem.Property(AudioCodec.2),flags/audiocodec/,.png]</texture>
                            <visible>!String.IsEmpty(Container(System.CurrentControlID).ListItem.Property(AudioLanguage.2))</visible>
                        </control>
                        <!--
                <control type="label">
                    <posx>0</posx>
                    <posy>0</posy>
                    <width>60</width>
                    <height>25</height>
                    <align>center</align>
                    <aligny>center</aligny>
                    <font>font10</font>
                    <label>$INFO[ListItem.Property(AudioCodec.2)]</label>
                    <visible>!String.IsEmpty(Container(System.CurrentControlID).ListItem.Property(AudioLanguage.2))</visible>
                </control>
-->
                        <!-- AudioLanguage 3 -->
                        <control type="image">
                            <description>AudioLanguage3 Image</description>
                            <width>30</width>
                            <height>25</height>
                            <aspectratio>keep</aspectratio>
                            <texture>$INFO[Container(System.CurrentControlID).ListItem.Property(AudioLanguage.3),flags/country/,.png]</texture>
                            <visible>!String.IsEmpty(Container(System.CurrentControlID).ListItem.Property(AudioLanguage.3))</visible>
                        </control>
                         <control type="image">
                            <description>AudioCodec3 Image</description>
                            <posy>0</posy>
                            <width>60</width>
                            <height>30</height>
                            <aspectratio>scale</aspectratio>
                            <texture>$INFO[Container(System.CurrentControlID).ListItem.Property(AudioCodec.3),flags/audiocodec/,.png]</texture>
                            <visible>!String.IsEmpty(Container(System.CurrentControlID).ListItem.Property(AudioLanguage.3))</visible>
                        </control>
                        <!--
                <control type="label">
                    <posx>0</posx>
                    <posy>0</posy>
                    <width>60</width>
                    <height>25</height>
                    <align>center</align>
                    <aligny>center</aligny>
                    <font>font10</font>
                    <label>$INFO[ListItem.Property(AudioCodec.3)]</label>
                    <visible>!String.IsEmpty(Container(System.CurrentControlID).ListItem.Property(AudioLanguage.3))</visible>
                </control>
-->
                        <!-- AudioLanguage 4 -->
                        <control type="image">
                            <description>AudioLanguage4 Image</description>
                            <width>30</width>
                            <height>25</height>
                            <aspectratio>keep</aspectratio>
                            <texture>$INFO[Container(System.CurrentControlID).ListItem.Property(AudioLanguage.4),flags/country/,.png]</texture>
                            <visible>!String.IsEmpty(Container(System.CurrentControlID).ListItem.Property(AudioLanguage.4))</visible>
                        </control>
                         <control type="image">
                            <description>AudioCodec4 Image</description>
                            <posy>0</posy>
                            <width>60</width>
                            <height>30</height>
                            <aspectratio>scale</aspectratio>
                            <texture>$INFO[Container(System.CurrentControlID).ListItem.Property(AudioCodec.4),flags/audiocodec/,.png]</texture>
                            <visible>!String.IsEmpty(Container(System.CurrentControlID).ListItem.Property(AudioLanguage.4))</visible>
                        </control>
                        <!--
                <control type="label">
                    <posx>0</posx>
                    <posy>0</posy>
                    <width>60</width>
                    <height>25</height>
                    <align>center</align>
                    <aligny>center</aligny>
                    <font>font10</font>
                    <label>$INFO[ListItem.Property(AudioCodec.4)]</label>
                    <visible>!String.IsEmpty(Container(System.CurrentControlID).ListItem.Property(AudioLanguage.4))</visible>
                </control>
-->
                        <!-- AudioLanguage 5 -->
                        <control type="image">
                            <description>AudioLanguage5 Image</description>
                              <width>30</width>
                            <height>25</height>
                            <aspectratio>keep</aspectratio>
                            <texture>$INFO[Container(System.CurrentControlID).ListItem.Property(AudioLanguage.5),flags/country/,.png]</texture>
                            <visible>!String.IsEmpty(Container(System.CurrentControlID).ListItem.Property(AudioLanguage.5))</visible>
                        </control>
                         <control type="image">
                            <description>AudioCodec5 Image</description>
                            <posy>0</posy>
                            <width>60</width>
                            <height>30</height>
                            <aspectratio>scale</aspectratio>
                            <texture>$INFO[Container(System.CurrentControlID).ListItem.Property(AudioCodec.5),flags/audiocodec/,.png]</texture>
                            <visible>!String.IsEmpty(Container(System.CurrentControlID).ListItem.Property(AudioLanguage.5))</visible>
                        </control>
                        <!--
                <control type="label">
                    <posx>0</posx>
                    <posy>0</posy>
                    <width>60</width>
                    <height>25</height>
                    <align>center</align>
                    <aligny>center</aligny>
                    <font>font10</font>
                    <label>$INFO[ListItem.Property(AudioCodec.5)]</label>
                    <visible>!String.IsEmpty(Container(System.CurrentControlID).ListItem.Property(AudioLanguage.5))</visible>
                </control>
-->
                        <!-- AudioLanguage 6 -->
                        <control type="image">
                            <description>AudioLanguage6 Image</description>
                                         <width>30</width>
                            <height>25</height>
                            <aspectratio>keep</aspectratio>
                            <texture>$INFO[Container(System.CurrentControlID).ListItem.Property(AudioLanguage.6),flags/country/,.png]</texture>
                            <visible>!String.IsEmpty(Container(System.CurrentControlID).ListItem.Property(AudioLanguage.6))</visible>
                        </control>
                         <control type="image">
                            <description>AudioCodec6 Image</description>
                            <posy>0</posy>
                            <width>60</width>
                            <height>30</height>
                            <aspectratio>scale</aspectratio>
                            <texture>$INFO[Container(System.CurrentControlID).ListItem.Property(AudioCodec.6),flags/audiocodec/,.png]</texture>
                            <visible>!String.IsEmpty(Container(System.CurrentControlID).ListItem.Property(AudioLanguage.6))</visible>
                        </control>
                        <!--
                <control type="label">
                    <posx>0</posx>
                    <posy>0</posy>
                    <width>60</width>
                    <height>25</height>
                    <align>center</align>
                    <aligny>center</aligny>
                    <font>font10</font>
                    <label>$INFO[ListItem.Property(AudioCodec.6)]</label>
                    <visible>!String.IsEmpty(Container(System.CurrentControlID).ListItem.Property(AudioLanguage.6))</visible>
                </control>
-->
                        <!-- AudioLanguage 7 -->
                        <control type="image">
                            <description>AudioLanguage7 Image</description>
                                <width>30</width>
                            <height>25</height>
                            <aspectratio>keep</aspectratio>
                            <texture>$INFO[Container(System.CurrentControlID).ListItem.Property(AudioLanguage.7),flags/country/,.png]</texture>
                            <visible>!String.IsEmpty(Container(System.CurrentControlID).ListItem.Property(AudioLanguage.7))</visible>
                        </control>
                         <control type="image">
                            <description>AudioCodec7 Image</description>
                            <posy>0</posy>
                            <width>60</width>
                            <height>30</height>
                            <aspectratio>scale</aspectratio>
                            <texture>$INFO[Container(System.CurrentControlID).ListItem.Property(AudioCodec.7),flags/audiocodec/,.png]</texture>
                            <visible>!String.IsEmpty(Container(System.CurrentControlID).ListItem.Property(AudioLanguage.7))</visible>
                        </control>
                        <!--
                <control type="label">
                    <posx>0</posx>
                    <posy>0</posy>
                    <width>60</width>
                    <height>25</height>
                    <align>center</align>
                    <aligny>center</aligny>
                    <font>font10</font>
                    <label>$INFO[ListItem.Property(AudioCodec.7)]</label>
                    <visible>!String.IsEmpty(Container(System.CurrentControlID).ListItem.Property(AudioLanguage.7))</visible>
                </control>
-->
                        <!-- AudioLanguage 8 -->
                        <control type="image">
                            <description>AudioLanguage8 Image</description>
                            <width>30</width>
                            <height>25</height>
                            <aspectratio>keep</aspectratio>
                            <texture>$INFO[Container(System.CurrentControlID).ListItem.Property(AudioLanguage.8),flags/country/,.png]</texture>
                            <visible>!String.IsEmpty(Container(System.CurrentControlID).ListItem.Property(AudioLanguage.8))</visible>
                        </control>
                         <control type="image">
                            <description>AudioCodec8 Image</description>
                            <posy>0</posy>
                            <width>60</width>
                            <height>30</height>
                            <aspectratio>scale</aspectratio>
                            <texture>$INFO[Container(System.CurrentControlID).ListItem.Property(AudioCodec.8),flags/audiocodec/,.png]</texture>
                            <visible>!String.IsEmpty(Container(System.CurrentControlID).ListItem.Property(AudioLanguage.8))</visible>
                        </control>
                        <!--
                <control type="label">
                    <posx>0</posx>
                    <posy>0</posy>
                    <width>60</width>
                    <height>25</height>
                    <align>center</align>
                    <aligny>center</aligny>
                    <font>font10</font>
                    <label>$INFO[ListItem.Property(AudioCodec.8)]</label>
                    <visible>!String.IsEmpty(Container(System.CurrentControlID).ListItem.Property(AudioLanguage.8))</visible>
                </control>
-->
                        <!-- AudioLanguage 9 -->
                        <control type="image">
                            <description>AudioLanguage8 Image</description>
                            <width>30</width>
                            <height>25</height>
                            <aspectratio>keep</aspectratio>
                            <texture>$INFO[Container(System.CurrentControlID).ListItem.Property(AudioLanguage.9),flags/country/,.png]</texture>
                            <visible>!String.IsEmpty(Container(System.CurrentControlID).ListItem.Property(AudioLanguage.9))</visible>
                        </control>
                         <control type="image">
                            <description>AudioCodec9 Image</description>
                            <posy>0</posy>
                            <width>60</width>
                            <height>30</height>
                            <aspectratio>scale</aspectratio>
                            <texture>$INFO[Container(System.CurrentControlID).ListItem.Property(AudioCodec.9),flags/audiocodec/,.png]</texture>
                            <visible>!String.IsEmpty(Container(System.CurrentControlID).ListItem.Property(AudioLanguage.9))</visible>
                        </control>
                        <!--
                <control type="label">
                    <posx>0</posx>
                    <posy>0</posy>
                    <width>60</width>
                    <height>25</height>
                    <align>center</align>
                    <aligny>center</aligny>
                    <font>font10</font>
                    <label>$INFO[ListItem.Property(AudioCodec.9)]</label>
                    <visible>!String.IsEmpty(Container(System.CurrentControlID).ListItem.Property(AudioLanguage.9))</visible>
                </control>
-->
                   </control>

                    <!-- 450 subtitle tracks -->
                    <control type="grouplist">
                        <description>audio and sub flags</description>
                        <posx>30</posx>
                        <posy>450</posy>
                        <width>550</width>
                        <height>60</height>
                        <align>left</align>
                        <aligny>center</aligny>
                        <orientation>horizontal</orientation>
                        <itemgap>2</itemgap>
                        <!-- Subtitles -->
                        <control type="label">
                            <posx>0</posx>
                            <posy>0</posy>
                            <width>80</width>
                            <height>25</height>
                            <label>[COLOR grey]Subs:[/COLOR] </label>
                            <font>font10</font>
                            <align>left</align>
                            <aligny>center</aligny>
                            <visible>!String.IsEmpty(Container(System.CurrentControlID).ListItem.Property(SubtitleLanguage.1))</visible>
                        </control>
                        <!-- SubtitleLanguage 1 -->
                        <control type="image">
                            <description>SubtitleLanguage1 Image</description>
                            <width>30</width>
                            <height>25</height>
                            <aspectratio>keep</aspectratio>
                            <texture>$INFO[Container(System.CurrentControlID).ListItem.Property(SubtitleLanguage.1),flags/country/,.png]</texture>
                            <visible>!String.IsEmpty(Container(System.CurrentControlID).ListItem.Property(SubtitleLanguage.1))</visible>
                        </control>
                        <!-- SubtitleLanguage 2 -->
                        <control type="image">
                            <description>SubtitleLanguage2 Image</description>
                            <width>30</width>
                            <height>25</height>
                            <aspectratio>keep</aspectratio>
                            <texture>$INFO[Container(System.CurrentControlID).ListItem.Property(SubtitleLanguage.2),flags/country/,.png]</texture>
                            <visible>!String.IsEmpty(Container(System.CurrentControlID).ListItem.Property(SubtitleLanguage.2))</visible>
                        </control>
                        <!-- SubtitleLanguage 3 -->
                        <control type="image">
                            <description>SubtitleLanguage3 Image</description>
                            <width>30</width>
                            <height>25</height>
                            <aspectratio>keep</aspectratio>
                            <texture>$INFO[Container(System.CurrentControlID).ListItem.Property(SubtitleLanguage.3),flags/country/,.png]</texture>
                            <visible>!String.IsEmpty(Container(System.CurrentControlID).ListItem.Property(SubtitleLanguage.3))</visible>
                        </control>
                        <!-- SubtitleLanguage 4 -->
                        <control type="image">
                            <description>SubtitleLanguage4 Image</description>
                            <width>30</width>
                            <height>25</height>
                            <aspectratio>keep</aspectratio>
                            <texture>$INFO[Container(System.CurrentControlID).ListItem.Property(SubtitleLanguage.4),flags/country/,.png]</texture>
                            <visible>!String.IsEmpty(Container(System.CurrentControlID).ListItem.Property(SubtitleLanguage.4))</visible>
                        </control>
                        <!-- SubtitleLanguage 5 -->
                        <control type="image">
                            <description>SubtitleLanguage5 Image</description>
                                  <width>30</width>
                            <height>25</height>
                            <aspectratio>keep</aspectratio>
                            <texture>$INFO[Container(System.CurrentControlID).ListItem.Property(SubtitleLanguage.5),flags/country/,.png]</texture>
                            <visible>!String.IsEmpty(Container(System.CurrentControlID).ListItem.Property(SubtitleLanguage.5))</visible>
                        </control>
                        <!-- SubtitleLanguage 6 -->
                        <control type="image">
                            <description>SubtitleLanguage6 Image</description>
                            <width>30</width>
                            <height>25</height>
                            <aspectratio>keep</aspectratio>
                            <texture>$INFO[Container(System.CurrentControlID).ListItem.Property(SubtitleLanguage.6),flags/country/,.png]</texture>
                            <visible>!String.IsEmpty(Container(System.CurrentControlID).ListItem.Property(SubtitleLanguage.6))</visible>
                        </control>
                        <!-- SubtitleLanguage 7 -->
                        <control type="image">
                            <description>SubtitleLanguage7 Image</description>
                             <width>30</width>
                            <height>25</height>
                            <aspectratio>keep</aspectratio>
                            <texture>$INFO[Container(System.CurrentControlID).ListItem.Property(SubtitleLanguage.7),flags/country/,.png]</texture>
                            <visible>!String.IsEmpty(Container(System.CurrentControlID).ListItem.Property(SubtitleLanguage.7))</visible>
                        </control>
                        <!-- SubtitleLanguage 8 -->
                        <control type="image">
                            <description>SubtitleLanguage8 Image</description>
                                    <width>30</width>
                            <height>25</height>
                            <aspectratio>keep</aspectratio>
                            <texture>$INFO[Container(System.CurrentControlID).ListItem.Property(SubtitleLanguage.8),flags/country/,.png]</texture>
                            <visible>!String.IsEmpty(Container(System.CurrentControlID).ListItem.Property(SubtitleLanguage.8))</visible>
                        </control>
                        <!-- SubtitleLanguage 9 -->
                        <control type="image">
                            <description>SubtitleLanguage8 Image</description>
                            <width>30</width>
                            <height>25</height>
                            <aspectratio>keep</aspectratio>
                            <texture>$INFO[Container(System.CurrentControlID).ListItem.Property(SubtitleLanguage.9),flags/country/,.png]</texture>
                            <visible>!String.IsEmpty(Container(System.CurrentControlID).ListItem.Property(SubtitleLanguage.9))</visible>
                        </control>
                        <!-- Mpaa -->
                        <!--
                        <control type="image">
                        <description>Mpaa Image</description>
                          <width min="0" max="30">auto</width>
                          <height>30</height>
                          <aspectratio>keep</aspectratio>
                          <align>right</align>
                          <aligny>center</aligny>
                          <texture>flags/mpaa/$INFO[ListItem.Mpaa].png</texture>
                          <visible>!String.IsEmpty(ListItem.Mpaa)</visible>
                        </control>
                        -->
                        <!-- VideoCodec -->
                        <!--
                        <control type="label">
                            <posx>0</posx>
                            <posy>0</posy>
                            <width>100</width>
                            <height>25</height>
                            <label> / $INFO[ListItem.VideoCodec]</label>
                            <font>font10</font>
                            <align>left</align>
                            <aligny>center</aligny>
                        </control>
                        -->
                     <!-- 450 Collection -->
                     <!--
                    <control type="textbox">
                        <left>0</left>
                        <top>0</top>
                        <width>555</width>
                        <height>30</height>
                        <font>font10</font>
                        <label>$INFO[ListItem.Set,[COLOR grey]Set:[/COLOR] ,]</label>
                    </control>
                    -->
                    </control>

                    <!-- 450 Collection -->
                    <!--
                    <control type="textbox">
                        <left>30</left>
                        <top>450</top>
                        <width>555</width>
                        <height>30</height>
                        <font>font10</font>
                        <label>$INFO[ListItem.Set,[COLOR grey]Collection:[/COLOR]  ,]</label>
                    </control>
                    -->
                    <!-- 485  Tagline Plot -->
                    <control type="textbox">
                        <left>30</left>
                       <top>485</top>
                        <width>535</width>
                        <bottom>70</bottom>
                        <font>font13</font>
                        <visible>!ListItem.IsCollection</visible>
                        <label>[COLOR dimgrey]$INFO[ListItem.Tagline,[I],[/I]][/COLOR][CR]$INFO[ListItem.Plot]</label>
                        <!--<label>[COLOR dimgrey]$INFO[ListItem.Tagline,[I],[/I]][/COLOR][CR]$INFO[ListItem.Plot]</label>-->
                        <autoscroll delay="8000" time="3000" repeat="8000">Skin.HasSetting(autoscroll)</autoscroll>
                    </control>

                </control>
                   
            </control>

            <!-- right listitem labels -->
            <control type="group">
                <depth>DepthContentPanel</depth>
                <include>OpenClose_Left</include>
                <visible>Control.IsVisible(50) | Control.Isvisible(54) | [Control.IsVisible(501) + String.IsEqual(Skin.AspectRatio,21:9)]</visible>
                <include>Visible_Left</include>
                <!-- top update library button -->
                <control type="button">
                    <description>Update library</description>
                    <posx>1400</posx>
                    <posy>5</posy>
                    <width>520</width>
                    <height>145</height>
                    <texturefocus></texturefocus>
                    <texturenofocus></texturenofocus>
                    <label></label>
                    <description>trailer</description>
                    <align>center</align>
                    <aligny>center</aligny>
                    <onclick>UpdateLibrary(video)</onclick>
                    <visible>!Container.Content(addons)+ String.IsEmpty(Container.PluginName)</visible>
                </control>
                <!-- bottom trailer button -->
                <control type="button">
                    <posx>1400</posx>
                    <posy>965</posy>
                    <width>520</width>
                    <height>260</height>
                    <texturefocus></texturefocus>
                    <texturenofocus></texturenofocus>
                    <label></label>
                    <description>trailer</description>
                    <align>center</align>
                    <aligny>center</aligny>
                    <onclick>PlayMedia($INFO[ListItem.trailer],1)</onclick>
                    <visible>!IsEmpty(ListItem.trailer)</visible>
                </control>
                <!-- 80 FileNameAndPath -->
                <control type="textbox">
                    <posx>1350</posx>
                    <posy>80</posy>
                    <width>570</width>
                    <height>65</height>
                    <font>font10</font>
                    <align>right</align>
                    <aligny>top</aligny>
                    <label>[COLOR grey]$INFO[ListItem.FileNameAndPath,,  ][/COLOR]$INFO[ListItem.Size]</label>
                    <autoscroll delay="10000" time="3000" repeat="10000">Skin.HasSetting(autoscroll)</autoscroll>
                </control>
                <!-- 963 video  audio codec -->
                <control type="label">
                    <posx>1360</posx>
                    <posy>963</posy>
                    <width>250</width>
                    <height>60</height>
                    <align>left</align>
                    <aligny>center</aligny>
                    <font>font10</font>
                    <label>$INFO[ListItem.VideoCodec] / $INFO[ListItem.Property(AudioCodec.1)]$INFO[ListItem.Property(AudioCodec.2), / ,, / ]$INFO[ListItem.Property(AudioCodec.3),, / ]$INFO[ListItem.Property(AudioCodec.4),, / ]$INFO[ListItem.Property(AudioCodec.5),, / ]$INFO[ListItem.Property(AudioCodec.6),, / ]$INFO[ListItem.Property(AudioCodec.7),, / ]$INFO[ListItem.Property(AudioCodec.8),, / ]$INFO[ListItem.Property(AudioCodec.9)]</label>
                    <visible>!String.IsEmpty(ListItem.VideoCodec)</visible>
                </control>
                <!-- tv season banner Art(banner) -->
                <control type="image">
                    <description>tv logo</description>
                    <posx>1350</posx>
                    <posy>1020</posy>
                    <!--<posy>95</posy>-->
                    <width>200</width>
                    <height>40</height>
                    <aspectratio>keep</aspectratio>
                    <align>right</align>
                    <aligny>center</aligny>
                    <info>ListItem.Art(banner)</info>
                    <visible>!String.IsEmpty(ListItem.Art(banner))</visible>
                </control>
                <!-- extra file codecs right -->
                <control type="grouplist">
                    <description>codec flags</description>
                    <posx>1400</posx>
                    <posy>965</posy>
                    <width>500</width>
                    <height>50</height>
                    <align>right</align>
                    <aligny>center</aligny>
                    <orientation>horizontal</orientation>
                    <itemgap>25</itemgap>
                    <!-- trailer button -->
                    <!--
             <control type="button"><posx>0</posx><posy>0</posy><width>60</width><height>60</height><texturefocus>flags/trailers.png</texturefocus><texturenofocus>flags/trailers.png</texturenofocus><label></label><description>trailer</description><align>center</align><aligny>center</aligny><onclick>PlayMedia($INFO[ListItem.trailer],1)</onclick><visible>!IsEmpty(ListItem.trailer)</visible></control> 
            -->
                    <!-- Mpaa -->
                    <!--
                    <control type="image">
                        <description>Mpaa Image</description>
                        <width min="0" max="60">auto</width>
                        <height>60</height>
                        <aspectratio>keep</aspectratio>
                        <align>right</align>
                        <aligny>center</aligny>
                        <texture>flags/mpaa/$INFO[ListItem.Mpaa].png</texture>
                        <visible>!String.IsEmpty(ListItem.Mpaa)</visible>
                    </control>
                    -->
                    <!-- AudioLanguage if not eng -->
                    <!--
                    <control type="image">
                        <description>AudioLanguage Image</description>
                        <width>60</width>
                        <height>60</height>
                        <aspectratio>keep</aspectratio>
                        <align>right</align>
                        <aligny>center</aligny>
                        <texture>$INFO[ListItem.AudioLanguage,flags/country/,.png]</texture>
                        <visible>!String.IsEmpty(ListItem.AudioLanguage) + !String.Contains(ListItem.AudioLanguage,en)</visible>
                    </control>
                    -->
                    <!-- Video VideoCodec -->
                    <!--
                    <control type="image">
                        <width min="0" max="115">auto</width>
                        <height>60</height>
                        <aspectratio>keep</aspectratio>
                        <texture>flags/videocodec/$INFO[ListItem.VideoCodec].png</texture>
                        <visible>!String.IsEmpty(ListItem.VideoCodec)</visible>
                    </control>
                    -->
                    <!-- Video AspectRatio -->
                    <control type="image">
                        <width min="0" max="115">auto</width>
                        <height>60</height>
                        <aspectratio>keep</aspectratio>
                        <texture>flags/aspectratio/$INFO[ListItem.VideoAspect].png</texture>
                        <visible>!String.IsEmpty(ListItem.VideoAspect)</visible>
                    </control>
                </control>
            </control>
            
            <!-- global # SortBy EDIT THIS MENU    Sort By MENU ## Control Group 9200 -->
            <control type="group">
                <description>Main Menu listview</description>
                <posx>37</posx>
                <posy>100</posy>
                <!--<posy>945</posy>-->
                <height>30</height>
                <include>OpenClose_Left</include>
                <visible>!Control.HasFocus(50) + !System.IdleTime(2.666)</visible>
                <!--<visible>Control.IsVisible(50) | Control.Isvisible(54) | [Control.IsVisible(501) + String.IsEqual(Skin.AspectRatio,21:9)]</visible>-->
                <include>Visible_Left</include>
                <control type="image">
                    <left>151</left>
                    <posy>0</posy>
                    <width>375</width>
                    <height>30</height>
                    <texture>panel.png</texture>
                </control>
                <!-- SortOrder -->
                <control type="button" id="6052">
                    <!--<include>MediaMenuItemsCommon</include>-->
                    <posx>-5</posx>
                    <posy>0</posy>
                    <width>156</width>
                    <height>30</height>
                    <font>font10</font>
                    <label>[COLOR grey][B]$INFO[Container.SortOrder][/B]:[/COLOR]</label>
                    <onclick>SendClick(4)</onclick>
                    <!--<onclick>Container.SetSortDirection</onclick>-->
                    <onclick>Control.SetFocus(50,2,absolute)</onclick>
                    <!--<visible>Control.IsEnabled(4)</visible>-->
                </control>
                
                <!-- SortBy MENU  -->
                <control type="list" id="9200">
                    <left>151</left>
                    <posy>0</posy>
                    <width>395</width>
                    <height>30</height>
                    <orientation>horizontal</orientation>
                    <scrolltime tween="cubic" easing="out">500</scrolltime>
                    <onleft>9000</onleft>
                    <onright>9000</onright>
                    <content>
                        <!-- SortMethod list choose -->
                        <item>
                            <label>[COLOR yellow][B]$INFO[Container.SortMethod][/B][/COLOR]</label>
                            <property name="menu_id">$NUMBER[101]</property>
                            <onclick>SendClick(3)</onclick>
                            <onclick>Control.SetFocus(50,1,absolute)</onclick>
                        </item>
                        <!-- File 4 # Files only -->
                        <item>
                            <label>File</label>
                            <property name="menu_id">$NUMBER[102]</property>
                            <onclick>Container.SetSortMethod(4)</onclick>
                            <onclick condition="!String.IsEqual(Container.SortOrder,Ascending)">Container.SetSortDirection</onclick>
                            <onclick>Control.SetFocus(50,1,absolute)</onclick>
                            <onclick>Container.SetSortMethod(4)</onclick>
                            <onclick condition="!String.IsEqual(Container.SortOrder,Ascending)">Container.SetSortDirection</onclick>
                            <onclick>Control.SetFocus(50,1,absolute)</onclick>
                            <visible>!ListItem.IsCollection + !String.Contains(ListItem.Size,000000 B)</visible>
                        </item>
                        <!-- Date 2 # Files only -->
                        <item>
                            <label>Date</label>
                            <property name="menu_id">$NUMBER[103]</property>
                            <onclick>Container.SetSortMethod(2)</onclick>
                            <onclick condition="String.IsEqual(Container.SortOrder,Ascending)">Container.SetSortDirection</onclick>
                            <onclick>Control.SetFocus(50,1,absolute)</onclick>
                            <onclick>Container.SetSortMethod(2)</onclick>
                            <onclick condition="String.IsEqual(Container.SortOrder,Ascending)">Container.SetSortDirection</onclick>
                            <onclick>Control.SetFocus(50,1,absolute)</onclick>
                             <visible>!ListItem.IsCollection + !String.Contains(ListItem.Size,000000 B)</visible>
                        </item>
                        <!-- Size 3 # Files only -->
                        <item>
                            <label>Size</label>
                            <property name="menu_id">$NUMBER[104]</property>
                            <onclick>Container.SetSortMethod(3)</onclick>
                            <onclick condition="String.IsEqual(Container.SortOrder,Ascending)">Container.SetSortDirection</onclick>
                            <onclick>Control.SetFocus(50,1,absolute)</onclick>
                            <onclick>Container.SetSortMethod(3)</onclick>
                            <onclick condition="String.IsEqual(Container.SortOrder,Ascending)">Container.SetSortDirection</onclick>
                            <onclick>Control.SetFocus(50,1,absolute)</onclick>
                            <visible>!ListItem.IsCollection + !String.Contains(ListItem.Size,000000 B)</visible>
                        </item>
                        <!-- Name Label 1 -->
                        <item>
                            <label>Name</label>
                            <property name="menu_id">$NUMBER[105]</property>
                            <onclick>Container.SetSortMethod(1)</onclick>
                            <onclick condition="!String.IsEqual(Container.SortOrder,Ascending)">Container.SetSortDirection</onclick>
                            <onclick>Control.SetFocus(50,1,absolute)</onclick>
                            <onclick>Container.SetSortMethod(1)</onclick>
                            <onclick condition="!String.IsEqual(Container.SortOrder,Ascending)">Container.SetSortDirection</onclick>
                            <onclick>Control.SetFocus(50,1,absolute)</onclick>
                            <visible>!ListItem.IsCollection + !String.Contains(ListItem.Size,000000 B)</visible>
                        </item>
                        <!-- Title 1 4  title 7 # Library only -->
                        <!--
                        <item>
                            <label>Title</label>
                            <property name="menu_id">$NUMBER[106]</property>
                            <onclick>Container.SetSortMethod(4)</onclick>
                            <onclick>Container.SetSortDirection</onclick>
                            <onclick condition="!String.IsEqual(Container.SortOrder,Ascending)">Container.SetSortDirection</onclick>
                            <onclick>Control.SetFocus(50,1,absolute)</onclick>
                            <onclick>Container.SetSortMethod(4)</onclick>
                            <onclick condition="!String.IsEqual(Container.SortOrder,Ascending)">Container.SetSortDirection</onclick>
                            <onclick>Control.SetFocus(50,1,absolute)</onclick>
                            <visible>String.Contains(ListItem.Size,000000 B)</visible>
                        </item>
                        -->
                        <!-- dateadded 40 # Library only -->
                        <item>
                            <label>DateAdded</label>
                            <property name="menu_id">$NUMBER[107]</property>
                            <onclick>Container.SetSortMethod(40)</onclick>
                            <onclick condition="String.IsEqual(Container.SortOrder,Ascending)">Container.SetSortDirection</onclick>
                            <onclick>Control.SetFocus(50,1,absolute)</onclick>
                            <visible>String.Contains(ListItem.Size,000000 B)</visible>
                        </item>
                        <!-- Year 16 # Library only -->
                        <!--
                        <item>
                            <label>Year</label>
                            <property name="menu_id">$NUMBER[108]</property>
                            <onclick>Container.SetSortMethod(16)</onclick>
                            <onclick condition="String.IsEqual(Container.SortOrder,Ascending)">Container.SetSortDirection</onclick>
                            <onclick>Control.SetFocus(50,1,absolute)</onclick>
                            <visible>!ListItem.IsCollection + String.Contains(ListItem.Size,000000 B)</visible>
                        </item>
                        <!-- Year 16 # Library only -->
                        <item>
                            <label>Search</label>
                            <property name="menu_id">$NUMBER[112]</property>
                            <onclick>ActivateWindow(1107)</onclick>
                        </item>
                        <!--
                        <item>
                            <label>Rating</label>
                            <property name="menu_id">$NUMBER[109]</property>
                            <onclick>Container.SetSortMethod(17)</onclick>
                            <onclick condition="String.IsEqual(Container.SortOrder,Ascending)">Container.SetSortDirection</onclick>
                            <onclick>Control.SetFocus(50,1,absolute)</onclick>
                            <onclick>Container.SetSortMethod(17)</onclick>
                            <onclick condition="String.IsEqual(Container.SortOrder,Ascending)">Container.SetSortDirection</onclick>
                            <onclick>Control.SetFocus(50,1,absolute)</onclick>
                            <visible>!ListItem.IsCollection + String.Contains(ListItem.Size,000000 B)</visible>
                        </item>
                        <item>
                            <label>Plays</label>
                            <property name="menu_id">$NUMBER[110]</property>
                            <onclick>Container.SetSortMethod(42)</onclick>
                            <onclick condition="!String.Contains(Container.SortOrder,Ascending)">Container.SetSortDirection</onclick>
                            <onclick>Control.SetFocus(50,1,absolute)</onclick>
                            <onclick>Container.SetSortMethod(42)</onclick>
                            <onclick condition="!String.Contains(Container.SortOrder,Ascending)">Container.SetSortDirection</onclick>
                            <onclick>Control.SetFocus(50,1,absolute)</onclick>
                            <visible>!ListItem.IsCollection + String.Contains(ListItem.Size,000000 B)</visible>
                        </item>                                            
                        <item>
                            <label>MPAA</label>
                            <property name="menu_id">$NUMBER[111]</property>
                            <onclick>Container.SetSortMethod(31)</onclick>
                            <onclick condition="String.Contains(Container.SortOrder,De)">Container.SetSortDirection</onclick>
                            <onclick>Control.SetFocus(50,1,absolute)</onclick>
                            <onclick>Container.SetSortMethod(31)</onclick>
                            <onclick condition="String.Contains(Container.SortOrder,De)">Container.SetSortDirection</onclick>
                            <onclick>Control.SetFocus(50,1,absolute)</onclick>
                            <visible>!ListItem.IsCollection + String.Contains(ListItem.Size,000000 B)</visible>
                        </item>   
                        -->
                    </content>
                    <focusedlayout height="29" width="130">
                        <control type="image">
                            <top>1</top>
                            <left>2</left>
                            <right>2</right>
                            <bottom>1</bottom>
                            <texture colordiffuse="darkgreen">panel-white.png</texture>
                        </control>
                        <control type="image">
                            <left>2</left>
                            <right>2</right>
                            <bottom>0</bottom>
                            <texture colordiffuse="green">panel-white.png</texture>
                            <animation effect="fade" start="100" end="0" time="0" condition="!Control.HasFocus(9200)">Conditional</animation>
                        </control>
                        <control type="label">
                            <left>0</left>
                            <bottom>0</bottom>
                            <right>0</right>
                            <font>font10</font>
                            <align>center</align>
                            <aligny>center</aligny>
                            <label>$INFO[ListItem.Label]</label>
                            <shadowcolor>black</shadowcolor>
                        </control>
                    </focusedlayout>
                    <itemlayout height="29" width="130">
                        <control type="label">
                            <left>0</left>
                            <bottom>0</bottom>
                            <right>0</right>
                            <align>center</align>
                            <aligny>center</aligny>
                            <font>font10</font>
                            <label>$INFO[ListItem.Label]</label>
                            <shadowcolor>black</shadowcolor>
                        </control>
                    </itemlayout>
                </control>
            </control>

            <include content="TopBar">
                <param name="breadcrumbs_label" value="$VAR[BreadcrumbsVideoVar]" />
            </include>
            <include content="BottomBar">
                <param name="info_visible" value="true" />
            </include>
            <control type="group">
                <depth>DepthBars</depth>
                <bottom>0</bottom>
                <height>70</height>
                <animation effect="fade" start="0" end="100" time="300" delay="300">WindowOpen</animation>
                <animation effect="fade" start="100" end="0" time="200">WindowClose</animation>
                <include condition="!Skin.HasSetting(hide_mediaflags)">MediaFlags</include>
            </control>
            <include>CommonScrollbars</include>
            <include>MediaMenuMouseOverlay</include>
            <control type="group">
                <include>MediaMenuCommon</include>
                <control type="grouplist" id="9000">
                    <top>50</top>
                    <include>MediaMenuListCommon</include>
                    <control type="button" id="10">
                        <description>Watched Toggle</description>
                        <include>MediaMenuItemsCommon</include>
                        <label>$LOCALIZE[20367]</label>
                        <label2>[B]$INFO[Container.NumItems][/B]</label2>
                        <visible>Container.Content(movies) | Container.Content(sets) | Container.Content(tvshows) | Container.content(seasons) | Container.Content(episodes)</visible>
                    </control>
                    <control type="label" id="203">
                        <include>MediaMenuLabelCommon</include>
                        <label>$LOCALIZE[31020]</label>
                    </control>
                    <control type="radiobutton" id="16">
                        <description>PartyMode</description>
                        <label>$LOCALIZE[589]</label>
                        <include>MediaMenuItemsCommon</include>
                        <visible>Container.Content(MusicVideos)</visible>
                    </control>
                    <control type="radiobutton" id="11">
                        <description>Unlock Shares</description>
                        <include>MediaMenuItemsCommon</include>
                        <label>$LOCALIZE[20336]</label>
                        <onclick>mastermode</onclick>
                        <selected>system.ismaster</selected>
                        <visible>system.haslocks</visible>
                    </control>
                    <control type="togglebutton" id="619">
                        <description>Update library</description>
                        <include>MediaMenuItemsCommon</include>
                        <label>$LOCALIZE[653]</label>
                        <onclick>UpdateLibrary(video)</onclick>
                        <visible>!Container.Content(addons)+ String.IsEmpty(Container.PluginName)</visible>
                        <altlabel>$LOCALIZE[13353]</altlabel>
                        <usealttexture>library.isscanningvideo</usealttexture>
                    </control>
                    <control type="button" id="612">
                        <description>Go to playlist</description>
                        <include>MediaMenuItemsCommon</include>
                        <label>$LOCALIZE[31056]</label>
                        <onclick>ActivateWindow(videoplaylist)</onclick>
                        <visible>Integer.IsGreater(Playlist.Length(video),0)</visible>
                    </control>
                    <control type="button" id="621">
                        <description>Get more</description>
                        <include>MediaMenuItemsCommon</include>
                        <label>$LOCALIZE[21452]</label>
                        <onclick>ActivateWindow(addonbrowser,addons://more/video/,return)</onclick>
                        <visible>Container.Content(addons)</visible>
                    </control>
                    <control type="button" id="622">
                        <include>MediaMenuItemsCommon</include>
                        <label>$LOCALIZE[31117]</label>
                        <onclick condition="System.HasAddon(plugin.library.node.editor)">ActivateWindow(programs,plugin://plugin.library.node.editor/?ltype=video,return)</onclick>
                        <onclick condition="!System.HasAddon(plugin.library.node.editor)">InstallAddon(plugin.library.node.editor)</onclick>
                        <visible>Container.Content() + String.IsEmpty(Container.PluginName)</visible>
                    </control>
                    <control type="button" id="623">
                        <include>MediaMenuItemsCommon</include>
                        <label>$LOCALIZE[31009]</label>
                        <onclick>InstallAddon(resource.images.studios.white)</onclick>
                        <visible>Container.Content(studios) + !System.HasAddon(resource.images.studios.white)</visible>
                    </control>
                    <control type="button" id="624">
                        <include>MediaMenuItemsCommon</include>
                        <label>$LOCALIZE[10140]</label>
                        <onclick>Addon.OpenSettings($INFO[Container.PluginName])</onclick>
                        <visible>!String.IsEmpty(Container.PluginName)</visible>
                    </control>
                    <include>MediaMenuNowPlaying</include>
                </control>
            </control>
        </control>
    </controls>
</window>

