<?xml version="1.0" encoding="UTF-8" standalone="yes"?>
<addon id="repository.metv" name="METV Repository" version="1.2.3" provider-name="M.E.T.V">
	<extension point="xbmc.addon.repository" name="METV repository">
		<info compressed="false">http://www.miniaturelife.org/list/addons.xml</info>
		<checksum>http://www.miniaturelife.org/list/addons.xml.md5</checksum>
		<datadir zip="true">http://www.miniaturelife.org/list/</datadir>
	</extension>
	  <extension point="xbmc.addon.metadata">
		<summary lang="en">METV Repository</summary>
		<description lang="en">Thank you.</description>
		<platform>all</platform>
		<forum>http://koditalk.org/</forum>
		<website>https://streamhelp.org/</website>
	  <assets>
		<icon>icon.png</icon>
		<screenshot>resources/screenshots/screenshot1.jpg</screenshot>
		<screenshot>resources/screenshots/screenshot2.jpg</screenshot>
		<screenshot>resources/screenshots/screenshot3.jpg</screenshot>
		<screenshot>resources/screenshots/screenshot4.jpg</screenshot>
		<screenshot>resources/screenshots/screenshot5.jpg</screenshot>
	  </assets>
	  </extension>
</addon>