<addon id="xbmc.repo.ivueguide" name="iVue2 TV Guide Repo" version="0.0.0" provider-name="iVue">
	<extension point="xbmc.addon.repository" name="iVue2 TV Guide Add-ons Repository">
		<info compressed="false">https://raw.githubusercontent.com/totaltec2014/ivue2/master/addons.xml</info>
		<checksum>https://raw.githubusercontent.com/totaltec2014/ivue2/master/addons.xml.md5</checksum>
		<datadir zip="true">https://raw.githubusercontent.com/totaltec2014/ivue2/master/</datadir>
	</extension>
	<extension point="xbmc.addon.metadata">
		<summary>Install iVue2 TV Guide </summary>
		<description>Download and install for iVue2 Tv guide addons </description>
		<disclaimer> Repo for iVue2 Tv guide addon </disclaimer>
		<platform>all</platform>
	</extension>
</addon>