<?xml version="1.0" encoding="utf-8"?>
<!--
    C_CAT_BACKGROUND = 7000
    C_CAT_QUIT = 7003
    C_CAT_CATEGORY = 7004
    C_CAT_SET_CATEGORY = 7005  disabled   does nothing
-->
<window type="dialog">
    <allowoverlay>no</allowoverlay>
    <defaultcontrol always="false">7004</defaultcontrol>
    <coordinates>
        <!--<system>1</system>-->
        <posx>0</posx>
        <posy>0</posy>
    </coordinates>
    <controls>
        <!-- # invisible osd exit -->
        <control type="button">
            <texturefocus></texturefocus>
            <texturenofocus></texturenofocus>
            <description>invisible exit</description>
            <posx>0</posx>
            <posy>0</posy>
            <width>1920</width>
            <height>1028</height>
            <onclick>back</onclick>
        </control>
        <!-- # Category align bottom  -->
        <control type="group">
            <description>Main Texture Backgrounds</description>
            <posx>0</posx>
            <posy>1028</posy>
            <!-- Cat Background colour from settings -->
            <control type="image" id="7000">
                <posx>0</posx>
                <posy>0</posy>
                <width>1920</width>
                <height>52</height>
                <colordiffuse>blue</colordiffuse>
                <texture>white.png</texture>
                <visible>true</visible>
            </control>
            <!-- extra dark layer -->
            <control type="image">
                <description>extra dark layer</description>
                <posx>0</posx>
                <posy>0</posy>
                <width>1920</width>
                <height>52</height>
                <texture>$INFO[Window(1100).Property(image_fade)]</texture>
            </control>
            <!-- # quit -->
            <control type="button" id="7003">
                <label></label>
                <description>quit</description>
                <posx>0</posx>
                <posy>12</posy>
                <width>27</width>
                <height>27</height>
                <aligny>center</aligny>
                <align>center</align>
                <textcolor>grey</textcolor>
                <focusedcolor>black</focusedcolor>
                <texturefocus>icons/left.png</texturefocus>
                <texturenofocus>icons/left.png</texturenofocus>
            </control>
            <!-- Search program category -->
            <!--  
                        <control type="button" id="7005">
                            <description>program category</description>
                            <posx>10</posx>
                            <posy>2</posy>
                            <width>100</width>
                            <height>28</height>
                            <label>Category</label>
                            <font>font13</font>
                            <aligny>center</aligny>
                            <align>center</align>
                            <textcolor>grey</textcolor>
                            <focusedcolor>black</focusedcolor>
                            <texturefocus>buttons/tvg-button-focus.png</texturefocus>
                            <texturenofocus>buttons/tvg-button-nofocus.png</texturenofocus>
                            <onright>7004</onright>
                            <onup>7004</onup>
                            <ondown>7004</ondown>
                        </control>
                        -->
            <!-- # categories list array -->
            <control type="list" id="7004">
                <description>categories</description>
                <left>30</left>
                <top>3</top>
                <width>1890</width>
                <height>45</height>
                <viewtype label="3D list">list</viewtype>
                <orientation>horizontal</orientation>
                <itemgap>3</itemgap>
                <itemlayout width="240" height="45">
                    <control type="image">
                        <posx>1</posx>
                        <posy>3</posy>
                        <width>237</width>
                        <height>39</height>
                        <texture>tvg-program-nofocus.png</texture>
                        <visible>true</visible>
                    </control>
                    <control type="label">
                        <left>0</left>
                        <top>3</top>
                        <width>240</width>
                        <height>39</height>
                        <align>center</align>
                        <aligny>center</aligny>
                        <textcolor>white</textcolor>
                        <selectedcolor>black</selectedcolor>
                        <info>ListItem.Label</info>
                    </control>
                </itemlayout>
                <focusedlayout width="240" height="45">
                    <control type="image">
                        <posx>1</posx>
                        <posy>3</posy>
                        <width>237</width>
                        <height>39</height>
                        <texture>tvg-program-focus.png</texture>
                        <visible>true</visible>
                    </control>
                    <control type="label">
                        <left>0</left>
                        <top>3</top>
                        <width>240</width>
                        <height>39</height>
                        <align>center</align>
                        <aligny>center</aligny>
                        <textcolor>black</textcolor>
                        <selectedcolor>yellow</selectedcolor>
                        <info>ListItem.Label</info>
                    </control>
                </focusedlayout>
            </control>
        </control>
    </controls>
</window>
