<?xml version="1.0" encoding="utf-8"?>
<!-- 18
16 SubStrin-g  to  17 String.Contain-s
-->
<window type="dialog">
    <!-- Extra -  101 Refresh subs -->
    <!-- There are variables in this window that are carried over from main xml.  You can put them below to override something -->
    <allowoverlay>no</allowoverlay>
    <defaultcontrol always="false">101</defaultcontrol>
    <coordinates>
        <system>1</system>
        <posx>0</posx>
        <posy>0</posy>
    </coordinates>
    <controls>
        <!-- # tabs visibility marker -->
        <control type="label" id="100">
            <description>tabs visibility marker</description>
        </control>
        <!-- # Backgrounds -->
        <control type="group">
            <posx>0</posx>
            <posy>0</posy>
            <control type="image">
                <posx>0</posx>
                <posy>0</posy>
                <width>1920</width>
                <height>1080</height>
                <texture>trans/black.png</texture>
            </control>
            <control type="image">
                <description>top buttons mount</description>
                <posx>15</posx>
                <posy>45</posy>
                <width>1890</width>
                <height>90</height>
                <texture>trans/grey.png</texture>
            </control>
            <control type="image">
                <description>top button background</description>
                <posx>18</posx>
                <posy>48</posy>
                <width>1884</width>
                <height>84</height>
                <texture>trans/black-clear.png</texture>
            </control>
            <control type="image">
                <description>bottom buttons mount</description>
                <posx>15</posx>
                <posy>960</posy>
                <width>1890</width>
                <height>90</height>
                <texture>trans/grey.png</texture>
            </control>
            <control type="image">
                <description>bottom buttons background</description>
                <posx>18</posx>
                <posy>963</posy>
                <width>1884</width>
                <height>84</height>
                <texture>trans/black-clear.png</texture>
            </control>
            <control type="image">
                <description>main background</description>
                <posx>15</posx>
                <posy>150</posy>
                <width>1890</width>
                <height>795</height>
                <colordiffuse>$INFO[Window(1100).Property(background_color)]</colordiffuse>
                <texture>white.png</texture>
            </control>
            <!-- # Background clear Black Default -->
            <control type="image">
                <description>background</description>
                <posx>15</posx>
                <posy>150</posy>
                <width>1890</width>
                <height>795</height>
                <texture>trans/black-clear.png</texture>
            </control>
        </control>
        <control type="image">
            <posx>60</posx>
            <posy>878</posy>
            <width>384</width>
            <height>68</height>
            <aspectratio>keep</aspectratio>
            <texture>buttons/headerStreamSetup.png</texture>
        </control>
        <!-- # Video window preview -->
        <control type="videowindow">
            <description>Main PIP video window</description>
            <posx>30</posx>
            <posy>735</posy>
            <width>510</width>
            <height>315</height>
            <aspectratio align="left">keep</aspectratio>
            <aligny>center</aligny>
        </control>
        <!-- # Channel Logo -->
        <control type="image" id="4023">
            <texture></texture>
            <description>Channel Logo</description>
            <posx>30</posx>
            <posy>60</posy>
            <width>255</width>
            <height>60</height>
            <aspectratio>keep</aspectratio>
            <align>left</align>
            <visible>true</visible>
        </control>
        <!-- # Channel Name -->
        <control type="label" id="4024">
            <label />
            <description>Channel Name</description>
            <posx>270</posx>
            <posy>60</posy>
            <width>255</width>
            <height>60</height>
            <align>left</align>
            <aligny>center</aligny>
            <font>font13</font>
            <textcolor>white</textcolor>
            <scroll>true</scroll>
        </control>
        <!-- # Addon Logo -->
        <control type="image" id="4025">
            <texture></texture>
            <description>Addon Logo</description>
            <posx>30</posx>
            <posy>968</posy>
            <width>75</width>
            <height>75</height>
            <aspectratio>keep</aspectratio>
            <align>left</align>
            <visible>true</visible>
        </control>
        <!-- # Addon Name -->
        <control type="label" id="4026">
            <label></label>
            <description>Addon Name</description>
            <posx>120</posx>
            <posy>975</posy>
            <width>360</width>
            <height>60</height>
            <align>left</align>
            <aligny>center</aligny>
            <font>font13</font>
            <textcolor>yellow</textcolor>
        </control>
        <!-- exit -->
        <control type="button">
            <texturefocus></texturefocus>
            <texturenofocus></texturenofocus>
            <label></label>
            <description>invisible Epg back</description>
            <posx>0</posx>
            <posy>0</posy>
            <height>1080</height>
            <width>1920</width>
            <onclick>back</onclick>
        </control>
        <!-- # Top menu tab -->
        <control type="group">
            <posx>0</posx>
            <posy>0</posy>
            <!-- # top strm m3u pvr -->
            <control type="button" id="101">
                <posx>645</posx>
                <posy>60</posy>
                <width>285</width>
                <height>60</height>
                <align>center</align>
                <aligny>center</aligny>
                <textcolor>white</textcolor>
                <focusedcolor>black</focusedcolor>
                <label>strm|m3u|pvr</label>
                <texturefocus>buttons/tvg-button-focus.png</texturefocus>
                <texturenofocus>buttons/tvg-button-nofocus.png</texturenofocus>
                <onleft>104</onleft>
                <onright>102</onright>
                <ondown>1001</ondown>
                <onup>1001</onup>
            </control>
            <!-- # top Favourites -->
            <control type="button" id="102">
                <posx>975</posx>
                <posy>60</posy>
                <width>255</width>
                <height>60</height>
                <align>center</align>
                <aligny>center</aligny>
                <textcolor>white</textcolor>
                <focusedcolor>black</focusedcolor>
                <label>Favourites</label>
                <texturefocus>buttons/tvg-button-focus.png</texturefocus>
                <texturenofocus>buttons/tvg-button-nofocus.png</texturenofocus>
                <onleft>101</onleft>
                <onright>103</onright>
                <ondown>2001</ondown>
                <onup>2002</onup>
            </control>
            <!-- # top addons addons.ini -->
            <control type="button" id="103">
                <posx>1275</posx>
                <posy>60</posy>
                <width>255</width>
                <height>60</height>
                <align>center</align>
                <aligny>center</aligny>
                <textcolor>white</textcolor>
                <focusedcolor>black</focusedcolor>
                <label>addons.ini</label>
                <texturefocus>buttons/tvg-button-focus.png</texturefocus>
                <texturenofocus>buttons/tvg-button-nofocus.png</texturenofocus>
                <onleft>102</onleft>
                <onright>104</onright>
                <ondown>3001</ondown>
                <onup>3005</onup>
            </control>
            <!-- # top Subscribe -->
            <control type="button" id="104">
                <posx>1575</posx>
                <posy>60</posy>
                <width>300</width>
                <height>60</height>
                <align>center</align>
                <aligny>center</aligny>
                <textcolor>white</textcolor>
                <focusedcolor>black</focusedcolor>
                <label>Addons Choose</label>
                <texturefocus>buttons/tvg-button-focus.png</texturefocus>
                <texturenofocus>buttons/tvg-button-nofocus.png</texturenofocus>
                <onleft>103</onleft>
                <onright>101</onright>
                <ondown>4001</ondown>
                <onup>4005</onup>
            </control>
        </control>
        <!-- # Main window -->
        <control type="group">
            <posx>0</posx>
            <posy>0</posy>
            <!-- Main stream screen 101 -->
            <control type="group" id="1000">
                <posx>0</posx>
                <posy>180</posy>
                <width>1200</width>
                <height>510</height>
                <visible>String.Contains(Control.GetLabel(100),strm)</visible>
                <!-- Main stream HELP -->
                <!-- Main stream HELP Main Mainscreen Streamsetup Help about what to do -->
                <control type="textbox">
                    <description>Main Mainscreen Streamsetup Help about what to do</description>
                    <posx>60</posx>
                    <posy>-38</posy>
                    <width>1890</width>
                    <height>57</height>
                    <align>left</align>
                    <textcolor>yellow</textcolor>
                    <font>font13</font>
                    <label>All available channels are in addons.ini and folders.list.  This will help you add your own custom channels.</label>
                </control>
                <!-- 1 Main stream HELP Main Mainscreen Streamsetup Help about what to do -->
                <control type="textbox">
                    <description>Mainscreen Textbox Help about what to do</description>
                    <posx>60</posx>
                    <posy>45</posy>
                    <width>1890</width>
                    <height>120</height>
                    <align>left</align>
                    <label>strm|m3u|pvr  | Choose stream from external strm|m3u|pvr playlist file.</label>
                </control>
                <!-- 2 Main stream HELP Main Mainscreen Streamsetup Help about what to do -->
                <control type="textbox">
                    <description>Mainscreen Textbox Help about what to do 2</description>
                    <posx>60</posx>
                    <posy>105</posy>
                    <width>1890</width>
                    <height>120</height>
                    <align>left</align>
                    <label>Favourites    | Add a channel from your Favourites</label>
                </control>
                <!-- 3 Main stream HELP Main Mainscreen Streamsetup Help about what to do -->
                <control type="textbox">
                    <description>Mainscreen Textbox Help about what to do 2</description>
                    <posx>60</posx>
                    <posy>165</posy>
                    <width>1890</width>
                    <height>120</height>
                    <align>left</align>
                    <label>addons.ini    | Choose from your available channels in addons.ini. "Addons Choose" for more.</label>
                </control>
                <!-- 4 Main stream HELP Main Mainscreen Streamsetup Help about what to do -->
                <control type="textbox">
                    <description>Mainscreen Textbox Help about what to do 2</description>
                    <posx>60</posx>
                    <posy>225</posy>
                    <width>1890</width>
                    <height>120</height>
                    <align>left</align>
                    <label>Addons Choose | Browse video addons and choose channel sources to add in folders.list (Refresh Addons.ini afterwards).</label>
                </control>
                <control type="image">
                    <posx>57</posx>
                    <posy>282</posy>
                    <width>456</width>
                    <height>246</height>
                    <description>List Border</description>
                    <visible>true</visible>
                    <texture>backgrounds/listborder400x360.png</texture>
                </control>
                <control type="button" id="1001">
                    <description>Single Stream From Playlist</description>
                    <posx>60</posx>
                    <posy>285</posy>
                    <width>450</width>
                    <height>57</height>
                    <label>strm|m3u File</label>
                    <align>left</align>
                    <aligny>center</aligny>
                    <font>font13</font>
                    <textcolor>blue</textcolor>
                    <focusedcolor>white</focusedcolor>
                    <texturefocus>buttons/tvg-button-list-focus.png</texturefocus>
                    <texturenofocus>trans/invisible.png</texturenofocus>
                    <onup>101</onup>
                    <onright>1002</onright>
                    <ondown>1006</ondown>
                </control>
                <control type="button" id="1006">
                    <description>Import Playlist</description>
                    <posx>60</posx>
                    <posy>345</posy>
                    <width>450</width>
                    <height>57</height>
                    <label>Import Playlist</label>
                    <align>left</align>
                    <aligny>center</aligny>
                    <font>font13</font>
                    <textcolor>blue</textcolor>
                    <focusedcolor>white</focusedcolor>
                    <texturefocus>buttons/tvg-button-list-focus.png</texturefocus>
                    <texturenofocus>trans/invisible.png</texturenofocus>
                    <onup>1001</onup>
                    <onleft>101</onleft>
                    <onright>1002</onright>
                    <ondown>1007</ondown>
                </control>
                <control type="button" id="1007">
                    <description>Import PVR </description>
                    <posx>60</posx>
                    <posy>405</posy>
                    <width>450</width>
                    <height>57</height>
                    <label>Import PVR</label>
                    <align>left</align>
                    <aligny>center</aligny>
                    <font>font13</font>
                    <textcolor>blue</textcolor>
                    <focusedcolor>white</focusedcolor>
                    <texturefocus>buttons/tvg-button-list-focus.png</texturefocus>
                    <texturenofocus>trans/invisible.png</texturenofocus>
                    <onup>1006</onup>
                    <onleft>101</onleft>
                    <onright>1002</onright>
                    <ondown>1008</ondown>
                </control>
                <control type="button" id="1008">
                    <description>catchup</description>
                    <posx>60</posx>
                    <posy>465</posy>
                    <width>450</width>
                    <height>57</height>
                    <label>Catchup Channel</label>
                    <align>left</align>
                    <aligny>center</aligny>
                    <font>font13</font>
                    <textcolor>blue</textcolor>
                    <focusedcolor>white</focusedcolor>
                    <texturefocus>buttons/tvg-button-list-focus.png</texturefocus>
                    <texturenofocus>trans/invisible.png</texturenofocus>
                    <onup>1007</onup>
                    <onleft>101</onleft>
                    <onright>1002</onright>
                    <ondown>1001</ondown>
                </control>
                <!-- Main STRM FILE LABEL -->
                <control type="textbox" id="1005">
                    <description>STRM FILE LABEL</description>
                    <posx>600</posx>
                    <posy>300</posy>
                    <width>1290</width>
                    <height>120</height>
                    <align>left</align>
                </control>
                <!-- help Main stream strm m3u File -->
                <control type="textbox">
                    <posx>600</posx>
                    <posy>390</posy>
                    <width>1290</width>
                    <height>120</height>
                    <align>left</align>
                    <label>Choose stream or substream from strm|m3u playlist to add to addons.ini.</label>
                    <visible>Control.HasFocus(1001)</visible>
                </control>
                <!-- help Main Import Playlist -->
                <control type="textbox">
                    <posx>600</posx>
                    <posy>390</posy>
                    <width>1290</width>
                    <height>120</height>
                    <align>left</align>
                    <label>Import Playlist from strm|m3u playlist to add to addons.ini.</label>
                    <visible>Control.HasFocus(1006)</visible>
                </control>
                <!-- help Main Import PVR -->
                <control type="textbox">
                    <posx>600</posx>
                    <posy>390</posy>
                    <width>1290</width>
                    <height>120</height>
                    <align>left</align>
                    <label>Import PVR channels and add to addons.ini.</label>
                    <visible>Control.HasFocus(1007)</visible>
                </control>
                <!-- help Main Import catchup -->
                <control type="textbox">
                    <posx>600</posx>
                    <posy>390</posy>
                    <width>1290</width>
                    <height>120</height>
                    <align>left</align>
                    <label>Add Catchup Channel to addons.ini.</label>
                    <visible>Control.HasFocus(1008)</visible>
                </control>
                <!-- Main stream buttons -->
                <!-- Main Player Stop -->
                <control type="radiobutton" id="5100">
                    <texturenofocus />
                    <label></label>
                    <description>Player stop</description>
                    <textureradioonfocus colordiffuse="white">player/stop.png</textureradioonfocus>
                    <textureradioonnofocus>player/stop.png</textureradioonnofocus>
                    <textureradioofffocus colordiffuse="white">player/stop.png</textureradioofffocus>
                    <textureradiooffnofocus>player/stop.png</textureradiooffnofocus>
                    <texturefocus colordiffuse="$INFO[Window(1100).Property(radio_color)]">buttons/round-fo.png</texturefocus>
                    <animation center="75,45" effect="zoom" end="100" reversible="false" start="95" time="0" tween="back">Focus</animation>
                    <posx>570</posx>
                    <posy>795</posy>
                    <width>48</width>
                    <height>48</height>
                    <radiowidth>45</radiowidth>
                    <radioheight>45</radioheight>
                    <radioposx>1</radioposx>
                    <radioposy>0</radioposy>
                    <onclick>PlayerControl(Stop)</onclick>
                    <visible>Player.HasMedia</visible>
                    <onright>1002</onright>
                </control>
                <!-- Main stream Preview stream -->
                <control type="button" id="1002">
                    <posx>675</posx>
                    <posy>795</posy>
                    <width>255</width>
                    <height>60</height>
                    <align>center</align>
                    <aligny>center</aligny>
                    <textcolor>white</textcolor>
                    <focusedcolor>black</focusedcolor>
                    <label>Preview</label>
                    <texturefocus>buttons/tvg-button-focus.png</texturefocus>
                    <texturenofocus>buttons/tvg-button-nofocus.png</texturenofocus>
                    <ondown>101</ondown>
                    <onup>101</onup>
                    <onleft>5100</onleft>
                    <onright>1003</onright>
                </control>
                <!-- Main stream Save -->
                <control type="button" id="1003">
                    <posx>975</posx>
                    <posy>795</posy>
                    <width>255</width>
                    <height>60</height>
                    <align>center</align>
                    <aligny>center</aligny>
                    <textcolor>white</textcolor>
                    <focusedcolor>black</focusedcolor>
                    <label>Save</label>
                    <texturefocus>buttons/tvg-button-focus.png</texturefocus>
                    <texturenofocus>buttons/tvg-button-nofocus.png</texturenofocus>
                    <onup>101</onup>
                    <onleft>1002</onleft>
                    <onright>1004</onright>
                </control>
                <!-- Main stream Cancel -->
                <control type="button" id="1004">
                    <posx>1275</posx>
                    <posy>795</posy>
                    <width>255</width>
                    <height>60</height>
                    <align>center</align>
                    <aligny>center</aligny>
                    <textcolor>white</textcolor>
                    <focusedcolor>black</focusedcolor>
                    <label>Cancel</label>
                    <texturefocus>buttons/tvg-button-focus.png</texturefocus>
                    <texturenofocus>buttons/tvg-button-nofocus.png</texturenofocus>
                    <onup>101</onup>
                    <onleft>1003</onleft>
                    <onright>1009</onright>
                </control>
                <!-- Main stream Clear Alt Stream -->
                <control type="button" id="1009">
                    <description>C_STREAM_STRM_CLEAR_ALT</description>
                    <posx>1575</posx>
                    <posy>795</posy>
                    <width>255</width>
                    <height>60</height>
                    <align>center</align>
                    <aligny>center</aligny>
                    <textcolor>white</textcolor>
                    <focusedcolor>black</focusedcolor>
                    <label>Clear Alt</label>
                    <texturefocus>buttons/tvg-button-focus.png</texturefocus>
                    <texturenofocus>buttons/tvg-button-nofocus.png</texturenofocus>
                    <onup>101</onup>
                    <onleft>1004</onleft>
                    <onright>10099</onright>
                </control>
                <!-- custom refresh sub ini -->
                <control type="radiobutton" id="10099">
                    <texturenofocus />
                    <description>custom refresh sub ini</description>
                    <textureradioonfocus colordiffuse="white">icons/refresh.png</textureradioonfocus>
                    <textureradioonnofocus>icons/refresh.png</textureradioonnofocus>
                    <textureradioofffocus colordiffuse="white">icons/refresh.png</textureradioofffocus>
                    <textureradiooffnofocus>icons/refresh.png</textureradiooffnofocus>
                    <texturefocus colordiffuse="$INFO[Window(1100).Property(radio_color)]">buttons/round-fo.png</texturefocus>
                    <posx>1830</posx>
                    <posy>795</posy>
                    <width>63</width>
                    <height>63</height>
                    <radiowidth>60</radiowidth>
                    <radioheight>60</radioheight>
                    <radioposx>1</radioposx>
                    <radioposy>0</radioposy>
                    <onup>101</onup>
                    <ondown>101</ondown>
                    <onleft>1002</onleft>
                    <onright>1002</onright>
                    <onclick>RunScript($INFO[Window(1100).Property(run_script)],4)</onclick>
                </control>
            </control>
            <!-- # Main Favourites -->
            <control type="group" id="2000">
                <posx>0</posx>
                <posy>180</posy>
                <width>1200</width>
                <height>510</height>
                <visible>String.Contains(Control.GetLabel(100),favourites)</visible>
                <!-- Choose a Favourite Stream label -->
                <control type="textbox">
                    <posx>60</posx>
                    <posy>-38</posy>
                    <width>1890</width>
                    <height>57</height>
                    <align>left</align>
                    <textcolor>yellow</textcolor>
                    <label>Choose a source from your "Favourites".</label>
                </control>
                <control type="label">
                    <description>subscriptions Help about what to do</description>
                    <posx>60</posx>
                    <posy>90</posy>
                    <width>540</width>
                    <height>222</height>
                    <align>left</align>
                    <textcolor>white</textcolor>
                    <font>font13</font>
                    <wrapmultiline>true</wrapmultiline>
                    <label>Inside an addon right click and save a channel to "favourites".  Then you can select it on the right and set it as the channel.</label>
                </control>
                <control type="image">
                    <posx>822</posx>
                    <posy>27</posy>
                    <width>906</width>
                    <height>726</height>
                    <description>List Border</description>
                    <visible>true</visible>
                    <texture>backgrounds/listborder400x360.png</texture>
                </control>
                <!-- Choose a fav list array -->
                <control type="list" id="2001">
                    <posx>825</posx>
                    <posy>30</posy>
                    <width>900</width>
                    <height>720</height>
                    <viewtype label="list">list</viewtype>
                    <orientation>vertical</orientation>
                    <focusposition>7</focusposition>
                    <onleft>2002</onleft>
                    <onright>2022</onright>
                    <pagecontrol>2022</pagecontrol>
                    <itemlayout width="900" height="60">
                        <control type="image">
                            <posx>0</posx>
                            <posy>0</posy>
                            <width>900</width>
                            <height>57</height>
                            <texture>buttons/tvg-button-nofocus.png</texture>
                        </control>
                        <control type="label">
                            <posx>24</posx>
                            <posy>0</posy>
                            <width>900</width>
                            <height>57</height>
                            <aligny>center</aligny>
                            <textcolor>white</textcolor>
                            <info>ListItem.Label</info>
                        </control>
                    </itemlayout>
                    <focusedlayout width="900" height="60">
                        <control type="image">
                            <posx>0</posx>
                            <posy>0</posy>
                            <width>900</width>
                            <height>57</height>
                            <texture>buttons/tvg-button-focus.png</texture>
                            <visible>true</visible>
                        </control>
                        <control type="label">
                            <posx>24</posx>
                            <posy>0</posy>
                            <width>900</width>
                            <height>57</height>
                            <aligny>center</aligny>
                            <textcolor>white</textcolor>
                            <info>ListItem.Label</info>
                            <visible>!Control.HasFocus(2001)</visible>
                        </control>
                        <control type="label">
                            <posx>24</posx>
                            <posy>0</posy>
                            <width>900</width>
                            <height>57</height>
                            <aligny>center</aligny>
                            <textcolor>black</textcolor>
                            <info>ListItem.Label</info>
                            <visible>Control.HasFocus(2001)</visible>
                        </control>
                    </focusedlayout>
                </control>
                <control type="scrollbar" id="2022">
                    <description>scroll bar control</description>
                    <posx>1725</posx>
                    <posy>30</posy>
                    <width>68</width>
                    <height>720</height>
                    <visible>true</visible>
                    <pulseonselect>true</pulseonselect>
                    <orientation>vertical</orientation>
                    <showonepage>false</showonepage>
                    <onleft>2001</onleft>
                    <onright>2001</onright>
                    <texturesliderbackground colordiffuse="$INFO[Window(1100).Property(scrollbarbg_color)]">trans/white15.png</texturesliderbackground>
                    <textureslidernib>trans/invisible.png</textureslidernib>
                    <textureslidernibfocus>trans/invisible.png</textureslidernibfocus>
                    <texturesliderbar colordiffuse="$INFO[Window(1100).Property(scrollbarnf_color)]">trans/white15.png</texturesliderbar>
                    <texturesliderbarfocus colordiffuse="$INFO[Window(1100).Property(focus_current_color)]">trans/white35.png</texturesliderbarfocus>
                    <animation effect="fade" start="0" end="100" time="200" delay="300">Visible</animation>
                    <animation effect="fade" start="100" end="0" time="200">Hidden</animation>
                    <visible>Integer.IsGreater(Container(2001).NumItems,12)</visible>
                </control>
                <!-- fav buttons -->
                <!-- Player Stop -->
                <control type="radiobutton" id="5200">
                    <texturenofocus />
                    <label></label>
                    <description>Player stop</description>
                    <textureradioonfocus colordiffuse="white">player/stop.png</textureradioonfocus>
                    <textureradioonnofocus>player/stop.png</textureradioonnofocus>
                    <textureradioofffocus colordiffuse="white">player/stop.png</textureradioofffocus>
                    <textureradiooffnofocus>player/stop.png</textureradiooffnofocus>
                    <texturefocus colordiffuse="$INFO[Window(1100).Property(radio_color)]">buttons/round-fo.png</texturefocus>
                    <animation center="75,45" effect="zoom" end="100" reversible="false" start="95" time="0" tween="back">Focus</animation>
                    <posx>570</posx>
                    <posy>795</posy>
                    <width>48</width>
                    <height>48</height>
                    <radiowidth>45</radiowidth>
                    <radioheight>45</radioheight>
                    <radioposx>1</radioposx>
                    <radioposy>0</radioposy>
                    <onclick>PlayerControl(Stop)</onclick>
                    <visible>Player.HasMedia</visible>
                    <onright>2002</onright>
                </control>
                <!-- Preview Stream -->
                <control type="button" id="2002">
                    <posx>675</posx>
                    <posy>795</posy>
                    <width>255</width>
                    <height>60</height>
                    <align>center</align>
                    <aligny>center</aligny>
                    <textcolor>white</textcolor>
                    <focusedcolor>black</focusedcolor>
                    <label>Preview</label>
                    <texturefocus>buttons/tvg-button-focus.png</texturefocus>
                    <texturenofocus>buttons/tvg-button-nofocus.png</texturenofocus>
                    <ondown>102</ondown>
                    <onup>102</onup>
                    <onleft>5200</onleft>
                    <!--<onleft>2001</onleft>-->
                    <onright>2003</onright>
                </control>
                <!-- Save -->
                <control type="button" id="2003">
                    <posx>975</posx>
                    <posy>795</posy>
                    <width>255</width>
                    <height>60</height>
                    <align>center</align>
                    <aligny>center</aligny>
                    <textcolor>white</textcolor>
                    <focusedcolor>black</focusedcolor>
                    <label>Save</label>
                    <texturefocus>buttons/tvg-button-focus.png</texturefocus>
                    <texturenofocus>buttons/tvg-button-nofocus.png</texturenofocus>
                    <onup>102</onup>
                    <onleft>2002</onleft>
                    <onright>2004</onright>
                </control>
                <!-- Cancel -->
                <control type="button" id="2004">
                    <posx>1275</posx>
                    <posy>795</posy>
                    <width>255</width>
                    <height>60</height>
                    <align>center</align>
                    <aligny>center</aligny>
                    <textcolor>white</textcolor>
                    <focusedcolor>black</focusedcolor>
                    <label>Cancel</label>
                    <texturefocus>buttons/tvg-button-focus.png</texturefocus>
                    <texturenofocus>buttons/tvg-button-nofocus.png</texturenofocus>
                    <onup>102</onup>
                    <onleft>2003</onleft>
                    <onright>2005</onright>
                </control>
                <!-- Alt Stream -->
                <control type="button" id="2005">
                    <posx>1560</posx>
                    <posy>795</posy>
                    <width>255</width>
                    <height>60</height>
                    <align>center</align>
                    <aligny>center</aligny>
                    <textcolor>white</textcolor>
                    <focusedcolor>black</focusedcolor>
                    <label>Alt Stream</label>
                    <texturefocus>buttons/tvg-button-focus.png</texturefocus>
                    <texturenofocus>buttons/tvg-button-nofocus.png</texturenofocus>
                    <onup>102</onup>
                    <onleft>2004</onleft>
                    <onright>20099</onright>
                </control>
                <!-- custom refresh sub ini -->
                <control type="radiobutton" id="20099">
                    <texturenofocus />
                    <description>custom refresh sub ini</description>
                    <textureradioonfocus colordiffuse="white">icons/refresh.png</textureradioonfocus>
                    <textureradioonnofocus>icons/refresh.png</textureradioonnofocus>
                    <textureradioofffocus colordiffuse="white">icons/refresh.png</textureradioofffocus>
                    <textureradiooffnofocus>icons/refresh.png</textureradiooffnofocus>
                    <texturefocus colordiffuse="$INFO[Window(1100).Property(radio_color)]">buttons/round-fo.png</texturefocus>
                    <posx>1830</posx>
                    <posy>795</posy>
                    <width>63</width>
                    <height>63</height>
                    <radiowidth>60</radiowidth>
                    <radioheight>60</radioheight>
                    <radioposx>1</radioposx>
                    <radioposy>0</radioposy>
                    <onup>102</onup>
                    <ondown>2002</ondown>
                    <onleft>2002</onleft>
                    <onright>2002</onright>
                    <onclick>RunScript($INFO[Window(1100).Property(run_script)],4)</onclick>
                </control>
            </control>
            <!-- # Main Addons ini browse -->
            <control type="group" id="3000">
                <posx>0</posx>
                <posy>180</posy>
                <width>1920</width>
                <height>900</height>
                <visible>String.Contains(Control.GetLabel(100),addons)</visible>
                <control type="textbox">
                    <posx>60</posx>
                    <posy>-38</posy>
                    <width>1890</width>
                    <height>57</height>
                    <align>left</align>
                    <textcolor>yellow</textcolor>
                    <font>font13</font>
                    <label>You can select a channel from your PVR. If blank, go to strm|m3u, click Import PVR, exit out and come back to this screen.</label>
                </control>
                <!-- arrow -->
                <control type="image">
                    <posx>135</posx>
                    <posy>30</posy>
                    <width>60</width>
                    <height>18</height>
                    <texture>buttons/tvguide-channel-arrow.png</texture>
                </control>
                <!-- arrow -->
                <control type="image">
                    <posx>135</posx>
                    <posy>345</posy>
                    <width>60</width>
                    <height>-18</height>
                    <texture>buttons/tvguide-channel-arrow.png</texture>
                </control>
                <control type="image">
                    <posx>57</posx>
                    <posy>94</posy>
                    <width>231</width>
                    <height>231</height>
                    <description>List Border</description>
                    <visible>true</visible>
                    <texture>backgrounds/listborder400x360.png</texture>
                </control>
                <!-- addons list array -->
                <control type="wraplist" id="3001">
                    <posx>60</posx>
                    <posy>98</posy>
                    <width>225</width>
                    <height>225</height>
                    <aspectratio>keep</aspectratio>
                    <viewtype label="list">list</viewtype>
                    <orientation>vertical</orientation>
                    <focusposition>0</focusposition>
                    <onleft>3005</onleft>
                    <onright>3002</onright>
                    <itemlayout width="225" height="225">
                        <control type="image">
                            <posx>0</posx>
                            <posy>0</posy>
                            <width>225</width>
                            <height>225</height>
                            <texture>buttons/tvg-button-nofocus.png</texture>
                        </control>
                        <control type="image">
                            <posx>15</posx>
                            <posy>15</posy>
                            <width>195</width>
                            <height>195</height>
                            <info>ListItem.Icon</info>
                        </control>
                    </itemlayout>
                    <focusedlayout width="225" height="225">
                        <control type="image">
                            <posx>0</posx>
                            <posy>0</posy>
                            <width>225</width>
                            <height>225</height>
                            <texture>buttons/tvg-button-nofocus.png</texture>
                            <visible>!Control.HasFocus(3001)</visible>
                        </control>
                        <control type="image">
                            <posx>0</posx>
                            <posy>0</posy>
                            <width>225</width>
                            <height>225</height>
                            <texture>buttons/tvg-button-focus.png</texture>
                            <visible>Control.HasFocus(3001)</visible>
                        </control>
                        <control type="image">
                            <posx>15</posx>
                            <posy>15</posy>
                            <width>195</width>
                            <height>195</height>
                            <info>ListItem.Icon</info>
                        </control>
                    </focusedlayout>
                </control>
                <!-- addons list label -->
                <control type="label" id="3003">
                    <posx>60</posx>
                    <posy>420</posy>
                    <width>495</width>
                    <height>60</height>
                    <label>[B][/B]</label>
                    <textcolor>white</textcolor>
                </control>
                <!-- addon info -->
                <control type="textbox" id="3004">
                    <label />
                    <description>addon info</description>
                    <posx>60</posx>
                    <posy>465</posy>
                    <width>675</width>
                    <height>135</height>
                    <font>font12</font>
                    <align>left</align>
                    <autoscroll time="3600" delay="6000" repeat="6000">true</autoscroll>
                </control>
                <!-- addons list array second window -->
                <control type="image">
                    <posx>822</posx>
                    <posy>27</posy>
                    <width>906</width>
                    <height>726</height>
                    <description>List Border</description>
                    <visible>true</visible>
                    <texture>backgrounds/listborder400x360.png</texture>
                </control>
                <control type="list" id="3002">
                    <posx>825</posx>
                    <posy>30</posy>
                    <width>900</width>
                    <height>720</height>
                    <viewtype label="list">list</viewtype>
                    <orientation>vertical</orientation>
                    <focusposition>7</focusposition>
                    <onleft>3001</onleft>
                    <onright>3005</onright>
                    <pagecontrol>3022</pagecontrol>
                    <itemlayout width="900" height="60">
                        <control type="image">
                            <posx>0</posx>
                            <posy>0</posy>
                            <width>900</width>
                            <height>57</height>
                            <texture>buttons/tvg-button-nofocus.png</texture>
                        </control>
                        <control type="label">
                            <posx>24</posx>
                            <posy>0</posy>
                            <width>900</width>
                            <height>57</height>
                            <aligny>center</aligny>
                            <textcolor>white</textcolor>
                            <info>ListItem.Label</info>
                        </control>
                    </itemlayout>
                    <focusedlayout width="900" height="60">
                        <control type="image">
                            <posx>0</posx>
                            <posy>0</posy>
                            <width>900</width>
                            <height>57</height>
                            <texture>buttons/tvg-button-focus.png</texture>
                            <visible>true</visible>
                        </control>
                        <control type="label">
                            <posx>24</posx>
                            <posy>0</posy>
                            <width>900</width>
                            <height>57</height>
                            <aligny>center</aligny>
                            <textcolor>white</textcolor>
                            <info>ListItem.Label</info>
                            <visible>!Control.HasFocus(3002)</visible>
                        </control>
                        <control type="label">
                            <posx>24</posx>
                            <posy>0</posy>
                            <width>900</width>
                            <height>57</height>
                            <aligny>center</aligny>
                            <textcolor>black</textcolor>
                            <info>ListItem.Label</info>
                            <visible>Control.HasFocus(3002)</visible>
                        </control>
                    </focusedlayout>
                </control>
                <control type="scrollbar" id="3022">
                    <description>scroll bar control</description>
                    <posx>1725</posx>
                    <posy>30</posy>
                    <width>68</width>
                    <height>720</height>
                    <visible>true</visible>
                    <pulseonselect>true</pulseonselect>
                    <orientation>vertical</orientation>
                    <showonepage>false</showonepage>
                    <onleft>3002</onleft>
                    <onright>3002</onright>
                    <texturesliderbackground colordiffuse="$INFO[Window(1100).Property(scrollbarbg_color)]">trans/white15.png</texturesliderbackground>
                    <textureslidernib>trans/invisible.png</textureslidernib>
                    <textureslidernibfocus>trans/invisible.png</textureslidernibfocus>
                    <texturesliderbar colordiffuse="$INFO[Window(1100).Property(scrollbarnf_color)]">trans/white15.png</texturesliderbar>
                    <texturesliderbarfocus colordiffuse="$INFO[Window(1100).Property(focus_current_color)]">trans/white35.png</texturesliderbarfocus>
                    <animation effect="fade" start="0" end="100" time="200" delay="300">Visible</animation>
                    <animation effect="fade" start="100" end="0" time="200">Hidden</animation>
                    <visible>Integer.IsGreater(Container(3002).NumItems,12)</visible>
                </control>
                <!-- Buttons -->
                <!-- Player Stop -->
                <control type="radiobutton" id="5300">
                    <texturenofocus />
                    <label></label>
                    <description>Player stop</description>
                    <textureradioonfocus colordiffuse="white">player/stop.png</textureradioonfocus>
                    <textureradioonnofocus>player/stop.png</textureradioonnofocus>
                    <textureradioofffocus colordiffuse="white">player/stop.png</textureradioofffocus>
                    <textureradiooffnofocus>player/stop.png</textureradiooffnofocus>
                    <texturefocus colordiffuse="$INFO[Window(1100).Property(radio_color)]">buttons/round-fo.png</texturefocus>
                    <animation center="75,45" effect="zoom" end="100" reversible="false" start="95" time="0" tween="back">Focus</animation>
                    <posx>570</posx>
                    <posy>795</posy>
                    <width>48</width>
                    <height>48</height>
                    <radiowidth>45</radiowidth>
                    <radioheight>45</radioheight>
                    <radioposx>1</radioposx>
                    <radioposy>0</radioposy>
                    <onclick>PlayerControl(Stop)</onclick>
                    <visible>Player.HasMedia</visible>
                    <onright>3002</onright>
                </control>
                <!-- Preview Stream -->
                <control type="button" id="3005">
                    <posx>675</posx>
                    <posy>795</posy>
                    <width>255</width>
                    <height>60</height>
                    <align>center</align>
                    <aligny>center</aligny>
                    <textcolor>white</textcolor>
                    <focusedcolor>black</focusedcolor>
                    <label>Preview</label>
                    <texturefocus>buttons/tvg-button-focus.png</texturefocus>
                    <texturenofocus>buttons/tvg-button-nofocus.png</texturenofocus>
                    <onup>3001</onup>
                    <ondown>103</ondown>
                    <onleft>5300</onleft>
                    <onright>3006</onright>
                </control>
                <!-- Save -->
                <control type="button" id="3006">
                    <posx>975</posx>
                    <posy>795</posy>
                    <width>255</width>
                    <height>60</height>
                    <align>center</align>
                    <aligny>center</aligny>
                    <textcolor>white</textcolor>
                    <focusedcolor>black</focusedcolor>
                    <label>Save</label>
                    <texturefocus>buttons/tvg-button-focus.png</texturefocus>
                    <texturenofocus>buttons/tvg-button-nofocus.png</texturenofocus>
                    <onup>103</onup>
                    <onleft>3005</onleft>
                    <onright>3007</onright>
                </control>
                <!-- Cancel -->
                <control type="button" id="3007">
                    <posx>1275</posx>
                    <posy>795</posy>
                    <width>255</width>
                    <height>60</height>
                    <align>center</align>
                    <aligny>center</aligny>
                    <textcolor>white</textcolor>
                    <focusedcolor>black</focusedcolor>
                    <label>Cancel</label>
                    <texturefocus>buttons/tvg-button-focus.png</texturefocus>
                    <texturenofocus>buttons/tvg-button-nofocus.png</texturenofocus>
                    <onup>103</onup>
                    <onleft>3006</onleft>
                    <onright>3009</onright>
                </control>
                <!-- Alt Stream -->
                <control type="button" id="3009">
                    <posx>1560</posx>
                    <posy>795</posy>
                    <width>255</width>
                    <height>60</height>
                    <align>center</align>
                    <aligny>center</aligny>
                    <textcolor>white</textcolor>
                    <focusedcolor>black</focusedcolor>
                    <label>Alt Stream</label>
                    <texturefocus>buttons/tvg-button-focus.png</texturefocus>
                    <texturenofocus>buttons/tvg-button-nofocus.png</texturenofocus>
                    <onup>103</onup>
                    <onleft>3007</onleft>
                    <onright>30099</onright>
                </control>
                <!-- custom refresh sub ini -->
                <control type="radiobutton" id="30099">
                    <texturenofocus />
                    <description>custom refresh sub ini</description>
                    <textureradioonfocus colordiffuse="white">icons/refresh.png</textureradioonfocus>
                    <textureradioonnofocus>icons/refresh.png</textureradioonnofocus>
                    <textureradioofffocus colordiffuse="white">icons/refresh.png</textureradioofffocus>
                    <textureradiooffnofocus>icons/refresh.png</textureradiooffnofocus>
                    <texturefocus colordiffuse="$INFO[Window(1100).Property(radio_color)]">buttons/round-fo.png</texturefocus>
                    <posx>1830</posx>
                    <posy>795</posy>
                    <width>63</width>
                    <height>63</height>
                    <radiowidth>60</radiowidth>
                    <radioheight>60</radioheight>
                    <radioposx>1</radioposx>
                    <radioposy>0</radioposy>
                    <onup>103</onup>
                    <ondown>3005</ondown>
                    <onleft>3009</onleft>
                    <onright>3005</onright>
                    <onclick>RunScript($INFO[Window(1100).Property(run_script)],4)</onclick>
                </control>
            </control>
            <!-- # Main browse and add addon subscriptions -->
            <control type="group" id="4000">
                <posx>0</posx>
                <posy>180</posy>
                <width>1920</width>
                <height>900</height>
                <visible>String.Contains(Control.GetLabel(100),browse)</visible>
                <!-- help subscriptions Help about what to do -->
                <control type="label">
                    <description>subscriptions Help about what to do</description>
                    <posx>60</posx>
                    <posy>-38</posy>
                    <width>1890</width>
                    <height>57</height>
                    <align>left</align>
                    <textcolor>yellow</textcolor>
                    <font>font13</font>
                    <label>Click on the addon icon and wait until the addon loads. Then browse to the directory you want and click Add Folder button.</label>
                </control>
                <!-- small choose addon list array -->
                <control type="group">
                    <posx>0</posx>
                    <posy>0</posy>
                    <!-- arrow -->
                    <control type="image">
                        <posx>135</posx>
                        <posy>30</posy>
                        <width>60</width>
                        <height>18</height>
                        <texture>buttons/tvguide-channel-arrow.png</texture>
                    </control>
                    <!-- arrow -->
                    <control type="image">
                        <posx>135</posx>
                        <posy>420</posy>
                        <width>60</width>
                        <height>-18</height>
                        <texture>buttons/tvguide-channel-arrow.png</texture>
                    </control>
                    <!-- choose addon  list array -->
                    <control type="list" id="4001">
                        <posx>60</posx>
                        <posy>98</posy>
                        <width>300</width>
                        <height>300</height>
                        <aspectratio>keep</aspectratio>
                        <viewtype label="list">list</viewtype>
                        <orientation>vertical</orientation>
                        <focusposition>0</focusposition>
                        <onleft>4005</onleft>
                        <onright>4008</onright>
                        <itemlayout width="225" height="300">
                            <control type="image">
                                <posx>0</posx>
                                <posy>0</posy>
                                <width>225</width>
                                <height>225</height>
                                <texture>buttons/tvg-button-nofocus.png</texture>
                            </control>
                            <control type="image">
                                <posx>15</posx>
                                <posy>15</posy>
                                <width>195</width>
                                <height>195</height>
                                <info>ListItem.Icon</info>
                            </control>
                            <control type="label">
                                <posx>0</posx>
                                <posy>225</posy>
                                <width>225</width>
                                <height>60</height>
                                <aligny>center</aligny>
                                <align>center</align>
                                <textcolor>white</textcolor>
                                <info>ListItem.Label</info>
                            </control>
                        </itemlayout>
                        <focusedlayout width="225" height="300">
                            <control type="image">
                                <posx>0</posx>
                                <posy>0</posy>
                                <width>225</width>
                                <height>225</height>
                                <texture>buttons/tvg-button-nofocus.png</texture>
                                <visible>!Control.HasFocus(4001)</visible>
                            </control>
                            <control type="image">
                                <posx>0</posx>
                                <posy>0</posy>
                                <width>225</width>
                                <height>225</height>
                                <texture>buttons/tvg-button-focus.png</texture>
                                <visible>Control.HasFocus(4001)</visible>
                            </control>
                            <control type="image">
                                <posx>15</posx>
                                <posy>15</posy>
                                <width>195</width>
                                <height>195</height>
                                <info>ListItem.Icon</info>
                            </control>
                            <control type="label">
                                <posx>0</posx>
                                <posy>225</posy>
                                <width>225</width>
                                <height>60</height>
                                <align>center</align>
                                <aligny>center</aligny>
                                <textcolor>white</textcolor>
                                <info>ListItem.Label</info>
                            </control>
                        </focusedlayout>
                    </control>
                    <!-- disabled subs addon name -->
                    <control type="label" id="4003">
                        <description>addon name</description>
                        <posx>0</posx>
                        <posy>420</posy>
                        <width>345</width>
                        <height>60</height>
                        <label>[B][/B]</label>
                        <align>left</align>
                        <aligny>center</aligny>
                        <textcolor>white</textcolor>
                        <visible>false</visible>
                    </control>
                    <!-- subs addon info -->
                    <control type="textbox" id="4004">
                        <label />
                        <description>addon info</description>
                        <posx>60</posx>
                        <posy>435</posy>
                        <width>352</width>
                        <height>300</height>
                        <font>font12</font>
                        <align>left</align>
                        <autoscroll time="3600" delay="6000" repeat="6000">true</autoscroll>
                    </control>
                </control>
                <!-- inside addon list array -->
                <control type="group">
                    <posx>450</posx>
                    <posy>30</posy>
                    <control type="image">
                        <posx>-3</posx>
                        <posy>-3</posy>
                        <width>606</width>
                        <height>726</height>
                        <description>List Border</description>
                        <visible>true</visible>
                        <texture>backgrounds/listborder400x360.png</texture>
                    </control>
                    <control type="list" id="4008">
                        <posx>0</posx>
                        <posy>0</posy>
                        <width>600</width>
                        <height>720</height>
                        <viewtype label="list">list</viewtype>
                        <orientation>vertical</orientation>
                        <focusposition>7</focusposition>
                        <onleft>4001</onleft>
                        <onright>4002</onright>
                        <pagecontrol>4088</pagecontrol>
                        <itemlayout width="600" height="60">
                            <control type="image">
                                <posx>0</posx>
                                <posy>0</posy>
                                <width>600</width>
                                <height>57</height>
                                <texture>buttons/tvg-button-nofocus.png</texture>
                            </control>
                            <control type="label">
                                <posx>24</posx>
                                <posy>0</posy>
                                <width>600</width>
                                <height>57</height>
                                <aligny>center</aligny>
                                <textcolor>white</textcolor>
                                <info>ListItem.Label</info>
                            </control>
                        </itemlayout>
                        <focusedlayout width="600" height="60">
                            <control type="image">
                                <posx>0</posx>
                                <posy>0</posy>
                                <width>600</width>
                                <height>57</height>
                                <texture>buttons/tvg-button-focus.png</texture>
                                <visible>true</visible>
                            </control>
                            <control type="label">
                                <posx>24</posx>
                                <posy>0</posy>
                                <width>600</width>
                                <height>57</height>
                                <aligny>center</aligny>
                                <textcolor>white</textcolor>
                                <info>ListItem.Label</info>
                                <visible>!Control.HasFocus(4008)</visible>
                            </control>
                            <control type="label">
                                <posx>24</posx>
                                <posy>0</posy>
                                <width>600</width>
                                <height>57</height>
                                <aligny>center</aligny>
                                <textcolor>black</textcolor>
                                <info>ListItem.Label</info>
                                <visible>Control.HasFocus(4008)</visible>
                            </control>
                        </focusedlayout>
                    </control>
                    <control type="scrollbar" id="4088">
                        <description>scroll bar control</description>
                        <posx>600</posx>
                        <posy>0</posy>
                        <width>68</width>
                        <height>720</height>
                        <visible>true</visible>
                        <pulseonselect>true</pulseonselect>
                        <orientation>vertical</orientation>
                        <showonepage>false</showonepage>
                        <onleft>4008</onleft>
                        <onright>4002</onright>
                        <texturesliderbackground colordiffuse="$INFO[Window(1100).Property(scrollbarbg_color)]">trans/white15.png</texturesliderbackground>
                        <textureslidernib>trans/invisible.png</textureslidernib>
                        <textureslidernibfocus>trans/invisible.png</textureslidernibfocus>
                        <texturesliderbar colordiffuse="$INFO[Window(1100).Property(scrollbarnf_color)]">trans/white15.png</texturesliderbar>
                        <texturesliderbarfocus colordiffuse="$INFO[Window(1100).Property(focus_current_color)]">trans/white35.png</texturesliderbarfocus>
                        <animation effect="fade" start="0" end="100" time="200" delay="300">Visible</animation>
                        <animation effect="fade" start="100" end="0" time="200">Hidden</animation>
                        <visible>Integer.IsGreater(Container(4008).NumItems,12)</visible>
                    </control>
                </control>
                <!-- addon channels list array window 2 -->
                <control type="group">
                    <posx>1170</posx>
                    <posy>30</posy>
                    <control type="image">
                        <posx>-3</posx>
                        <posy>-3</posy>
                        <width>606</width>
                        <height>726</height>
                        <description>List Border</description>
                        <texture>backgrounds/listborder400x360.png</texture>
                    </control>
                    <control type="list" id="4002">
                        <posx>0</posx>
                        <posy>0</posy>
                        <width>600</width>
                        <height>720</height>
                        <viewtype label="list">list</viewtype>
                        <orientation>vertical</orientation>
                        <focusposition>7</focusposition>
                        <pagecontrol>4022</pagecontrol>
                        <onleft>4022</onleft>
                        <onright>4022</onright>
                        <itemlayout width="600" height="60">
                            <control type="image">
                                <posx>0</posx>
                                <posy>0</posy>
                                <width>600</width>
                                <height>57</height>
                                <texture>buttons/tvg-button-nofocus.png</texture>
                            </control>
                            <control type="label">
                                <posx>24</posx>
                                <posy>0</posy>
                                <width>600</width>
                                <height>57</height>
                                <aligny>center</aligny>
                                <textcolor>white</textcolor>
                                <info>ListItem.Label</info>
                            </control>
                        </itemlayout>
                        <focusedlayout width="600" height="60">
                            <control type="image">
                                <posx>0</posx>
                                <posy>0</posy>
                                <width>600</width>
                                <height>57</height>
                                <texture>buttons/tvg-button-focus.png</texture>
                                <visible>true</visible>
                            </control>
                            <control type="label">
                                <posx>24</posx>
                                <posy>0</posy>
                                <width>600</width>
                                <height>57</height>
                                <aligny>center</aligny>
                                <textcolor>white</textcolor>
                                <info>ListItem.Label</info>
                                <visible>!Control.HasFocus(4002)</visible>
                            </control>
                            <control type="label">
                                <posx>24</posx>
                                <posy>0</posy>
                                <width>600</width>
                                <height>57</height>
                                <aligny>center</aligny>
                                <textcolor>black</textcolor>
                                <info>ListItem.Label</info>
                                <visible>Control.HasFocus(4002)</visible>
                            </control>
                        </focusedlayout>
                    </control>
                    <control type="scrollbar" id="4022">
                        <description>scroll bar control</description>
                        <posx>600</posx>
                        <posy>0</posy>
                        <width>68</width>
                        <height>720</height>
                        <visible>true</visible>
                        <pulseonselect>true</pulseonselect>
                        <orientation>vertical</orientation>
                        <showonepage>false</showonepage>
                        <onleft>2001</onleft>
                        <onright>2001</onright>
                        <texturesliderbackground colordiffuse="$INFO[Window(1100).Property(scrollbarbg_color)]">trans/white15.png</texturesliderbackground>
                        <textureslidernib>trans/invisible.png</textureslidernib>
                        <textureslidernibfocus>trans/invisible.png</textureslidernibfocus>
                        <texturesliderbar colordiffuse="$INFO[Window(1100).Property(scrollbarnf_color)]">trans/white15.png</texturesliderbar>
                        <texturesliderbarfocus colordiffuse="$INFO[Window(1100).Property(focus_current_color)]">trans/white35.png</texturesliderbarfocus>
                        <animation effect="fade" start="0" end="100" time="200" delay="300">Visible</animation>
                        <animation effect="fade" start="100" end="0" time="200">Hidden</animation>
                        <visible>Integer.IsGreater(Container(4002).NumItems,12)</visible>
                    </control>
                </control>
                <!-- Buttons -->
                <!-- actionbar Player Stop -->
                <control type="radiobutton" id="5400">
                    <texturenofocus />
                    <label></label>
                    <description>Player stop</description>
                    <textureradioonfocus colordiffuse="white">player/stop.png</textureradioonfocus>
                    <textureradioonnofocus>player/stop.png</textureradioonnofocus>
                    <textureradioofffocus colordiffuse="white">player/stop.png</textureradioofffocus>
                    <textureradiooffnofocus>player/stop.png</textureradiooffnofocus>
                    <texturefocus colordiffuse="$INFO[Window(1100).Property(radio_color)]">buttons/round-fo.png</texturefocus>
                    <animation center="75,45" effect="zoom" end="100" reversible="false" start="95" time="0" tween="back">Focus</animation>
                    <posx>570</posx>
                    <posy>795</posy>
                    <width>48</width>
                    <height>48</height>
                    <radiowidth>45</radiowidth>
                    <radioheight>45</radioheight>
                    <radioposx>1</radioposx>
                    <radioposy>0</radioposy>
                    <onclick>PlayerControl(Stop)</onclick>
                    <visible>Player.HasMedia</visible>
                    <onright>4002</onright>
                </control>
                <!-- Preview -->
                <control type="button" id="4005">
                    <posx>675</posx>
                    <posy>795</posy>
                    <width>210</width>
                    <height>60</height>
                    <align>center</align>
                    <aligny>center</aligny>
                    <textcolor>white</textcolor>
                    <focusedcolor>black</focusedcolor>
                    <label>Preview</label>
                    <texturefocus>buttons/tvg-button-focus.png</texturefocus>
                    <texturenofocus>buttons/tvg-button-nofocus.png</texturenofocus>
                    <onup>4001</onup>
                    <ondown>104</ondown>
                    <onleft>5400</onleft>
                    <onright>4006</onright>
                </control>
                <!-- Save -->
                <control type="button" id="4006">
                    <posx>900</posx>
                    <posy>795</posy>
                    <width>210</width>
                    <height>60</height>
                    <align>center</align>
                    <aligny>center</aligny>
                    <textcolor>white</textcolor>
                    <focusedcolor>black</focusedcolor>
                    <label>Save</label>
                    <texturefocus>buttons/tvg-button-focus.png</texturefocus>
                    <texturenofocus>buttons/tvg-button-nofocus.png</texturenofocus>
                    <onup>104</onup>
                    <onleft>4005</onleft>
                    <onright>4007</onright>
                </control>
                <!-- Cancel -->
                <control type="button" id="4007">
                    <posx>1125</posx>
                    <posy>795</posy>
                    <width>210</width>
                    <height>60</height>
                    <align>center</align>
                    <aligny>center</aligny>
                    <textcolor>white</textcolor>
                    <focusedcolor>black</focusedcolor>
                    <label>Cancel</label>
                    <texturefocus>buttons/tvg-button-focus.png</texturefocus>
                    <texturenofocus>buttons/tvg-button-nofocus.png</texturenofocus>
                    <onup>104</onup>
                    <onleft>4006</onleft>
                    <onright>4010</onright>
                </control>
                <!-- Add Alt -->
                <control type="button" id="4010">
                    <posx>1350</posx>
                    <posy>795</posy>
                    <width>210</width>
                    <height>60</height>
                    <align>center</align>
                    <aligny>center</aligny>
                    <textcolor>white</textcolor>
                    <focusedcolor>black</focusedcolor>
                    <label>Add Alt</label>
                    <texturefocus>buttons/tvg-button-focus.png</texturefocus>
                    <texturenofocus>buttons/tvg-button-nofocus.png</texturenofocus>
                    <onup>104</onup>
                    <onleft>4007</onleft>
                    <onright>4009</onright>
                </control>
                <!-- Add Folder -->
                <control type="button" id="4009">
                    <posx>1575</posx>
                    <posy>795</posy>
                    <width>240</width>
                    <height>60</height>
                    <align>center</align>
                    <aligny>center</aligny>
                    <textcolor>white</textcolor>
                    <focusedcolor>black</focusedcolor>
                    <label>Add Folder</label>
                    <texturefocus>buttons/tvg-button-focus.png</texturefocus>
                    <texturenofocus>buttons/tvg-button-nofocus.png</texturenofocus>
                    <onup>104</onup>
                    <onleft>4010</onleft>
                    <onright>40099</onright>
                </control>
                <!-- custom refresh sub ini -->
                <control type="radiobutton" id="40099">
                    <texturenofocus />
                    <description>custom refresh sub ini</description>
                    <textureradioonfocus colordiffuse="white">icons/refresh.png</textureradioonfocus>
                    <textureradioonnofocus>icons/refresh.png</textureradioonnofocus>
                    <textureradioofffocus colordiffuse="white">icons/refresh.png</textureradioofffocus>
                    <textureradiooffnofocus>icons/refresh.png</textureradiooffnofocus>
                    <texturefocus colordiffuse="$INFO[Window(1100).Property(radio_color)]">buttons/round-fo.png</texturefocus>
                    <posx>1830</posx>
                    <posy>795</posy>
                    <width>63</width>
                    <height>63</height>
                    <radiowidth>60</radiowidth>
                    <radioheight>60</radioheight>
                    <radioposx>1</radioposx>
                    <radioposy>0</radioposy>
                    <onup>104</onup>
                    <ondown>4005</ondown>
                    <onleft>4009</onleft>
                    <onright>4005</onright>
                    <onclick>RunScript($INFO[Window(1100).Property(run_script)],4)</onclick>
                </control>
            </control>
        </control>
    </controls>
</window>
