<?xml version="1.0" encoding="utf-8"?>
<window type="dialog">
    <allowoverlay>no</allowoverlay>
    <defaultcontrol always="false">1000</defaultcontrol>
    <coordinates>
        <system>1</system>
        <posx>0</posx>
        <posy>0</posy>
    </coordinates>
    <controls>
        <!-- # Backgrounds -->
        <control type="group">
            <left>0</left>
            <top>0</top>
            <!-- main Background -->
            <control type="image">
                <description>background</description>
                <posx>0</posx>
                <posy>0</posy>
                <width>1920</width>
                <height>1080</height>
                <colordiffuse>$INFO[Window(home).Property(popup_background_color)]</colordiffuse>
                <texture>white.png</texture>
            </control>
            <control type="image">
                <description>background</description>
                <posx>0</posx>
                <posy>0</posy>
                <width>1920</width>
                <height>1080</height>
                <texture>$INFO[Window(home).Property(image_fade)]</texture>
                <visible>true</visible>
            </control>
            <control type="image">
                <posx>0</posx>
                <posy>0</posy>
                <width>1920</width>
                <height>1080</height>
                <texture>black.png</texture>
                <visible>Player.HasMedia</visible>
            </control>
            <control type="videowindow">
                <description>video window</description>
                <posx>0</posx>
                <posy>0</posy>
                <width>1920</width>
                <height>1080</height>
            </control>
            <!-- # Header Titles -->
            <control type="image">
                <top>0</top>
                <left>1314</left>
                <width>606</width>
                <height>135</height>
                <aspectratio>keep</aspectratio>
                <texture>backgrounds/headers/headerOnNow.png</texture>
                <visible>String.IsEqual(Control.GetLabel(1001),NOW)</visible>
            </control>
            <control type="image">
                <top>0</top>
                <left>1314</left>
                <width>606</width>
                <height>135</height>
                <aspectratio>keep</aspectratio>
                <texture>backgrounds/headers/headerOnNext.png</texture>
                <visible>String.IsEqual(Control.GetLabel(1001),NEXT)</visible>
            </control>
            <control type="image">
                <top>0</top>
                <left>1314</left>
                <width>606</width>
                <height>135</height>
                <aspectratio>keep</aspectratio>
                <texture>backgrounds/headers/headerOnChannel.png</texture>
                <visible>!String.IsEqual(Control.GetLabel(1001),NOW)+!String.IsEqual(Control.GetLabel(1001),NEXT)</visible>
            </control>
            <control type="label" id="1001">
                <description>Title</description>
                <left>60</left>
                <top>30</top>
                <width>420</width>
                <height>30</height>
                <font>font14</font>
                <textcolor>orange</textcolor>
                <shadowcolor>black</shadowcolor>
                <align>left</align>
                <aligny>center</aligny>
                <label>Title</label>
                <scroll>true</scroll>
                <visible>true</visible>
            </control>
            <control type="label">
                <description>Displays todays date</description>
                <posx>60</posx>
                <posy>60</posy>
                <width>420</width>
                <height>45</height>
                <textcolor>white</textcolor>
                <font>font13</font>
                <align>left</align>
                <aligny>center</aligny>
                <visible>true</visible>
                <label>$INFO[System.Date(DDD)], $INFO[System.Date(dd)] $INFO[System.Date(MMM)]</label>
            </control>
            <control type="label">
                <description>time label</description>
                <posx>60</posx>
                <posy>90</posy>
                <width>300</width>
                <height>45</height>
                <align>left</align>
                <aligny>center</aligny>
                <font>font13</font>
                <textcolor>white</textcolor>
                <label>$INFO[System.Time(hh:mm)]</label>
            </control>
            <!-- exit mouse -->
            <control type="button">
                <texturefocus></texturefocus>
                <texturenofocus></texturenofocus>
                <label></label>
                <description>exit</description>
                <posx>0</posx>
                <posy>0</posy>
                <width>1920</width>
                <height>180</height>
                <align>center</align>
                <aligny>center</aligny>
                <onclick>back</onclick>
            </control>
            <!-- right mouse  -->
            <control type="button" id="1011">
                <label></label>
                <texturefocus>buttons/nav-right.png</texturefocus>
                <texturenofocus>buttons/nav-right.png</texturenofocus>
                <left>15</left>
                <top>30</top>
                <width>30</width>
                <height>30</height>
                <align>center</align>
                <aligny>center</aligny>
                <onclick>right</onclick>
            </control>
        </control>
        <!-- # Main channel List -->
        <control type="image">
            <left>60</left>
            <top>150</top>
            <width>1140</width>
            <height>903</height>
            <texture>backgrounds/listBorder400x360.png</texture>
            <visible>Integer.IsGreater(Container(1000).NumItems,0)</visible>
        </control>
        <control type="label">
            <description>none</description>
            <posx>60</posx>
            <posy>135</posy>
            <width>300</width>
            <height>45</height>
            <align>left</align>
            <aligny>center</aligny>
            <font>font14</font>
            <textcolor>orange</textcolor>
            <label>NONE FOUND</label>
            <visible>!Integer.IsGreater(Container(1000).NumItems,0)</visible>
        </control>
        <control type="list" id="1000">
            <left>60</left>
            <top>150</top>
            <width>1137</width>
            <height>900</height>
            <onup>1000</onup>
            <ondown>1000</ondown>
            <onleft></onleft>
            <onright></onright>
            <pagecontrol>1002</pagecontrol>
            <itemlayout height="112">
                <!-- bg -->
                <control type="image">
                    <left>3</left>
                    <top>3</top>
                    <width>1137</width>
                    <height>110</height>
                    <texture>backgrounds/panel.png</texture>
                </control>
                <!-- icon -->
                <control type="image">
                    <left>15</left>
                    <top>0</top>
                    <width>112</width>
                    <height>112</height>
                    <info>ListItem.Icon</info>
                    <aspectratio>keep</aspectratio>
                </control>
                <!-- ChannelName -->
                <control type="label">
                    <left>150</left>
                    <top>6</top>
                    <width>690</width>
                    <height>60</height>
                    <font>font14</font>
                    <textcolor>white</textcolor>
                    <align>left</align>
                    <aligny>center</aligny>
                    <info>ListItem.Property(ChannelName)</info>
                </control>
                <!-- title -->
                <control type="label">
                    <description>Program Title</description>
                    <left>150</left>
                    <top>45</top>
                    <width>825</width>
                    <height>60</height>
                    <font>font13</font>
                    <textcolor>grey</textcolor>
                    <align>left</align>
                    <aligny>center</aligny>
                    <info>ListItem.Label</info>
                </control>
                <!-- StartTime   19:00 yesterday -->
                <control type="label">
                    <left>675</left>
                    <top>6</top>
                    <width>450</width>
                    <height>38</height>
                    <font>font13</font>
                    <textcolor>white</textcolor>
                    <align>right</align>
                    <aligny>center</aligny>
                    <info>ListItem.Property(StartTime)</info>
                </control>
                <!-- Duration 60 min -->
                <control type="label">
                    <left>825</left>
                    <top>45</top>
                    <width>300</width>
                    <height>38</height>
                    <font>font13</font>
                    <textcolor>grey</textcolor>
                    <align>right</align>
                    <aligny>center</aligny>
                    <info>ListItem.Property(Duration)</info>
                </control>
                <!-- When time  -->
                <control type="label">
                    <left>825</left>
                    <top>82</top>
                    <width>300</width>
                    <height>30</height>
                    <font>font12</font>
                    <textcolor>dimgrey</textcolor>
                    <align>right</align>
                    <aligny>center</aligny>
                    <info>ListItem.Property(When)</info>
                </control>
                <control type="progress">
                    <left>1005</left>
                    <top>98</top>
                    <width>120</width>
                    <height>8</height>
                    <lefttexture />
                    <righttexture />
                    <texturebg colordiffuse="$INFO[Window(home).Property(progressbg_color)]">backgrounds/progressbg.png</texturebg>
                    <midtexture colordiffuse="$INFO[Window(home).Property(progress_color)]">white.png</midtexture>
                    <info>ListItem.Property(Completed)</info>
                    <visible>ListItem.Property(Completed)</visible>
                </control>
            </itemlayout>
            <focusedlayout height="112">
                <!-- panel color -->
                <control type="image">
                    <left>3</left>
                    <top>3</top>
                    <width>1137</width>
                    <height>110</height>
                    <texture colordiffuse="$INFO[Window(home).Property(focus_color)]">backgrounds/panel-white.png</texture>
                </control>
                <!-- icon -->
                <control type="image">
                    <left>15</left>
                    <top>0</top>
                    <width>112</width>
                    <height>112</height>
                    <info>ListItem.Icon</info>
                    <aspectratio>keep</aspectratio>
                </control>
                <!-- ChannelName -->
                <control type="label">
                    <left>150</left>
                    <top>6</top>
                    <width>690</width>
                    <height>60</height>
                    <font>font14</font>
                    <textcolor>white</textcolor>
                    <align>left</align>
                    <aligny>center</aligny>
                    <info>ListItem.Property(ChannelName)</info>
                </control>
                <!-- title -->
                <control type="label">
                    <description>Program Title</description>
                    <left>150</left>
                    <top>45</top>
                    <width>825</width>
                    <height>60</height>
                    <font>font13</font>
                    <textcolor>white</textcolor>
                    <align>left</align>
                    <aligny>center</aligny>
                    <info>ListItem.Label</info>
                </control>
                <!-- StartTime   19:00 yesterday -->
                <control type="label">
                    <left>675</left>
                    <top>6</top>
                    <width>450</width>
                    <height>38</height>
                    <font>font13</font>
                    <textcolor>white</textcolor>
                    <align>right</align>
                    <aligny>center</aligny>
                    <info>ListItem.Property(StartTime)</info>
                </control>
                <!-- Duration 60 min -->
                <control type="label">
                    <left>825</left>
                    <top>45</top>
                    <width>300</width>
                    <height>38</height>
                    <font>font13</font>
                    <textcolor>grey</textcolor>
                    <align>right</align>
                    <aligny>center</aligny>
                    <info>ListItem.Property(Duration)</info>
                </control>
                <!-- When in  -->
                <control type="label">
                    <left>825</left>
                    <top>82</top>
                    <width>300</width>
                    <height>30</height>
                    <font>font12</font>
                    <textcolor>dimgrey</textcolor>
                    <align>right</align>
                    <aligny>center</aligny>
                    <info>ListItem.Property(When)</info>
                </control>
                <control type="progress">
                    <left>1005</left>
                    <top>98</top>
                    <width>120</width>
                    <height>8</height>
                    <lefttexture />
                    <righttexture />
                    <texturebg colordiffuse="$INFO[Window(home).Property(progressbg_color)]">backgrounds/progressbg.png</texturebg>
                    <midtexture colordiffuse="$INFO[Window(home).Property(progress_color)]">white.png</midtexture>
                    <info>ListItem.Property(Completed)</info>
                    <visible>ListItem.Property(Completed)</visible>
                </control>
            </focusedlayout>
        </control>
        <!-- scroll bar mouse -->
        <control type="scrollbar" id="1002">
            <description>scroll bar control</description>
            <left>8</left>
            <top>150</top>
            <width>52</width>
            <height>900</height>
            <pulseonselect>true</pulseonselect>
            <orientation>vertical</orientation>
            <showonepage>false</showonepage>
            <onleft>1000</onleft>
            <onright>1000</onright>
            <textureslidernib>backgrounds/progress_nub_updown.png</textureslidernib>
            <textureslidernibfocus>backgrounds/progress_nub_updown.png</textureslidernibfocus>
            <texturesliderbackground colordiffuse="$INFO[Window(home).Property(scrollbarbg_color)]">backgrounds/scrollbarbg.png</texturesliderbackground>
            <texturesliderbar colordiffuse="$INFO[Window(home).Property(scrollbarnf_color)]">backgrounds/scrollbar.png</texturesliderbar>
            <texturesliderbarfocus colordiffuse="$INFO[Window(home).Property(progress_color)]">backgrounds/scrollbar-focus.png</texturesliderbarfocus>
            <visible>Integer.IsGreater(Container(1000).NumItems,10)</visible>
        </control>
        <!-- descriptions-->
        <control type="group">
            <left>1245</left>
            <top>150</top>
            <width>630</width>
            <height>900</height>
            <visible>!String.IsEmpty(Container(1000).ListItem.Label)</visible>
            <control type="image">
                <left>0</left>
                <top>0</top>
                <width>630</width>
                <height>900</height>
                <texture>backgrounds/listBorder400x360.png</texture>
            </control>
            <!-- descriptions images -->
            <control type="group">
                <left>15</left>
                <top>15</top>
                <width>600</width>
                <height>450</height>
                <control type="image">
                    <texture>backgrounds/panel.png</texture>
                    <align>center</align>
                    <aspectratio>stretch</aspectratio>
                    <visible>!Player.HasMedia</visible>
                </control>
                <control type="image">
                    <texture>$INFO[Container(1000).ListItem.Property(ProgramImage)]</texture>
                    <align>center</align>
                    <aspectratio>keep</aspectratio>
                </control>
            </control>
            <!-- descriptions group -->
            <control type="group">
                <top>480</top>
                <left>30</left>
                <control type="image">
                    <left>-27</left>
                    <top>-15</top>
                    <width>624</width>
                    <height>432</height>
                    <texture>backgrounds/panel.png</texture>
                    <align>center</align>
                    <aspectratio>stretch</aspectratio>
                    <visible>!String.IsEmpty(Container(1000).ListItem.Label)</visible>
                </control>
                <control type="label">
                    <description>Start Time for TVShow</description>
                    <left>0</left>
                    <top>0</top>
                    <width>570</width>
                    <height>38</height>
                    <font>font13</font>
                    <align>left</align>
                    <aligny>top</aligny>
                    <label>$INFO[Container(1000).ListItem.Label]</label>
                </control>
                <control type="label">
                    <description>Duration label</description>
                    <left>0</left>
                    <top>45</top>
                    <width>570</width>
                    <height>38</height>
                    <font>font13</font>
                    <align>left</align>
                    <aligny>top</aligny>
                    <label>[COLOR grey]$INFO[Container(1000).ListItem.Property(StartTime)][/COLOR]  $INFO[Container(1000).ListItem.Property(Duration)]</label>
                </control>
                <control type="progress">
                    <top>68</top>
                    <left>435</left>
                    <width>120</width>
                    <height>6</height>
                    <lefttexture />
                    <righttexture />
                    <texturebg colordiffuse="$INFO[Window(home).Property(progressbg_color)]">backgrounds/progressbg.png</texturebg>
                    <midtexture colordiffuse="$INFO[Window(home).Property(progress_color)]">white.png</midtexture>
                    <!--<texturebg border="3" colordiffuse="60FFFFFF">backgrounds/progressbg.png</texturebg>
                    <midtexture colordiffuse="$INFO[Window(home).Property(progressbg_color)]">flags/progress/midtexture.png</midtexture>-->
                    <info>Container(1000).ListItem.Property(Completed)</info>
                    <visible>Container(1000).ListItem.Property(Completed)</visible>
                </control>
                <control type="label">
                    <description>Plot Value for TVShow</description>
                    <left>0</left>
                    <top>90</top>
                    <width>570</width>
                    <height>300</height>
                    <font>font10</font>
                    <textcolor>white</textcolor>
                    <align>left</align>
                    <aligny>top</aligny>
                    <label>$INFO[Container(1000).ListItem.Property(Plot)]</label>
                    <wrapmultiline>true</wrapmultiline>
                </control>
                <control type="label">
                    <description>Duration label</description>
                    <left>0</left>
                    <top>330</top>
                    <width>570</width>
                    <height>99</height>
                    <font>font_MainMenu</font>
                    <align>left</align>
                    <aligny>top</aligny>
                    <label>$INFO[Container(1000).ListItem.Property(When)]</label>
                    <visible>Container(1000).ListItem.Property(When)</visible>
                </control>
            </control>
        </control>
        <!-- exit mouse -->
        <control type="button">
            <texturefocus></texturefocus>
            <texturenofocus></texturenofocus>
            <label></label>
            <description>exit</description>
            <posx>0</posx>
            <posy>0</posy>
            <width>1920</width>
            <height>180</height>
            <align>center</align>
            <aligny>center</aligny>
            <onclick>back</onclick>
        </control>
    </controls>
</window>
