<?xml version="1.0" encoding="UTF-8" standalone="yes"?>
<addon id="script.tvguide.fullscreen.skin.cake" name="TV Guide Fullscreen - Cake Skin" version="0.0.8" provider-name="Andy,primaeval">
    <requires>
        <import addon="xbmc.python" version="2.19.0"/>
        <!--<import addon="xbmc.python" version="2.25.0"/>-->
        <!--<import addon="script.tvguide.fullscreen"/>-->
    </requires>
    <extension point="xbmc.python.script" library="skin.py"/>
    <!--
    <extension point="xbmc.python.pluginsource" library="skin.py">
        <provides>executable</provides>
    </extension>
    -->
    <!--
    <extension point="xbmc.addon.repository" name="Primaeval">
            <info compressed="false">https://github.com/primaeval/repository.primaeval/raw/master/krypton/addons.xml</info>
            <checksum>https://github.com/primaeval/repository.primaeval/raw/master/krypton/addons.xml.md5</checksum>
            <datadir zip="true">https://raw.github.com/primaeval/repository.primaeval/master/krypton</datadir>
        <hashes>false</hashes>
        <dir minversion="16.0.0">
            <info compressed="false">https://github.com/primaeval/repository.primaeval/raw/master/jarvis/addons.xml</info>
            <checksum>https://github.com/primaeval/repository.primaeval/raw/master/jarvis/addons.xml.md5</checksum>
            <datadir zip="true">https://raw.github.com/primaeval/repository.primaeval/master/jarvis</datadir>
        </dir>
        <dir minversion="17.0.0">
            <info compressed="false">https://github.com/primaeval/repository.primaeval/raw/master/krypton/addons.xml</info>
            <checksum>https://github.com/primaeval/repository.primaeval/raw/master/krypton/addons.xml.md5</checksum>
            <datadir zip="true">https://raw.github.com/primaeval/repository.primaeval/master/krypton</datadir>
        </dir>
    </extension>
    -->
    <!--
    <extension point="kodi.context.item">
        <menu id="kodi.core.main">
          <item library="skin.py">
            <label>Log</label>
            <visible>true</visible>
          </item>
          
            <item library="context.py">
                <label>Mark as watched again</label>
                <visible>!Skin.HasSetting(disablecontext:service.tweak.lastplayed) + [StringCompare(ListItem.DBTYPE, movie) | StringCompare(ListItem.DBTYPE, episode) | StringCompare(ListItem.DBTYPE, musicvideo) | String.IsEqual(ListItem.DBTYPE, movie) | String.IsEqual(ListItem.DBTYPE, episode) | String.IsEqual(ListItem.DBTYPE, musicvideo)] + Integer.IsGreater(ListItem.PlayCount, 0)</visible>
            </item>
          
        </menu>
    </extension>
    -->
    <!--
    <extension point="kodi.context.item">
        <menu id="kodi.core.manage">
            <item library="context.py">
                <label>Mark as watched again</label>
                <visible>!Skin.HasSetting(disablecontext:service.tweak.lastplayed) + [StringCompare(ListItem.DBTYPE, movie) | StringCompare(ListItem.DBTYPE, episode) | StringCompare(ListItem.DBTYPE, musicvideo) | String.IsEqual(ListItem.DBTYPE, movie) | String.IsEqual(ListItem.DBTYPE, episode) | String.IsEqual(ListItem.DBTYPE, musicvideo)] + Integer.IsGreater(ListItem.PlayCount, 0)</visible>
            </item>
            <item library="context_remove.py">
                <label>Remove one watch count</label>
                <visible>!Skin.HasSetting(disablecontext:service.tweak.lastplayed) + [StringCompare(ListItem.DBTYPE, movie) | StringCompare(ListItem.DBTYPE, episode) | StringCompare(ListItem.DBTYPE, musicvideo) | String.IsEqual(ListItem.DBTYPE, movie) | String.IsEqual(ListItem.DBTYPE, episode) | String.IsEqual(ListItem.DBTYPE, musicvideo)] + Integer.IsGreater(ListItem.PlayCount, 1)</visible>
            </item>
            <item library="context_clearresume.py">
                <label>Clear resume status</label>
                <visible>!Skin.HasSetting(disablecontext:service.tweak.lastplayed) + [StringCompare(ListItem.DBTYPE, movie) | StringCompare(ListItem.DBTYPE, episode) | StringCompare(ListItem.DBTYPE, musicvideo) | String.IsEqual(ListItem.DBTYPE, movie) | String.IsEqual(ListItem.DBTYPE, episode) | String.IsEqual(ListItem.DBTYPE, musicvideo)] + ListItem.IsResumable</visible>
            </item>
        </menu>
    </extension>
    -->
    
    <extension point="xbmc.addon.metadata">
        <description lang="en">TVGuide Fullscreen Skin</description>
        <disclaimer lang="en">TVGFS Skin with extra funtions.</disclaimer>
        <language></language>
        <platform>all</platform>
        <license>GPLv2</license>
        <forum>http://forum.kodi.tv/showthread.php?tid=282157</forum>
        <source>https://github.com/primaeval/script.tvguide.fullscreen</source>
        <website></website>
        <email>primaeval</email>
        <news>Added variables and extra functions</news>
        <assets>
            <icon>resources/media/icon.png</icon>
            <fanart>resources/media/fanart.jpg</fanart>
            <screenshot>resources/media/screenshot-01.png</screenshot>
            <screenshot>resources/media/screenshot-02.png</screenshot>
            <screenshot>resources/media/screenshot-03.png</screenshot>
            <screenshot>resources/media/screenshot-04.png</screenshot>
            <screenshot>resources/media/screenshot-05.png</screenshot>
        </assets>
    </extension>
</addon>
