<?xml version="1.0" encoding="UTF-8"?>
<addon id="skin.estuary.16" version="0.7.9.021.2" name="Estuary 16  ([COLOR yellow]MOD[/COLOR])" provider-name="^\_(-_-)_/^,Andy,andy,phil65,Piers,YLLOW_DRAGON">
	<requires>
		<import addon="xbmc.gui" version="5.10.0"/>
	</requires>
	<extension
		point="xbmc.gui.skin"
		defaultthemename="Textures.xbt"
		debugging="false"
		effectslowdown="1.0">
		<res width="1920" height="1080" aspect="16:9" default="true" folder="1080i" />
	</extension>
	
   <extension point="kodi.context.item" library="trakt.py">		
      <item>
        <label>Add to Trakt Watchlist</label>
        <visible>StringCompare(ListItem.dbtype,movie) | StringCompare(ListItem.dbtype,tvshow) | StringCompare(ListItem.dbtype,season) | StringCompare(ListItem.dbtype,episode)</visible>
      </item>
   </extension>	
		
	<extension point="xbmc.addon.metadata">
		<summary lang="en_GB">Estuary skin by  \_(0_0)_/,phil65 and Piers. (Kodi's default skin)</summary>
		<summary lang="en_US">Estuary skin by  \_(0_0)_/,phil65 and Piers. (Kodi's default skin)</summary>
		<description lang="en_GB">Estuary is the default skin for Kodi 17.0 and above. It attempts to be easy for first time Kodi users to understand and use.</description>
		<description lang="en_US">Estuary is the default skin for Kodi 17.0 and above. It attempts to be easy for first time Kodi users to understand and use.</description>
		<disclaimer lang="en_GB">Estuary is the default skin for Kodi, removing it may cause issues</disclaimer>
		<disclaimer lang="en_US">Estuary is the default skin for Kodi, removing it may cause issues</disclaimer>
		<platform>all</platform>
		<license>CC BY-SA 4.0, GNU GENERAL PUBLIC LICENSE Version 2.0</license>
		<forum>http://forum.kodi.tv/</forum>
		<source>https://github.com/xbmc/skin.estuary/</source>
	</extension>
</addon>
