<?xml version="1.0" encoding="UTF-8" standalone="yes"?>
<rssfeeds>
  <!--RSS feeds. To have multiple feeds, just add a feed to the set. You can also have multiple sets.-->
  <!--To use different sets in your skin, each must be called from skin with a unique id.-->
  <set id="1" rtl="false">
    <feed updateinterval="30">http://rss.cnn.com/rss/cnn_latest.rss</feed>
    <feed updateinterval="30">http://www.cbsnews.com/feeds/rss/main.rss</feed>
    <feed updateinterval="30">http://rss.cnn.com/rss/cnn_showbiz.rss</feed>
  </set>
</rssfeeds>
