<?xml version="1.0" encoding="utf-8"?>
<window>
    <onload condition="VideoPlayer.Content(LiveTV) + !Player.PauseEnabled">SetFocus(603)</onload>
    <depth>DepthOSD</depth>
    <defaultcontrol always="true">602</defaultcontrol>
    <include>Animation_BottomSlide</include>
    <controls>
        <control type="button">
            <description>background close area</description>
            <left>0</left>
            <top>0</top>
            <width>100%</width>
            <bottom>280</bottom>
            <texturefocus />
            <texturenofocus />
            <onclick>Action(close)</onclick>
        </control>
        
       <control type="button">
            <description>invisible exit</description>
            <left>0</left>
            <top>0</top>
            <width>100%</width>
            <bottom>280</bottom>
            <texturefocus />
            <texturenofocus />
            <onclick>Dialog.Close(VideoOSD,true)</onclick>
            <onclick>FullScreen</onclick>
            </control>
        
        <control type="group">
            <bottom>0</bottom>
            <height>180</height>
            <visible>![Window.IsVisible(SliderDialog) | Window.IsVisible(osdaudiosettings) | Window.IsVisible(osdvideosettings) | Window.IsVisible(VideoBookmarks) | Window.IsVisible(playerprocessinfo) | Window.IsVisible(osdcmssettings) | Window.IsVisible(PVROSDChannels) | Window.IsVisible(pvrchannelguide)]</visible>
            <animation effect="fade" time="200">VisibleChange</animation>
            <control type="label">
                <right>30</right>
                <top>0</top>
                <align>right</align>
                <textoffsetx>20</textoffsetx>
                <aligny>center</aligny>
                <width>1000</width>
                <height>60</height>
                <label>$VAR[VideoOSDHelpTextVar]</label>
                <visible>!Player.ShowInfo + !PVR.IsTimeShift</visible>
            </control>
            <control type="group" id="200">
                <control type="grouplist" id="201">
                    <left>20</left>
                    <top>90</top>
                    <width>100%</width>
                    <height>135</height>
                    <itemgap>20</itemgap>
                    <scrolltime tween="sine">200</scrolltime>
                    <orientation>horizontal</orientation>
                    <onup>87</onup>
                    <ondown>noop</ondown>
                    <onleft>70043</onleft>
                    <onright>70040</onright>
                    <control type="radiobutton" id="600">
                        <include content="OSDButton">
                            <param name="texture" value="osd/fullscreen/buttons/previous.png"/>
                        </include>
                        <onclick>PlayerControl(Previous)</onclick>
                        <visible>!VideoPlayer.Content(livetv)</visible>
                    </control>
                    <control type="radiobutton" id="602">
                        <textureradioonfocus colordiffuse="white">osd/fullscreen/buttons/play.png</textureradioonfocus>
                        <textureradioonnofocus>osd/fullscreen/buttons/play.png</textureradioonnofocus>
                        <textureradioofffocus colordiffuse="white">osd/fullscreen/buttons/pause.png</textureradioofffocus>
                        <textureradiooffnofocus>osd/fullscreen/buttons/pause.png</textureradiooffnofocus>
                        <texturefocus colordiffuse="button_focus">osd/fullscreen/buttons/button-fo.png</texturefocus>
                        <width>76</width>
                        <animation center="38,38" effect="zoom" end="100" reversible="false" start="95" time="480" tween="back">Focus</animation>
                        <height>76</height>
                        <radiowidth>74</radiowidth>
                        <radioheight>74</radioheight>
                        <font></font>
                        <texturenofocus />
                        <radioposx>1</radioposx>
                        <radioposy>0</radioposy>
                        <selected>Player.Paused</selected>
                        <onclick>PlayerControl(Play)</onclick>
                        <visible>Player.PauseEnabled</visible>
                    </control>
                    <control type="radiobutton" id="603">
                        <include content="OSDButton">
                            <param name="texture" value="osd/fullscreen/buttons/stop.png"/>
                        </include>
                        <onclick>PlayerControl(Stop)</onclick>
                    </control>
                    <control type="radiobutton" id="605">
                        <include content="OSDButton">
                            <param name="texture" value="osd/fullscreen/buttons/next.png"/>
                        </include>
                        <onclick>PlayerControl(Next)</onclick>
                        <visible>!VideoPlayer.Content(livetv) + [Player.ChapterCount | Integer.IsGreater(Playlist.Length(video),1)]</visible>
                    </control>
                    <control type="radiobutton" id="804">
                        <include content="OSDButton">
                            <param name="texture" value="osd/fullscreen/buttons/home.png"/>
                        </include>
                        <onclick>PlayerControl(ShowVideoMenu)</onclick>
                        <visible>VideoPlayer.HasMenu</visible>
                    </control>
                    <control type="radiobutton" id="606">
                        <textureradioonfocus colordiffuse="white">osd/fullscreen/buttons/record-white.png</textureradioonfocus>
                        <textureradioonnofocus>osd/fullscreen/buttons/record-white.png</textureradioonnofocus>
                        <textureradioofffocus colordiffuse="white">osd/fullscreen/buttons/record.png</textureradioofffocus>
                        <textureradiooffnofocus>osd/fullscreen/buttons/record.png</textureradiooffnofocus>
                        <texturefocus colordiffuse="button_focus">osd/fullscreen/buttons/button-fo.png</texturefocus>
                        <width>76</width>
                        <animation center="38,38" effect="zoom" end="100" reversible="false" start="95" time="480" tween="back">Focus</animation>
                        <height>76</height>
                        <radiowidth>74</radiowidth>
                        <radioheight>74</radioheight>
                        <font></font>
                        <texturenofocus />
                        <radioposx>1</radioposx>
                        <radioposy>0</radioposy>
                        <selected>!PVR.IsRecordingPlayingChannel</selected>
                        <onclick>PVR.ToggleRecordPlayingChannel</onclick>
                        <visible>PVR.CanRecordPlayingChannel</visible>
                        <visible>VideoPlayer.Content(livetv)</visible>
                    </control>
                </control>
                <control type="grouplist" id="202">
                    <right>50</right>
                    <top>90</top>
                    <width>1800</width>
                    <height>135</height>
                    <align>right</align>
                    <itemgap>20</itemgap>
                    <scrolltime tween="sine">200</scrolltime>
                    <orientation>horizontal</orientation>
                    <onup>87</onup>
                    <ondown condition="Control.HasFocus(70043)">11104</ondown>
                    <ondown condition="Control.HasFocus(704)">12104</ondown>
                    <ondown condition="Control.HasFocus(255)">13103</ondown>
                    <onleft>606</onleft>
                    <onright>600</onright>
                    <control type="radiobutton" id="70040">
                        <include content="OSDButton">
                            <param name="texture" value="osd/fullscreen/buttons/channels.png"/>
                        </include>
                        <onclick>Dialog.Close(VideoOSD)</onclick>
                        <onclick>ActivateWindow(PVROSDChannels)</onclick>
                        <visible>VideoPlayer.Content(livetv)</visible>
                    </control>
                    <control type="radiobutton" id="70041">
                        <include content="OSDButton">
                            <param name="texture" value="osd/fullscreen/buttons/guide.png"/>
                        </include>
                        <onclick>Dialog.Close(VideoOSD)</onclick>
                        <onclick>ActivateWindow(pvrchannelguide)</onclick>
                        <visible>VideoPlayer.Content(livetv)</visible>
                    </control>
                    <control type="radiobutton" id="700">
                        <include content="OSDButton">
                            <param name="texture" value="osd/fullscreen/buttons/bookmarks.png"/>
                        </include>
                        <onclick>ActivateWindow(videobookmarks)</onclick>
                        <visible>!VideoPlayer.Content(livetv)</visible>
                    </control>
                    <control type="radiobutton" id="703">
                        <include content="OSDButton">
                            <param name="texture" value="osd/fullscreen/buttons/teletext.png"/>
                        </include>
                        <onclick>Dialog.Close(VideoOSD)</onclick>
                        <onclick>ActivateWindow(Teletext)</onclick>
                        <visible>VideoPlayer.HasTeletext</visible>
                    </control>
                    <control type="radiobutton" id="704">
                        <include content="OSDButton">
                            <param name="texture" value="osd/fullscreen/buttons/settings-subtitle.png"/>
                        </include>
                        <onclick>ActivateWindow(osdsubtitlesettings)</onclick>
                        <visible>!VideoPlayer.Content(LiveTV) | VideoPlayer.HasSubtitles</visible>
                    </control>
                    <control type="radiobutton" id="255">
                        <include content="OSDButton">
                            <param name="texture" value="osd/fullscreen/buttons/stereoscopic.png"/>
                        </include>
                        <visible>VideoPlayer.IsStereoscopic</visible>
                        <onclick>SetProperty(settingslist_content,3d,home)</onclick>
                        <onclick>SetProperty(settingslist_header,$LOCALIZE[36501],home)</onclick>
                        <onclick>ActivateWindow(1101)</onclick>
                    </control>
                    <control type="radiobutton" id="70043">
                        <include content="OSDButton">
                            <param name="texture" value="osd/fullscreen/buttons/settings.png"/>
                        </include>
                        <onclick>SetProperty(settingslist_content,osd,home)</onclick>
                        <onclick>SetProperty(settingslist_header,$LOCALIZE[5],home)</onclick>
                        <onclick>ActivateWindow(1101)</onclick>
                    </control>
                </control>
            </control>
            <control type="group" id="6000">
                <top>60</top>
                <visible>Player.SeekEnabled</visible>
                <control type="button" id="87">
                    <include>HiddenObject</include>
                    <onup>200</onup>
                    <onunfocus condition="Player.Forwarding | Player.Rewinding">PlayerControl(Play)</onunfocus>
                    <ondown>200</ondown>
                    <onright>StepForward</onright>
                    <onleft>StepBack</onleft>
                    <onclick condition="Player.Forwarding | Player.Rewinding">PlayerControl(Play)</onclick>
                </control>
                <control type="slider">
                    <top>-5</top>
                    <left>0</left>
                    <width>100%</width>
                    <height>25</height>
                    <texturesliderbar colordiffuse="00FFFFFF">osd/progress/nub_leftright.png</texturesliderbar>
                    <textureslidernib>osd/progress/nub_leftright.png</textureslidernib>
                    <textureslidernibfocus colordiffuse="button_focus">osd/progress/nub_leftright.png</textureslidernibfocus>
                    <info>Player.Progress</info>
                    <action>seek</action>
                    <visible>!Control.HasFocus(87) + !VideoPlayer.HasEpg</visible>
                </control>
                <control type="slider">
                    <top>-5</top>
                    <left>0</left>
                    <width>100%</width>
                    <height>25</height>
                    <texturesliderbar colordiffuse="00FFFFFF">osd/progress/nub_leftright.png</texturesliderbar>
                    <textureslidernib colordiffuse="button_focus">osd/progress/nub_leftright.png</textureslidernib>
                    <textureslidernibfocus colordiffuse="button_focus">osd/progress/nub_leftright.png</textureslidernibfocus>
                    <info>Player.Progress</info>
                    <action>seek</action>
                    <visible>Control.HasFocus(87) + !VideoPlayer.HasEpg</visible>
                </control>
                <control type="slider">
                    <top>-5</top>
                    <left>0</left>
                    <width>100%</width>
                    <height>25</height>
                    <texturesliderbar colordiffuse="00FFFFFF">osd/progress/nub_leftright.png</texturesliderbar>
                    <textureslidernib>osd/progress/nub_leftright.png</textureslidernib>
                    <textureslidernibfocus colordiffuse="button_focus">osd/progress/nub_leftright.png</textureslidernibfocus>
                    <info>PVR.EpgEventProgress</info>
                    <visible>!Control.HasFocus(87) + VideoPlayer.HasEpg</visible>
                </control>
                <control type="slider">
                    <top>-5</top>
                    <left>0</left>
                    <width>100%</width>
                    <height>25</height>
                    <texturesliderbar colordiffuse="00FFFFFF">osd/progress/nub_leftright.png</texturesliderbar>
                    <textureslidernib colordiffuse="button_focus">osd/progress/nub_leftright.png</textureslidernib>
                    <textureslidernibfocus colordiffuse="button_focus">osd/progress/nub_leftright.png</textureslidernibfocus>
                    <info>PVR.EpgEventProgress</info>
                    <visible>Control.HasFocus(87) + VideoPlayer.HasEpg</visible>
                </control>
            </control>
        </control>



                   <!-- # playing Codec flags black small no duration -->
                   <control type="grouplist">
                                <description>estuary style vertical listitem codec flags</description>
                                <posx>30</posx>
                                <posy>885</posy>
                                <width>820</width>
                                <height>48</height>
                                <align>left</align>
                                <aligny>center</aligny>
                                <orientation>horizontal</orientation>
                                <itemgap>10</itemgap>
                                <visible>!System.IdleTime(4)</visible>
                        <!-- volume -->
                        <control type="group">
                            <posx>0</posx>
                            <posy>20</posy>
                            <width>50</width>
                            <height>50</height>
                            <control type="progress" id="90034">
                                <info>Player.Volume</info>
                                <posx>0</posx>
                                <posy>-200</posy>
                                <width>10</width>
                                <height>10</height>
                            </control>
                            <control type="image">
                                <posx>-3</posx>
                                <posy>-3</posy>
                                <width>56</width>
                                <height>56</height>
                                <texture colordiffuse="BFFFFFFF">backgrounds/buffer-bg.png</texture>
                            </control>
                            <control type="image">
                                <posx>0</posx>
                                <posy>0</posy>
                                <width>50</width>
                                <height>50</height>
                                <texture>codecflags/progress/loading-back.png</texture>
                                <animation effect="fade" start="100" end="0" delay="300" time="500" tween="sine" condition="Player.Muted">Conditional</animation>
                            </control>
                            <control type="image">
                                <posx>0</posx>
                                <posy>0</posy>
                                <width>50</width>
                                <height>50</height>
                                <texture colordiffuse="skyblue">$INFO[Control.GetLabel(90034),codecflags/progress/p,.png]</texture>
                            </control>
                            <control type="radiobutton">
                                <texturenofocus />
                                <description>toggle Mute</description>
                                <textureradioonfocus colordiffuse="white">buttons/toggle-on.png</textureradioonfocus>
                                <textureradioonnofocus>buttons/actionbar/volumeiconmute.png</textureradioonnofocus>
                                <textureradioofffocus colordiffuse="white">buttons/toggle-off.png</textureradioofffocus>
                                <textureradiooffnofocus>buttons/actionbar/volumeicon.png</textureradiooffnofocus>
                                <texturefocus colordiffuse="skyblue">buttons/actionbar/button-fo.png</texturefocus>
                                <posx>10</posx>
                                <posy>10</posy>
                                <width>32</width>
                                <height>32</height>
                                <animation center="30,30" effect="zoom" end="100" reversible="false" start="95" time="480" tween="back">Focus</animation>
                                <radiowidth>30</radiowidth>
                                <radioheight>30</radioheight>
                                <radioposx>1</radioposx>
                                <radioposy>0</radioposy>
                                <selected>Player.Muted</selected>
                                <onclick>Mute</onclick>
                                <visible>Player.HasMedia</visible>
                            </control>
                        </control>
                        <!-- cache buffer -->
                        <control type="group">
                            <posx>60</posx>
                            <posy>20</posy>
                            <width>50</width>
                            <height>50</height>
                            <control type="image">
                                <posx>-3</posx>
                                <posy>-3</posy>
                                <width>56</width>
                                <height>56</height>
                                <texture colordiffuse="BFFFFFFF">backgrounds/buffer-bg.png</texture>
                            </control>
                            <control type="image">
                                <posx>0</posx>
                                <posy>0</posy>
                                <width>50</width>
                                <height>50</height>
                                <texture>codecflags/progress/loading-back.png</texture>
                            </control>
                            <control type="image">
                                <posx>0</posx>
                                <posy>0</posy>
                                <width>50</width>
                                <height>50</height>
                                <texture colordiffuse="skyblue">$INFO[Player.CacheLevel,codecflags/progress/p,.png]</texture>
                            </control>
                            <control type="label">
                                <description>buffering value</description>
                                <label>$INFO[Player.CacheLevel]</label>
                                <posx>0</posx>
                                <posy>0</posy>
                                <width>50</width>
                                <height>50</height>
                                <aligny>center</aligny>
                                <align>center</align>
                                <font>font10</font>
                            </control>
                            <control type="button">
                                <texturenofocus></texturenofocus>
                                <label></label>
                                <posx>0</posx>
                                <posy>0</posy>
                                <width>50</width>
                                <height>50</height>
                                <texturefocus>buttons/actionbar/stop.png</texturefocus>
                                <onclick>PlayerControl(Stop)</onclick>
                            </control>
                        </control>

                                <control type="image">
                                    <description>Audio Codec Image</description>
                                    <width>60</width>
                                    <height>45</height>
                                    <texture>$INFO[VideoPlayer.AudioCodec,codecflags/audiocodec/,.png]</texture>
                                    <visible>!String.IsEmpty(VideoPlayer.AudioCodec)</visible>
                                </control>
                                <control type="image">
                                    <description>Audio Channels Image</description>
                                      <width>60</width>
                                    <height>45</height>
                                    <texture>$INFO[VideoPlayer.AudioChannels,codecflags/audiochannel/,.png]</texture>
                                    <visible>!String.IsEmpty(VideoPlayer.AudioChannels)</visible>
                                </control>

                                <control type="image">
                                    <description>Video VideoCodec Image</description>
                                    <width>60</width>
                                    <height>45</height>
                                    <texture>$INFO[VideoPlayer.VideoCodec,codecflags/videocodec/,.png]</texture>
                                </control>
                                <control type="image">
                                    <description>Video AspectRatio Image</description>
                                    <width>60</width>
                                    <height>45</height>
                                    <texture>$INFO[VideoPlayer.VideoAspect,codecflags/aspectratio/,.png]</texture>
                                    <visible>!String.IsEmpty(VideoPlayer.VideoAspect)</visible>
                                </control>
                                <control type="image">
                                    <description>Video Resolution Image</description>
                                    <width>60</width>
                                    <height>45</height>
                                    <texture>$INFO[VideoPlayer.VideoResolution,codecflags/videoresolution/,.png]</texture>
                                    <visible>!String.IsEmpty(VideoPlayer.VideoResolution)</visible>
                                </control>
                                
                            <control type="image">
                                <width>60</width>
                                <height>45</height>
                                <aspectratio>keep</aspectratio>
                                <texture>$INFO[VideoPlayer.AudioLanguage,codecflags/flags/,.png]</texture>
                                <visible>!String.IsEmpty(VideoPlayer.AudioLanguage)</visible>
                            </control>
                            
                            <control type="image">
                                <width>60</width>
                                <height>45</height>
                                <aspectratio>keep</aspectratio>
                                <texture>$INFO[VideoPlayer.SubtitlesLanguage,codecflags/flags/,.png]</texture>
                                <visible>!String.IsEmpty(VideoPlayer.SubtitlesLanguage)</visible>
                            </control>
                                
                               <control type="button">
                                    <label>$INFO[Player.Process(videowidth),,x]$INFO[Player.Process(videoheight),,]</label>
                                    <width>200</width>
                                    <height>45</height>
                                    <font>font13</font>
                                    <shadowcolor>black</shadowcolor>
                                    <align>left</align>
                                    <aligny>center</aligny>
                                    <textcolor>white</textcolor>
                                    <texturenofocus>invisible.png</texturenofocus>
                                    <texturefocus>invisible.png</texturefocus>
                                    <visible>!String.IsEqual(VideoPlayer.videowidth,0)</visible>
                                </control>

                            </control>
                            
                            <!-- volume top right horizontal bar 90033 -->
                            <control type="progress" id="90033">
                                <texturebg border="3" colordiffuse="60FFFFFF">trans/white25.png</texturebg>
                                <midtexture colordiffuse="skyblue">trans/white25.png</midtexture>
                                <info>Player.Volume</info>
                                <left>150</left>
                                <top>885</top>
                                <width>340</width>
                                <height>48</height>
                                <visible>!System.IdleTime(4)</visible>
                            </control>
                            <control type="slider">
                                <texturesliderbar></texturesliderbar>
                                <textureslidernib></textureslidernib>
                                <textureslidernibfocus colordiffuse="skyblue">trans/white25.png</textureslidernibfocus>
                                <info>Player.Volume</info>
                                <action>Volume</action>
                                <left>150</left>
                                <top>885</top>
                                <width>340</width>
                                <height>48</height>
                                <visible>!System.IdleTime(4)</visible>
                            </control>




                    <!-- extra player controls  right tab -->
                    <control type="grouplist" id="5260">
                        <animation effect="fade" time="150">VisibleChange</animation>
                        <posx>1425</posx>
                        <posy>660</posy>
                        <width>450</width>
                        <height>300</height>
                        <itemgap>0</itemgap>
                        <orientation>vertical</orientation>
                        <onleft>70043</onleft>
                        <onright>70043</onright>
                        <onup>70043</onup>
                        <ondown>70043</ondown>
                        <animation delay="300" effect="fade" time="200">Visible</animation>
                        <animation effect="fade" delay="200" time="150">Hidden</animation>
                        <visible>Control.HasFocus(70043) | Control.HasFocus(5261) | Control.HasFocus(5262) | 
                    Control.HasFocus(5263) | Control.HasFocus(5264) | Control.HasFocus(5265) | Control.HasFocus(5266) | Control.HasFocus(5267) | Control.HasFocus(5268)</visible>
                        <control type="group" id="5261">
                            <description>Header</description>
                            <width>450</width>
                            <height>40</height>
                            <control type="image">
                                <description>full Header</description>
                                <left>0</left>
                                <top>0</top>
                                <width>250</width>
                                <height>260</height>
                                <texture border="20,18,20,0">trans/black50.png</texture>
                            </control>
                            <control type="image">
                                <description>Header</description>
                                <left>0</left>
                                <top>0</top>
                                <width>250</width>
                                <height>40</height>
                                <texture border="20,18,20,0">trans/black75.png</texture>
                            </control>
                            <control type="label">
                                <left>30</left>
                                <top>20</top>
                                <width>196</width>
                                <height>15</height>
                                <font>font12</font>
                                <label>Extra Player Controls</label>
                                <textcolor>blue</textcolor>
                                <align>center</align>
                                <aligny>center</aligny>
                            </control>
                        </control>
                        <control type="button" id="5263">
                            <description>Player kodi player videoosd</description>
                            <height>40</height>
                            <width>456</width>
                            <font>font13</font>
                            <label>Kodi Player</label>
                            <textoffsetx>30</textoffsetx>
                            <aligny>center</aligny>
                            <texturefocus border="25,5,25,5">buttons/submenuback-middlefo.png</texturefocus>
                            <texturenofocus border="25,5,25,5">buttons/SubMenuBack-MiddleNF.png</texturenofocus>
                            <!--<alttexturefocus border="25,5,25,5">buttons/submenuback-middlefo.png</alttexturefocus>
                    <alttexturenofocus border="25,5,25,5">buttons/SubMenuBack-MiddleNF.png</alttexturenofocus>-->
                            <onclick>Dialog.Close(VideoOSD,true)</onclick>
                            <onclick>ActivateWindow(VideoOSD)</onclick>
                            <visible>false</visible>
                        </control>
                        <!-- PlayerDebug works but i go back to epg screen PlayerDebug -->
                        <control type="button" id="5264">
                            <description>toggle playerdebug</description>
                            <height>40</height>
                            <width>456</width>
                            <font>font13</font>
                            <label>Debug (Player)</label>
                            <textoffsetx>30</textoffsetx>
                            <aligny>center</aligny>
                            <texturefocus border="25,5,25,5">buttons/submenuback-middlefo.png</texturefocus>
                            <texturenofocus border="25,5,25,5">buttons/SubMenuBack-MiddleNF.png</texturenofocus>
                            <!--<alttexturefocus border="25,5,25,5">buttons/submenuback-middlefo.png</alttexturefocus>
                    <alttexturenofocus border="25,5,25,5">buttons/SubMenuBack-MiddleNF.png</alttexturenofocus>-->
                            <onclick>FullScreen</onclick>
                            <onclick>Dialog.Close(VideoOSD,true)</onclick>
                            <onclick>PlayerDebug</onclick>
                            <onclick>back</onclick>
                            <visible>String.Contains(System.BuildVersion,17)</visible>
                            <visible>Player.HasMedia</visible>
                        </control>
                        <!-- toggle debug -->
                        <control type="button" id="5265">
                            <description>toggle debug</description>
                            <height>40</height>
                            <width>456</width>
                            <aligny>center</aligny>
                            <font>font13</font>
                            <textoffsetx>30</textoffsetx>
                            <texturefocus border="25,5,25,5">buttons/submenuback-middlefo.png</texturefocus>
                            <texturenofocus border="25,5,25,5">buttons/SubMenuBack-MiddleNF.png</texturenofocus>
                            <label>Debug (Main)</label>
                            <onclick>ToggleDebug</onclick>
                            <onclick>Skin.ToggleDebug()</onclick>
                        </control>
                        <!-- toggle PlayerProcessInfo 10116 -->
                        <control type="button" id="5266">
                            <description>toggle CodecInfo</description>
                            <height>40</height>
                            <width>456</width>
                            <aligny>center</aligny>
                            <font>font13</font>
                            <textoffsetx>30</textoffsetx>
                            <texturefocus border="25,5,25,5">buttons/submenuback-middlefo.png</texturefocus>
                            <texturenofocus border="25,5,25,5">buttons/SubMenuBack-MiddleNF.png</texturenofocus>
                            <label>CodecInfo</label>
                            <onclick condition="!String.Contains(System.BuildVersion,17)">FullScreen</onclick>
                            <onclick>Dialog.Close(VideoOSD,true)</onclick>
                            <onclick condition="!String.Contains(System.BuildVersion,17)">CodecInfo</onclick>
                            <onclick condition="String.Contains(System.BuildVersion,17)">ActivateWindow(PlayerProcessInfo)</onclick>
                        </control>
                        <control type="button" id="5267">
                            <description>toggle Aspect Ratio</description>
                            <height>40</height>
                            <width>456</width>
                            <aligny>center</aligny>
                            <font>font13</font>
                            <textoffsetx>30</textoffsetx>
                            <texturefocus border="25,5,25,5">buttons/submenuback-middlefo.png</texturefocus>
                            <texturenofocus border="25,5,25,5">buttons/SubMenuBack-MiddleNF.png</texturenofocus>
                            <label>Aspect Ratio (16x9)</label>
                            <onclick>FullScreen</onclick>
                            <onclick>Dialog.Close(VideoOSD,true)</onclick>
                            <onclick>aspectratio</onclick>
                            <onclick>aspectratio</onclick>
                            <onclick>aspectratio</onclick>
                            <onclick>aspectratio</onclick>
                            <onclick>aspectratio</onclick>
                            <onclick>aspectratio</onclick>
                            <onclick>aspectratio</onclick>
                        </control>
                        <!-- actionbar bar SwitchPlayer Playwith -->
                        <control type="button" id="5268">
                            <description>SwitchPlayer</description>
                            <height>40</height>
                            <width>456</width>
                            <aligny>center</aligny>
                            <font>font13</font>
                            <textoffsetx>30</textoffsetx>
                            <texturefocus border="25,5,25,5">buttons/submenuback-middlefo.png</texturefocus>
                            <texturenofocus border="25,5,25,5">buttons/SubMenuBack-MiddleNF.png</texturenofocus>
                            <label>SwitchPlayer</label>
                            <onclick>SwitchPlayer</onclick>
                            <visible>Player.HasMedia</visible>
                        </control>
                        <!--
                <control type="radiobutton" id="5269">
                    <height>40</height>
                    <width>256</width>
                    <textoffsetx>30</textoffsetx>
                    <aligny>center</aligny>
                    <font>font13</font>
                    <label>449</label>
                    <radioposx>200</radioposx>
                    <texturefocus border="25,5,25,5">buttons/submenuback-middlefo.png</texturefocus>
                    <texturenofocus border="25,5,25,5">buttons/SubMenuBack-MiddleNF.png</texturenofocus>
                    <onclick>ShowSubtitles</onclick>
                    <selected>VideoPlayer.SubtitlesEnabled</selected>
                    <visible>VideoPlayer.HasSubtitles</visible>
                </control>
                -->
                        <control type="image" id="5262">
                            <description>Footer</description>
                            <width>456</width>
                            <height>52</height>
                            <texture border="20,0,20,50">trans/black75.png</texture>
                        </control>
                    </control>
   


    </controls>
</window>
