<?xml version="1.0" encoding="UTF-8" standalone="yes"?>
<addon id="script.module.addon.signals"
	name="Addon Signals"
	version="0.0.0"
	provider-name="Rick Phillips (ruuk)">
	<extension point="xbmc.python.module" library="lib" />
	<extension point="xbmc.addon.metadata">
		<summary lang="en">Inter-addon signalling</summary>
		<description lang="en">Provides signal/slot mechanism for inter-addon communication</description>
		<platform>all</platform>
		<license>GNU GENERAL PUBLIC LICENSE Version 2.1, February 1999</license>
		<source>https://github.com/ruuk/script.module.addon.signals</source>
	</extension>
</addon>
