<?xml version="1.0" encoding="UTF-8" standalone="yes"?>
<addon id="repository.q" name="[COLOR FF8ABEE2]Q[/COLOR]'s Repository" version="0.0.0" provider-name="[COLOR FF8ABEE2]Open[/COLOR][COLOR FF757677]ELEQ[/COLOR]">
  <extension point="xbmc.addon.repository"
    name="[COLOR FF8ABEE2]Q[/COLOR]'s Add-on Repository">
    <dir minversion="14.0.0">
      <info compressed="false">https://raw.githubusercontent.com/OpenELEQ/repository.q/master/helix/addons.xml</info>
      <checksum>https://raw.githubusercontent.com/OpenELEQ/repository.q/master/helix/addons.xml.md5</checksum>
      <datadir zip="true">https://raw.githubusercontent.com/OpenELEQ/repository.q/master/helix/zips/</datadir>
    </dir>
    <dir minversion="15.0.0">
      <info compressed="false">https://raw.githubusercontent.com/OpenELEQ/repository.q/master/isengard/addons.xml</info>
      <checksum>https://raw.githubusercontent.com/OpenELEQ/repository.q/master/isengard/addons.xml.md5</checksum>
      <datadir zip="true">https://raw.githubusercontent.com/OpenELEQ/repository.q/master/isengard/zips/</datadir>
    </dir>
    <dir minversion="16.0.0">
      <info compressed="false">https://raw.githubusercontent.com/OpenELEQ/repository.q/master/jarvis/addons.xml</info>
      <checksum>https://raw.githubusercontent.com/OpenELEQ/repository.q/master/jarvis/addons.xml.md5</checksum>
      <datadir zip="true">https://raw.githubusercontent.com/OpenELEQ/repository.q/master/jarvis/zips/</datadir>
    </dir>
    <dir minversion="17.0.0">
      <info compressed="false">https://raw.githubusercontent.com/OpenELEQ/repository.q/master/krypton/addons.xml</info>
      <checksum>https://raw.githubusercontent.com/OpenELEQ/repository.q/master/krypton/addons.xml.md5</checksum>
      <datadir zip="true">https://raw.githubusercontent.com/OpenELEQ/repository.q/master/krypton/zips/</datadir>
    </dir>
    <dir minversion="18.0.0">
      <info compressed="false">https://raw.githubusercontent.com/OpenELEQ/repository.q/master/leia/addons.xml</info>
      <checksum>https://raw.githubusercontent.com/OpenELEQ/repository.q/master/leia/addons.xml.md5</checksum>
      <datadir zip="true">https://raw.githubusercontent.com/OpenELEQ/repository.q/master/leia/zips/</datadir>
    </dir>
  </extension>
  <extension point="xbmc.addon.metadata">
    <summary lang="en">[COLOR FF8ABEE2]Q[/COLOR]'s Add-on Repository</summary>
    <summary lang="nl">[COLOR FF8ABEE2]Q[/COLOR]'s Addon Depot</summary>
    <description lang="en"></description>
    <description lang="nl"></description>
    <disclaimer lang="en"></disclaimer>
    <disclaimer lang="nl"></disclaimer>
    <platform>all</platform>
    <forum></forum>
    <source>https://github.com/OpenELEQ/repository.q/tree/master/helix/zips/repository.q/repository.q-0.0.2.3.zip</source>
    <email>OpenELEQ@gmail.com</email>
  </extension>
</addon>