 <keymap>
  <global>
    <mouse>
      <leftclick>leftclick</leftclick>
      <rightclick>rightclick</rightclick>
      <middleclick>Stop</middleclick>
      <doubleclick id="0">doubleclick</doubleclick>
      <longclick id="0">contextmenu</longclick>
      <wheeldown>wheeldown</wheeldown>
      <wheelup>wheelup</wheelup>
      <mousedrag>mousedrag</mousedrag>
      <mousemove>mousemove</mousemove>
    </mouse>
  </global>
  <TVGuide>
    <mouse>
      <wheelup>PageUp</wheelup>
      <wheeldown>PageDown</wheeldown>
    </mouse>
  </TVGuide>
  <FullscreenLiveTV>
    <mouse>
      <leftclick>Number0</leftclick>
      <rightclick>PreviousMenu</rightclick>
    </mouse>
  </FullscreenLiveTV>
</keymap>