<?xml version="1.0" encoding="utf-8"?>
<!-- 18
16 SubStrin-g  to  17 String.Contain-s
-->
<window id="1100" type="dialog">
    <!-- Extra -  101 Refresh subs -->
    <!-- There are variables in this window that are carried over from main xml.  You can put them below to override something -->
    <allowoverlay>no</allowoverlay>
    <defaultcontrol always="false">101</defaultcontrol>
    <coordinates>
        <system>1</system>
        <posx>0</posx>
        <posy>0</posy>
    </coordinates>
    <controls>
        <!-- # tabs visibility marker -->
        <control type="label" id="100">
            <description>tabs visibility marker</description>
        </control>
        <!-- # Backgrounds -->
        <control type="group">
            <posx>0</posx>
            <posy>0</posy>
            <control type="image">
                <posx>0</posx>
                <posy>0</posy>
                <width>1280</width>
                <height>720</height>
                <texture>black.png</texture>
            </control>
            <control type="image">
                <description>top buttons mount</description>
                <posx>10</posx>
                <posy>30</posy>
                <width>1260</width>
                <height>60</height>
                <texture>grey.png</texture>
            </control>
            <control type="image">
                <description>top button background</description>
                <posx>12</posx>
                <posy>32</posy>
                <width>1256</width>
                <height>56</height>
                <texture>backgrounds/clear-black.png</texture>
            </control>
            <control type="image">
                <description>bottom buttons mount</description>
                <posx>10</posx>
                <posy>640</posy>
                <width>1260</width>
                <height>60</height>
                <texture>grey.png</texture>
            </control>
            <control type="image">
                <description>bottom buttons background</description>
                <posx>12</posx>
                <posy>642</posy>
                <width>1256</width>
                <height>56</height>
                <texture>backgrounds/clear-black.png</texture>
            </control>
            <control type="image">
                <description>main background</description>
                <posx>10</posx>
                <posy>100</posy>
                <width>1260</width>
                <height>530</height>
                <colordiffuse>$INFO[Window(1100).Property(background_color)]</colordiffuse>
                <texture>white.png</texture>
                <!--<texture>backgrounds/background.png</texture>-->
            </control>
            <!-- # Background clear Black Default -->
            <control type="image">
                <description>background</description>
                <posx>10</posx>
                <posy>100</posy>
                <width>1260</width>
                <height>530</height>
                <!--<texture>trans/black50.png</texture>-->
                <texture>backgrounds/clear-black.png</texture>
            </control>
        </control>
        <!-- # Video window preview -->
        <control type="videowindow">
            <description>Main PIP video window</description>
            <posx>20</posx>
            <posy>490</posy>
            <width>340</width>
            <height>210</height>
            <aspectratio align="left">keep</aspectratio>
            <aligny>center</aligny>
        </control>
        <!-- # Channel Logo -->
        <control type="image" id="4023">
            <texture></texture>
            <description>Channel Logo</description>
            <posx>20</posx>
            <posy>40</posy>
            <width>170</width>
            <height>40</height>
            <aspectratio>keep</aspectratio>
            <align>left</align>
            <visible>true</visible>
        </control>
        <!-- # Channel Name -->
        <control type="label" id="4024">
            <label />
            <description>Channel Name</description>
            <posx>180</posx>
            <posy>40</posy>
            <width>170</width>
            <height>40</height>
            <align>left</align>
            <aligny>center</aligny>
            <font>font13</font>
            <textcolor>white</textcolor>
            <scroll>true</scroll>
        </control>
        <!-- # Addon Logo -->
        <control type="image" id="4025">
            <texture></texture>
            <description>Addon Logo</description>
            <posx>20</posx>
            <posy>645</posy>
            <width>50</width>
            <height>50</height>
            <aspectratio>keep</aspectratio>
            <align>left</align>
            <visible>true</visible>
        </control>
        <!-- # Addon Name -->
        <control type="label" id="4026">
            <label></label>
            <description>Addon Name</description>
            <posx>80</posx>
            <posy>650</posy>
            <width>240</width>
            <height>40</height>
            <align>left</align>
            <aligny>center</aligny>
            <font>font13</font>
            <textcolor>yellow</textcolor>
        </control>
        <!-- # top Set Up Stream Text -->
        <!--
        <control type="label">
            <description>Set Up Stream Text</description>
            <posx>40</posx>
            <posy>100</posy>
            <width>500</width>
            <height>40</height>
            <label>[B]Setup Stream[/B]</label>
            <align>left</align>
        </control>
        -->
        <!-- # Top menu tab -->
        <control type="group">
            <posx>0</posx>
            <posy>0</posy>
            <!-- # top strm m3u pvr -->
            <control type="button" id="101">
                <posx>430</posx>
                <posy>40</posy>
                <width>190</width>
                <height>40</height>
                <align>center</align>
                <aligny>center</aligny>
                <textcolor>white</textcolor>
                <focusedcolor>black</focusedcolor>
                <label>strm|m3u|pvr</label>
                <texturefocus>tvg-button-focus.png</texturefocus>
                <texturenofocus>tvg-button-nofocus.png</texturenofocus>
                <onleft>104</onleft>
                <onright>102</onright>
                <ondown>1001</ondown>
                <onup>1001</onup>
            </control>
            <!-- # top Favourites -->
            <control type="button" id="102">
                <posx>650</posx>
                <posy>40</posy>
                <width>170</width>
                <height>40</height>
                <align>center</align>
                <aligny>center</aligny>
                <textcolor>white</textcolor>
                <focusedcolor>black</focusedcolor>
                <label>Favourites</label>
                <!--<label>$ADDON[script.tvguide.fullscreen 30602]</label>-->
                <texturefocus>tvg-button-focus.png</texturefocus>
                <texturenofocus>tvg-button-nofocus.png</texturenofocus>
                <onleft>101</onleft>
                <onright>103</onright>
                <ondown>2001</ondown>
                <onup>2002</onup>
            </control>
            <!-- # top addons addons.ini -->
            <control type="button" id="103">
                <posx>850</posx>
                <posy>40</posy>
                <width>170</width>
                <height>40</height>
                <align>center</align>
                <aligny>center</aligny>
                <textcolor>white</textcolor>
                <focusedcolor>black</focusedcolor>
                <label>addons.ini</label>
                <!--<label>Addons</label>-->
                <!--<label>$ADDON[script.tvguide.fullscreen 30603]</label>-->
                <texturefocus>tvg-button-focus.png</texturefocus>
                <texturenofocus>tvg-button-nofocus.png</texturenofocus>
                <onleft>102</onleft>
                <onright>104</onright>
                <ondown>3001</ondown>
                <onup>3005</onup>
            </control>
            <!-- # top Subscribe -->
            <control type="button" id="104">
                <posx>1050</posx>
                <posy>40</posy>
                <width>170</width>
                <height>40</height>
                <align>center</align>
                <aligny>center</aligny>
                <textcolor>white</textcolor>
                <focusedcolor>black</focusedcolor>
                <label>Subscribe</label>
                <!--<label>Browse</label>-->
                <texturefocus>tvg-button-focus.png</texturefocus>
                <texturenofocus>tvg-button-nofocus.png</texturenofocus>
                <onleft>103</onleft>
                <onright>101</onright>
                <ondown>4001</ondown>
                <onup>4005</onup>
            </control>
        </control>
        <!-- # Main window -->
        <control type="group">
            <posx>0</posx>
            <posy>0</posy>
            <!-- Main stream screen 101 -->
            <control type="group" id="1000">
                <posx>0</posx>
                <posy>120</posy>
                <width>800</width>
                <height>340</height>
                <visible>String.Contains(Control.GetLabel(100),strm)</visible>
                <!-- Main stream strm m3u File -->
                <control type="button" id="1001">
                    <description>strm|m3u File</description>
                    <posx>450</posx>
                    <posy>420</posy>
                    <width>200</width>
                    <height>50</height>
                    <label>strm|m3u File</label>
                    <align>center</align>
                    <aligny>center</aligny>
                    <textcolor>white</textcolor>
                    <focusedcolor>black</focusedcolor>
                    <texturefocus>tvg-button-focus.png</texturefocus>
                    <texturenofocus>tvg-button-nofocus.png</texturenofocus>
                    <onup>101</onup>
                    <onright>1006</onright>
                    <ondown>1002</ondown>
                </control>
                <!-- help Main stream strm m3u File -->
                <control type="textbox">
                    <posx>450</posx>
                    <posy>380</posy>
                    <width>1260</width>
                    <height>80</height>
                    <align>left</align>
                    <label>Choose stream or substream from strm|m3u playlist to add to addons.ini.</label>
                    <visible>Control.HasFocus(1001)</visible>
                </control>
                <!-- Main Import Playlist -->
                <control type="button" id="1006">
                    <description>Import Playlist</description>
                    <posx>670</posx>
                    <posy>420</posy>
                    <width>190</width>
                    <height>50</height>
                    <label>Playlist</label>
                    <align>center</align>
                    <aligny>center</aligny>
                    <textcolor>white</textcolor>
                    <focusedcolor>black</focusedcolor>
                    <texturefocus>tvg-button-focus.png</texturefocus>
                    <texturenofocus>tvg-button-nofocus.png</texturenofocus>
                    <onup>101</onup>
                    <onleft>1001</onleft>
                    <onright>1007</onright>
                    <ondown>1002</ondown>
                </control>
                <!-- help Main Import Playlist -->
                <control type="textbox">
                    <posx>450</posx>
                    <posy>380</posy>
                    <width>1260</width>
                    <height>80</height>
                    <align>left</align>
                    <label>Import Playlist from strm|m3u playlist to add to addons.ini.</label>
                    <visible>Control.HasFocus(1006)</visible>
                </control>
                <!-- Main Import PVR -->
                <control type="button" id="1007">
                    <description>Import PVR</description>
                    <posx>880</posx>
                    <posy>420</posy>
                    <width>100</width>
                    <height>50</height>
                    <label>PVR</label>
                    <align>center</align>
                    <aligny>center</aligny>
                    <textcolor>white</textcolor>
                    <focusedcolor>black</focusedcolor>
                    <texturefocus>tvg-button-focus.png</texturefocus>
                    <texturenofocus>tvg-button-nofocus.png</texturenofocus>
                    <onup>101</onup>
                    <onleft>1006</onleft>
                    <onright>1008</onright>
                    <ondown>1002</ondown>
                </control>
                <!-- help Main Import PVR -->
                <control type="textbox">
                    <posx>450</posx>
                    <posy>380</posy>
                    <width>1260</width>
                    <height>80</height>
                    <align>left</align>
                    <label>Import PVR channels and add to addons.ini.</label>
                    <visible>Control.HasFocus(1007)</visible>
                </control>
                <!-- Main Import catchup -->
                <control type="button" id="1008">
                    <description>catchup</description>
                    <posx>1000</posx>
                    <posy>420</posy>
                    <width>260</width>
                    <height>50</height>
                    <label>Catchup Channel</label>
                    <align>center</align>
                    <aligny>center</aligny>
                    <textcolor>white</textcolor>
                    <focusedcolor>black</focusedcolor>
                    <texturefocus>tvg-button-focus.png</texturefocus>
                    <texturenofocus>tvg-button-nofocus.png</texturenofocus>
                    <onup>101</onup>
                    <onleft>1007</onleft>
                    <onright>1002</onright>
                    <ondown>1002</ondown>
                </control>
                <!-- help Main Import catchup -->
                <control type="textbox">
                    <posx>450</posx>
                    <posy>380</posy>
                    <width>1260</width>
                    <height>80</height>
                    <align>left</align>
                    <label>Add Catchup Channel to addons.ini.</label>
                    <visible>Control.HasFocus(1008)</visible>
                </control>
                <!-- Main STRM FILE LABEL -->
                <control type="textbox" id="1005">
                    <description>STRM FILE LABEL</description>
                    <posx>140</posx>
                    <posy>240</posy>
                    <width>1280</width>
                    <height>80</height>
                </control>
                <!-- Main stream HELP -->
                <!-- Main stream HELP Main Mainscreen Streamsetup Help about what to do -->
                <control type="textbox">
                    <description>Main Mainscreen Streamsetup Help about what to do</description>
                    <posx>40</posx>
                    <posy>10</posy>
                    <width>1260</width>
                    <height>80</height>
                    <align>left</align>
                    <textcolor>yellow</textcolor>
                    <label>All available channels are in addons.ini. This will help you add your own channels.</label>
                </control>
                <!-- Main stream HELP Main Mainscreen Streamsetup Help about what to do -->
                <control type="textbox">
                    <description>Mainscreen Textbox Help about what to do</description>
                    <posx>40</posx>
                    <posy>60</posy>
                    <width>1260</width>
                    <height>80</height>
                    <align>left</align>
                    <label>1 | Choose stream or substream from strm|m3u|pvr playlist</label>
                </control>
                <!-- Main stream HELP Main Mainscreen Streamsetup Help about what to do -->
                <control type="textbox">
                    <description>Mainscreen Textbox Help about what to do 2</description>
                    <posx>40</posx>
                    <posy>100</posy>
                    <width>1260</width>
                    <height>80</height>
                    <align>left</align>
                    <label>2 | Add a channel from your Favourites</label>
                </control>
                <!-- Main stream HELP Main Mainscreen Streamsetup Help about what to do -->
                <control type="textbox">
                    <description>Mainscreen Textbox Help about what to do 2</description>
                    <posx>40</posx>
                    <posy>140</posy>
                    <width>1260</width>
                    <height>80</height>
                    <align>left</align>
                    <label>3 | Choose from your available channels in addons.ini. Subscribe for more.</label>
                </control>
                <!-- Main stream HELP Main Mainscreen Streamsetup Help about what to do -->
                <control type="textbox">
                    <description>Mainscreen Textbox Help about what to do 2</description>
                    <posx>40</posx>
                    <posy>180</posy>
                    <width>1260</width>
                    <height>80</height>
                    <align>left</align>
                    <label>4 | Subscribe will let you browse addons and choose channels to subscribe to in addons.ini. Refresh Addons.ini afterwards.</label>
                </control>
                <!-- Main stream buttons -->
                <!-- actionbar Player Stop -->
                <control type="radiobutton" id="5100">
                    <texturenofocus />
                    <label></label>
                    <description>Player stop</description>
                    <textureradioonfocus colordiffuse="white">buttons/actionbar/stop.png</textureradioonfocus>
                    <textureradioonnofocus>buttons/actionbar/stop.png</textureradioonnofocus>
                    <textureradioofffocus colordiffuse="white">buttons/actionbar/stop.png</textureradioofffocus>
                    <textureradiooffnofocus>buttons/actionbar/stop.png</textureradiooffnofocus>
                    <texturefocus colordiffuse="$INFO[Window(1100).Property(radio_color)]">buttons/actionbar/button-fo.png</texturefocus>
                    <posx>380</posx>
                    <posy>530</posy>
                    <width>32</width>
                    <animation center="38,38" effect="zoom" end="100" reversible="false" start="95" time="480" tween="back">Focus</animation>
                    <height>32</height>
                    <radiowidth>30</radiowidth>
                    <radioheight>30</radioheight>
                    <radioposx>1</radioposx>
                    <radioposy>0</radioposy>
                    <onclick>PlayerControl(Stop)</onclick>
                    <onright>1002</onright>
                </control>
                <!-- Main stream Preview stream -->
                <control type="button" id="1002">
                    <posx>450</posx>
                    <posy>530</posy>
                    <width>170</width>
                    <height>40</height>
                    <align>center</align>
                    <aligny>center</aligny>
                    <textcolor>white</textcolor>
                    <focusedcolor>black</focusedcolor>
                    <label>Preview</label>
                    <!--<label>$ADDON[script.tvguide.fullscreen 30604]</label>-->
                    <texturefocus>tvg-button-focus.png</texturefocus>
                    <texturenofocus>tvg-button-nofocus.png</texturenofocus>
                    <ondown>101</ondown>
                    <onup>101</onup>
                    <onleft>5100</onleft>
                    <!--<onleft>1001</onleft>-->
                    <onright>1003</onright>
                </control>
                <!-- Main stream Save -->
                <control type="button" id="1003">
                    <posx>650</posx>
                    <posy>530</posy>
                    <width>170</width>
                    <height>40</height>
                    <align>center</align>
                    <aligny>center</aligny>
                    <textcolor>white</textcolor>
                    <focusedcolor>black</focusedcolor>
                    <label>Save</label>
                    <!--<label>$ADDON[script.tvguide.fullscreen 30605]</label>-->
                    <texturefocus>tvg-button-focus.png</texturefocus>
                    <texturenofocus>tvg-button-nofocus.png</texturenofocus>
                    <onup>101</onup>
                    <onleft>1002</onleft>
                    <onright>1004</onright>
                </control>
                <!-- Main stream Cancel -->
                <control type="button" id="1004">
                    <posx>850</posx>
                    <posy>530</posy>
                    <width>170</width>
                    <height>40</height>
                    <align>center</align>
                    <aligny>center</aligny>
                    <textcolor>white</textcolor>
                    <focusedcolor>black</focusedcolor>
                    <label>Cancel</label>
                    <!--<label>$ADDON[script.tvguide.fullscreen 30606]</label>-->
                    <texturefocus>tvg-button-focus.png</texturefocus>
                    <texturenofocus>tvg-button-nofocus.png</texturenofocus>
                    <onup>101</onup>
                    <onleft>1003</onleft>
                    <onright>1009</onright>
                </control>
                <!-- Main stream Clear Alt Stream -->
                <control type="button" id="1009">
                    <description>C_STREAM_STRM_CLEAR_ALT</description>
                    <posx>1050</posx>
                    <posy>530</posy>
                    <width>170</width>
                    <height>40</height>
                    <align>center</align>
                    <aligny>center</aligny>
                    <textcolor>white</textcolor>
                    <focusedcolor>black</focusedcolor>
                    <label>Clear Alt</label>
                    <texturefocus>tvg-button-focus.png</texturefocus>
                    <texturenofocus>tvg-button-nofocus.png</texturenofocus>
                    <onup>101</onup>
                    <onleft>1004</onleft>
                    <onright>10099</onright>
                </control>
                <!-- custom refresh sub ini -->
                <control type="radiobutton" id="10099">
                    <texturenofocus />
                    <description>custom refresh sub ini</description>
                    <textureradioonfocus colordiffuse="white">buttons/actionbar/refresh.png</textureradioonfocus>
                    <textureradioonnofocus>buttons/actionbar/refresh.png</textureradioonnofocus>
                    <textureradioofffocus colordiffuse="white">buttons/actionbar/refresh.png</textureradioofffocus>
                    <textureradiooffnofocus>buttons/actionbar/refresh.png</textureradiooffnofocus>
                    <texturefocus colordiffuse="$INFO[Window(1100).Property(radio_color)]">buttons/actionbar/button-fo.png</texturefocus>
                    <posx>1220</posx>
                    <posy>530</posy>
                    <width>42</width>
                    <height>42</height>
                    <radiowidth>40</radiowidth>
                    <radioheight>40</radioheight>
                    <radioposx>1</radioposx>
                    <radioposy>0</radioposy>
                    <onup>101</onup>
                    <ondown>101</ondown>
                    <onleft>1002</onleft>
                    <onright>1002</onright>
                    <onclick>RunScript($INFO[Window(1100).Property(run_script)],101)</onclick>
                </control>
            </control>
            <!-- # Main Favourites -->
            <control type="group" id="2000">
                <posx>0</posx>
                <posy>120</posy>
                <width>800</width>
                <height>340</height>
                <visible>String.Contains(Control.GetLabel(100),favourites)</visible>
                <!-- Choose a Favourite Stream label -->
                <control type="textbox">
                    <posx>140</posx>
                    <posy>60</posy>
                    <width>350</width>
                    <height>80</height>
                    <align>left</align>
                    <label>Choose a Favourite Stream.</label>
                </control>
                <!-- Choose a fav list array -->
                <control type="list" id="2001">
                    <posx>550</posx>
                    <posy>20</posy>
                    <width>400</width>
                    <height>480</height>
                    <viewtype label="list">list</viewtype>
                    <orientation>vertical</orientation>
                    <focusposition>7</focusposition>
                    <onleft>2002</onleft>
                    <onright>2002</onright>
                    <itemlayout width="400" height="40">
                        <control type="image">
                            <posx>0</posx>
                            <posy>0</posy>
                            <width>400</width>
                            <height>38</height>
                            <texture>tvg-button-nofocus.png</texture>
                        </control>
                        <control type="label">
                            <posx>16</posx>
                            <posy>0</posy>
                            <width>400</width>
                            <height>38</height>
                            <aligny>center</aligny>
                            <textcolor>white</textcolor>
                            <info>ListItem.Label</info>
                        </control>
                    </itemlayout>
                    <focusedlayout width="400" height="40">
                        <control type="image">
                            <posx>0</posx>
                            <posy>0</posy>
                            <width>400</width>
                            <height>38</height>
                            <texture>tvg-button-focus.png</texture>
                            <visible>true</visible>
                        </control>
                        <control type="label">
                            <posx>16</posx>
                            <posy>0</posy>
                            <width>400</width>
                            <height>38</height>
                            <aligny>center</aligny>
                            <textcolor>white</textcolor>
                            <info>ListItem.Label</info>
                            <visible>!Control.HasFocus(2001)</visible>
                        </control>
                        <control type="label">
                            <posx>16</posx>
                            <posy>0</posy>
                            <width>400</width>
                            <height>38</height>
                            <aligny>center</aligny>
                            <textcolor>black</textcolor>
                            <info>ListItem.Label</info>
                            <visible>Control.HasFocus(2001)</visible>
                        </control>
                    </focusedlayout>
                </control>
                <!-- fav buttons -->
                <!-- actionbar Player Stop -->
                <control type="radiobutton" id="5200">
                    <texturenofocus />
                    <label></label>
                    <description>Player stop</description>
                    <textureradioonfocus colordiffuse="white">buttons/actionbar/stop.png</textureradioonfocus>
                    <textureradioonnofocus>buttons/actionbar/stop.png</textureradioonnofocus>
                    <textureradioofffocus colordiffuse="white">buttons/actionbar/stop.png</textureradioofffocus>
                    <textureradiooffnofocus>buttons/actionbar/stop.png</textureradiooffnofocus>
                    <texturefocus colordiffuse="$INFO[Window(1100).Property(radio_color)]">buttons/actionbar/button-fo.png</texturefocus>
                    <posx>380</posx>
                    <posy>530</posy>
                    <width>32</width>
                    <animation center="38,38" effect="zoom" end="100" reversible="false" start="95" time="480" tween="back">Focus</animation>
                    <height>32</height>
                    <radiowidth>30</radiowidth>
                    <radioheight>30</radioheight>
                    <radioposx>1</radioposx>
                    <radioposy>0</radioposy>
                    <onclick>PlayerControl(Stop)</onclick>
                    <onright>2002</onright>
                </control>
                <!-- Preview Stream -->
                <control type="button" id="2002">
                    <posx>450</posx>
                    <posy>530</posy>
                    <width>170</width>
                    <height>40</height>
                    <align>center</align>
                    <aligny>center</aligny>
                    <textcolor>white</textcolor>
                    <focusedcolor>black</focusedcolor>
                    <label>Preview</label>
                    <!--<label>$ADDON[script.tvguide.fullscreen 30604]</label>-->
                    <texturefocus>tvg-button-focus.png</texturefocus>
                    <texturenofocus>tvg-button-nofocus.png</texturenofocus>
                    <ondown>102</ondown>
                    <onup>102</onup>
                    <onleft>5200</onleft>
                    <!--<onleft>2001</onleft>-->
                    <onright>2003</onright>
                </control>
                <!-- Save -->
                <control type="button" id="2003">
                    <posx>650</posx>
                    <posy>530</posy>
                    <width>170</width>
                    <height>40</height>
                    <align>center</align>
                    <aligny>center</aligny>
                    <textcolor>white</textcolor>
                    <focusedcolor>black</focusedcolor>
                    <label>Save</label>
                    <!--<label>$ADDON[script.tvguide.fullscreen 30605]</label>-->
                    <texturefocus>tvg-button-focus.png</texturefocus>
                    <texturenofocus>tvg-button-nofocus.png</texturenofocus>
                    <onup>102</onup>
                    <onleft>2002</onleft>
                    <onright>2004</onright>
                </control>
                <!-- Cancel -->
                <control type="button" id="2004">
                    <posx>850</posx>
                    <posy>530</posy>
                    <width>170</width>
                    <height>40</height>
                    <align>center</align>
                    <aligny>center</aligny>
                    <textcolor>white</textcolor>
                    <focusedcolor>black</focusedcolor>
                    <label>Cancel</label>
                    <!--<label>$ADDON[script.tvguide.fullscreen 30606]</label>-->
                    <texturefocus>tvg-button-focus.png</texturefocus>
                    <texturenofocus>tvg-button-nofocus.png</texturenofocus>
                    <onup>102</onup>
                    <onleft>2003</onleft>
                    <onright>2005</onright>
                </control>
                <!-- Alt Stream -->
                <control type="button" id="2005">
                    <posx>1040</posx>
                    <posy>530</posy>
                    <width>170</width>
                    <height>40</height>
                    <align>center</align>
                    <aligny>center</aligny>
                    <textcolor>white</textcolor>
                    <focusedcolor>black</focusedcolor>
                    <label>Alt Stream</label>
                    <texturefocus>tvg-button-focus.png</texturefocus>
                    <texturenofocus>tvg-button-nofocus.png</texturenofocus>
                    <onup>102</onup>
                    <onleft>2004</onleft>
                    <onright>20099</onright>
                </control>
                <!-- custom refresh sub ini -->
                <control type="radiobutton" id="20099">
                    <texturenofocus />
                    <description>custom refresh sub ini</description>
                    <textureradioonfocus colordiffuse="white">buttons/actionbar/refresh.png</textureradioonfocus>
                    <textureradioonnofocus>buttons/actionbar/refresh.png</textureradioonnofocus>
                    <textureradioofffocus colordiffuse="white">buttons/actionbar/refresh.png</textureradioofffocus>
                    <textureradiooffnofocus>buttons/actionbar/refresh.png</textureradiooffnofocus>
                    <texturefocus colordiffuse="$INFO[Window(1100).Property(radio_color)]">buttons/actionbar/button-fo.png</texturefocus>
                    <posx>1220</posx>
                    <posy>530</posy>
                    <width>42</width>
                    <height>42</height>
                    <radiowidth>40</radiowidth>
                    <radioheight>40</radioheight>
                    <radioposx>1</radioposx>
                    <radioposy>0</radioposy>
                    <onup>102</onup>
                    <ondown>2002</ondown>
                    <onleft>2002</onleft>
                    <onright>2002</onright>
                    <onclick>RunScript($INFO[Window(1100).Property(run_script)],101)</onclick>
                </control>
            </control>
            <!-- # Main Addons ini browse -->
            <control type="group" id="3000">
                <posx>0</posx>
                <posy>120</posy>
                <width>1280</width>
                <height>600</height>
                <visible>String.Contains(Control.GetLabel(100),addons)</visible>
                <!-- arrow -->
                <control type="image">
                    <posx>90</posx>
                    <posy>20</posy>
                    <width>40</width>
                    <height>12</height>
                    <texture>tvguide-channel-arrow.png</texture>
                </control>
                <!-- arrow -->
                <control type="image">
                    <posx>90</posx>
                    <posy>230</posy>
                    <width>40</width>
                    <height>-12</height>
                    <texture>tvguide-channel-arrow.png</texture>
                </control>
                <!-- addons list array -->
                <control type="wraplist" id="3001">
                    <posx>40</posx>
                    <posy>65</posy>
                    <width>150</width>
                    <height>150</height>
                    <aspectratio>keep</aspectratio>
                    <viewtype label="list">list</viewtype>
                    <orientation>vertical</orientation>
                    <focusposition>0</focusposition>
                    <onleft>3005</onleft>
                    <onright>3002</onright>
                    <itemlayout width="150" height="150">
                        <control type="image">
                            <posx>0</posx>
                            <posy>0</posy>
                            <width>150</width>
                            <height>150</height>
                            <texture>tvg-button-nofocus.png</texture>
                        </control>
                        <control type="image">
                            <posx>10</posx>
                            <posy>10</posy>
                            <width>130</width>
                            <height>130</height>
                            <info>ListItem.Icon</info>
                        </control>
                    </itemlayout>
                    <focusedlayout width="150" height="150">
                        <control type="image">
                            <posx>0</posx>
                            <posy>0</posy>
                            <width>150</width>
                            <height>150</height>
                            <texture>tvg-button-nofocus.png</texture>
                            <visible>!Control.HasFocus(3001)</visible>
                        </control>
                        <control type="image">
                            <posx>0</posx>
                            <posy>0</posy>
                            <width>150</width>
                            <height>150</height>
                            <texture>tvg-button-focus.png</texture>
                            <visible>Control.HasFocus(3001)</visible>
                        </control>
                        <control type="image">
                            <posx>10</posx>
                            <posy>10</posy>
                            <width>130</width>
                            <height>130</height>
                            <info>ListItem.Icon</info>
                        </control>
                    </focusedlayout>
                </control>
                <!-- addons list label -->
                <control type="label" id="3003">
                    <posx>40</posx>
                    <posy>280</posy>
                    <width>330</width>
                    <height>40</height>
                    <label>[B][/B]</label>
                    <textcolor>white</textcolor>
                </control>
                <!-- addon info -->
                <control type="textbox" id="3004">
                    <label />
                    <description>addon info</description>
                    <posx>40</posx>
                    <posy>310</posy>
                    <width>450</width>
                    <height>90</height>
                    <font>font12</font>
                    <align>left</align>
                    <autoscroll time="3600" delay="6000" repeat="6000">true</autoscroll>
                    <!--<visible>!Player.HasMedia</visible>-->
                </control>
                <!-- addons list array second window -->
                <control type="list" id="3002">
                    <posx>550</posx>
                    <posy>20</posy>
                    <width>400</width>
                    <height>480</height>
                    <viewtype label="list">list</viewtype>
                    <orientation>vertical</orientation>
                    <focusposition>7</focusposition>
                    <onleft>3001</onleft>
                    <onright>3005</onright>
                    <itemlayout width="400" height="40">
                        <control type="image">
                            <posx>0</posx>
                            <posy>0</posy>
                            <width>400</width>
                            <height>38</height>
                            <texture>tvg-button-nofocus.png</texture>
                        </control>
                        <control type="label">
                            <posx>16</posx>
                            <posy>0</posy>
                            <width>400</width>
                            <height>38</height>
                            <aligny>center</aligny>
                            <textcolor>white</textcolor>
                            <info>ListItem.Label</info>
                        </control>
                    </itemlayout>
                    <focusedlayout width="400" height="40">
                        <control type="image">
                            <posx>0</posx>
                            <posy>0</posy>
                            <width>400</width>
                            <height>38</height>
                            <texture>tvg-button-focus.png</texture>
                            <visible>true</visible>
                        </control>
                        <control type="label">
                            <posx>16</posx>
                            <posy>0</posy>
                            <width>400</width>
                            <height>38</height>
                            <aligny>center</aligny>
                            <textcolor>white</textcolor>
                            <info>ListItem.Label</info>
                            <visible>!Control.HasFocus(3002)</visible>
                        </control>
                        <control type="label">
                            <posx>16</posx>
                            <posy>0</posy>
                            <width>400</width>
                            <height>38</height>
                            <aligny>center</aligny>
                            <textcolor>black</textcolor>
                            <info>ListItem.Label</info>
                            <visible>Control.HasFocus(3002)</visible>
                        </control>
                    </focusedlayout>
                </control>
                <!-- Buttons -->
                <!-- actionbar Player Stop -->
                <control type="radiobutton" id="5300">
                    <texturenofocus />
                    <label></label>
                    <description>Player stop</description>
                    <textureradioonfocus colordiffuse="white">buttons/actionbar/stop.png</textureradioonfocus>
                    <textureradioonnofocus>buttons/actionbar/stop.png</textureradioonnofocus>
                    <textureradioofffocus colordiffuse="white">buttons/actionbar/stop.png</textureradioofffocus>
                    <textureradiooffnofocus>buttons/actionbar/stop.png</textureradiooffnofocus>
                    <texturefocus colordiffuse="$INFO[Window(1100).Property(radio_color)]">buttons/actionbar/button-fo.png</texturefocus>
                    <posx>380</posx>
                    <posy>530</posy>
                    <width>32</width>
                    <animation center="38,38" effect="zoom" end="100" reversible="false" start="95" time="480" tween="back">Focus</animation>
                    <height>32</height>
                    <radiowidth>30</radiowidth>
                    <radioheight>30</radioheight>
                    <radioposx>1</radioposx>
                    <radioposy>0</radioposy>
                    <onclick>PlayerControl(Stop)</onclick>
                    <onright>3005</onright>
                </control>
                <!-- Preview Stream -->
                <control type="button" id="3005">
                    <posx>450</posx>
                    <posy>530</posy>
                    <width>170</width>
                    <height>40</height>
                    <align>center</align>
                    <aligny>center</aligny>
                    <textcolor>white</textcolor>
                    <focusedcolor>black</focusedcolor>
                    <label>Preview</label>
                    <!--<label>$ADDON[script.tvguide.fullscreen 30604]</label>-->
                    <texturefocus>tvg-button-focus.png</texturefocus>
                    <texturenofocus>tvg-button-nofocus.png</texturenofocus>
                    <onup>3001</onup>
                    <ondown>103</ondown>
                    <onleft>5300</onleft>
                    <!--<onleft>3002</onleft>-->
                    <onright>3006</onright>
                </control>
                <!-- Save -->
                <control type="button" id="3006">
                    <posx>650</posx>
                    <posy>530</posy>
                    <width>170</width>
                    <height>40</height>
                    <align>center</align>
                    <aligny>center</aligny>
                    <textcolor>white</textcolor>
                    <focusedcolor>black</focusedcolor>
                    <label>Save</label>
                    <!--<label>$ADDON[script.tvguide.fullscreen 30605]</label>-->
                    <texturefocus>tvg-button-focus.png</texturefocus>
                    <texturenofocus>tvg-button-nofocus.png</texturenofocus>
                    <onup>103</onup>
                    <onleft>3005</onleft>
                    <onright>3007</onright>
                </control>
                <!-- Cancel -->
                <control type="button" id="3007">
                    <posx>850</posx>
                    <posy>530</posy>
                    <width>170</width>
                    <height>40</height>
                    <align>center</align>
                    <aligny>center</aligny>
                    <textcolor>white</textcolor>
                    <focusedcolor>black</focusedcolor>
                    <label>Cancel</label>
                    <!--<label>$ADDON[script.tvguide.fullscreen 30606]</label>-->
                    <texturefocus>tvg-button-focus.png</texturefocus>
                    <texturenofocus>tvg-button-nofocus.png</texturenofocus>
                    <onup>103</onup>
                    <onleft>3006</onleft>
                    <onright>3009</onright>
                </control>
                <!-- Alt Stream -->
                <control type="button" id="3009">
                    <posx>1040</posx>
                    <posy>530</posy>
                    <width>170</width>
                    <height>40</height>
                    <align>center</align>
                    <aligny>center</aligny>
                    <textcolor>white</textcolor>
                    <focusedcolor>black</focusedcolor>
                    <label>Alt Stream</label>
                    <texturefocus>tvg-button-focus.png</texturefocus>
                    <texturenofocus>tvg-button-nofocus.png</texturenofocus>
                    <onup>103</onup>
                    <onleft>3007</onleft>
                    <onright>30099</onright>
                </control>
                <!-- custom refresh sub ini -->
                <control type="radiobutton" id="30099">
                    <texturenofocus />
                    <description>custom refresh sub ini</description>
                    <textureradioonfocus colordiffuse="white">buttons/actionbar/refresh.png</textureradioonfocus>
                    <textureradioonnofocus>buttons/actionbar/refresh.png</textureradioonnofocus>
                    <textureradioofffocus colordiffuse="white">buttons/actionbar/refresh.png</textureradioofffocus>
                    <textureradiooffnofocus>buttons/actionbar/refresh.png</textureradiooffnofocus>
                    <texturefocus colordiffuse="$INFO[Window(1100).Property(radio_color)]">buttons/actionbar/button-fo.png</texturefocus>
                    <posx>1220</posx>
                    <posy>530</posy>
                    <width>42</width>
                    <height>42</height>
                    <radiowidth>40</radiowidth>
                    <radioheight>40</radioheight>
                    <radioposx>1</radioposx>
                    <radioposy>0</radioposy>
                    <onup>103</onup>
                    <ondown>3005</ondown>
                    <onleft>3009</onleft>
                    <onright>3005</onright>
                    <onclick>RunScript($INFO[Window(1100).Property(run_script)],101)</onclick>
                </control>
            </control>
            <!-- # Main browse and add addon subscriptions -->
            <control type="group" id="4000">
                <posx>0</posx>
                <posy>120</posy>
                <width>1280</width>
                <height>600</height>
                <visible>String.Contains(Control.GetLabel(100),browse)</visible>
                <!-- arrow -->
                <control type="image">
                    <posx>90</posx>
                    <posy>20</posy>
                    <width>40</width>
                    <height>12</height>
                    <texture>tvguide-channel-arrow.png</texture>
                </control>
                <!-- arrow -->
                <control type="image">
                    <posx>90</posx>
                    <posy>280</posy>
                    <width>40</width>
                    <height>-12</height>
                    <texture>tvguide-channel-arrow.png</texture>
                </control>
                <!-- subs list array -->
                <control type="list" id="4001">
                    <posx>40</posx>
                    <posy>65</posy>
                    <width>300</width>
                    <height>200</height>
                    <aspectratio>keep</aspectratio>
                    <viewtype label="list">list</viewtype>
                    <orientation>vertical</orientation>
                    <focusposition>0</focusposition>
                    <onleft>4005</onleft>
                    <onright>4008</onright>
                    <itemlayout width="150" height="200">
                        <control type="image">
                            <posx>0</posx>
                            <posy>0</posy>
                            <width>150</width>
                            <height>150</height>
                            <texture>tvg-button-nofocus.png</texture>
                        </control>
                        <control type="image">
                            <posx>10</posx>
                            <posy>10</posy>
                            <width>130</width>
                            <height>130</height>
                            <info>ListItem.Icon</info>
                        </control>
                        <control type="label">
                            <posx>10</posx>
                            <posy>150</posy>
                            <width>300</width>
                            <height>40</height>
                            <aligny>center</aligny>
                            <textcolor>white</textcolor>
                            <info>ListItem.Label</info>
                        </control>
                    </itemlayout>
                    <focusedlayout width="150" height="200">
                        <control type="image">
                            <posx>0</posx>
                            <posy>0</posy>
                            <width>150</width>
                            <height>150</height>
                            <texture>tvg-button-nofocus.png</texture>
                            <visible>!Control.HasFocus(4001)</visible>
                        </control>
                        <control type="image">
                            <posx>0</posx>
                            <posy>0</posy>
                            <width>150</width>
                            <height>150</height>
                            <texture>tvg-button-focus.png</texture>
                            <visible>Control.HasFocus(4001)</visible>
                        </control>
                        <control type="image">
                            <posx>10</posx>
                            <posy>10</posy>
                            <width>130</width>
                            <height>130</height>
                            <info>ListItem.Icon</info>
                        </control>
                        <control type="label">
                            <posx>10</posx>
                            <posy>150</posy>
                            <width>300</width>
                            <height>40</height>
                            <aligny>center</aligny>
                            <textcolor>white</textcolor>
                            <info>ListItem.Label</info>
                        </control>
                    </focusedlayout>
                </control>
                <!-- help subscriptions Help about what to do -->
                <control type="label">
                    <description>subscriptions Help about what to do</description>
                    <posx>40</posx>
                    <posy>-20</posy>
                    <width>1260</width>
                    <height>38</height>
                    <aligny>center</aligny>
                    <textcolor>white</textcolor>
                    <label>Click on the addon icon and wait until the addon loads. Then browse to the directory you want and click Add Folder button.</label>
                </control>
                <!-- subs list array -->
                <control type="list" id="4008">
                    <posx>400</posx>
                    <posy>20</posy>
                    <width>300</width>
                    <height>480</height>
                    <viewtype label="list">list</viewtype>
                    <orientation>vertical</orientation>
                    <focusposition>7</focusposition>
                    <onleft>4001</onleft>
                    <onright>4002</onright>
                    <itemlayout width="300" height="40">
                        <control type="image">
                            <posx>0</posx>
                            <posy>0</posy>
                            <width>300</width>
                            <height>38</height>
                            <texture>tvg-button-nofocus.png</texture>
                        </control>
                        <control type="label">
                            <posx>16</posx>
                            <posy>0</posy>
                            <width>300</width>
                            <height>38</height>
                            <aligny>center</aligny>
                            <textcolor>white</textcolor>
                            <info>ListItem.Label</info>
                        </control>
                    </itemlayout>
                    <focusedlayout width="300" height="40">
                        <control type="image">
                            <posx>0</posx>
                            <posy>0</posy>
                            <width>300</width>
                            <height>38</height>
                            <texture>tvg-button-focus.png</texture>
                            <visible>true</visible>
                        </control>
                        <control type="label">
                            <posx>16</posx>
                            <posy>0</posy>
                            <width>300</width>
                            <height>38</height>
                            <aligny>center</aligny>
                            <textcolor>white</textcolor>
                            <info>ListItem.Label</info>
                            <visible>!Control.HasFocus(4008)</visible>
                        </control>
                        <control type="label">
                            <posx>16</posx>
                            <posy>0</posy>
                            <width>300</width>
                            <height>38</height>
                            <aligny>center</aligny>
                            <textcolor>black</textcolor>
                            <info>ListItem.Label</info>
                            <visible>Control.HasFocus(4008)</visible>
                        </control>
                    </focusedlayout>
                </control>
                <!-- subs addon name -->
                <control type="label" id="4003">
                    <description>addon name</description>
                    <posx>40</posx>
                    <posy>280</posy>
                    <width>350</width>
                    <height>40</height>
                    <label>[B][/B]</label>
                    <textcolor>white</textcolor>
                </control>
                <!-- subs addon info -->
                <control type="textbox" id="4004">
                    <label />
                    <description>addon info</description>
                    <posx>40</posx>
                    <posy>310</posy>
                    <width>350</width>
                    <height>90</height>
                    <font>font12</font>
                    <align>left</align>
                    <autoscroll time="3600" delay="6000" repeat="6000">true</autoscroll>
                    <!--<visible>!Player.HasMedia</visible>-->
                </control>
                <!-- subs list array window 2 -->
                <control type="list" id="4002">
                    <posx>750</posx>
                    <posy>20</posy>
                    <width>400</width>
                    <height>480</height>
                    <viewtype label="list">list</viewtype>
                    <orientation>vertical</orientation>
                    <focusposition>7</focusposition>
                    <onleft>4008</onleft>
                    <onright>4005</onright>
                    <itemlayout width="400" height="40">
                        <control type="image">
                            <posx>0</posx>
                            <posy>0</posy>
                            <width>400</width>
                            <height>38</height>
                            <texture>tvg-button-nofocus.png</texture>
                        </control>
                        <control type="label">
                            <posx>16</posx>
                            <posy>0</posy>
                            <width>400</width>
                            <height>38</height>
                            <aligny>center</aligny>
                            <textcolor>white</textcolor>
                            <info>ListItem.Label</info>
                        </control>
                    </itemlayout>
                    <focusedlayout width="400" height="40">
                        <control type="image">
                            <posx>0</posx>
                            <posy>0</posy>
                            <width>400</width>
                            <height>38</height>
                            <texture>tvg-button-focus.png</texture>
                            <visible>true</visible>
                        </control>
                        <control type="label">
                            <posx>16</posx>
                            <posy>0</posy>
                            <width>400</width>
                            <height>38</height>
                            <aligny>center</aligny>
                            <textcolor>white</textcolor>
                            <info>ListItem.Label</info>
                            <visible>!Control.HasFocus(4002)</visible>
                        </control>
                        <control type="label">
                            <posx>16</posx>
                            <posy>0</posy>
                            <width>400</width>
                            <height>38</height>
                            <aligny>center</aligny>
                            <textcolor>black</textcolor>
                            <info>ListItem.Label</info>
                            <visible>Control.HasFocus(4002)</visible>
                        </control>
                    </focusedlayout>
                </control>
                <!-- Buttons -->
                <!-- actionbar Player Stop -->
                <control type="radiobutton" id="5400">
                    <texturenofocus />
                    <label></label>
                    <description>Player stop</description>
                    <textureradioonfocus colordiffuse="white">buttons/actionbar/stop.png</textureradioonfocus>
                    <textureradioonnofocus>buttons/actionbar/stop.png</textureradioonnofocus>
                    <textureradioofffocus colordiffuse="white">buttons/actionbar/stop.png</textureradioofffocus>
                    <textureradiooffnofocus>buttons/actionbar/stop.png</textureradiooffnofocus>
                    <texturefocus colordiffuse="$INFO[Window(1100).Property(radio_color)]">buttons/actionbar/button-fo.png</texturefocus>
                    <posx>380</posx>
                    <posy>530</posy>
                    <width>32</width>
                    <animation center="38,38" effect="zoom" end="100" reversible="false" start="95" time="480" tween="back">Focus</animation>
                    <height>32</height>
                    <radiowidth>30</radiowidth>
                    <radioheight>30</radioheight>
                    <radioposx>1</radioposx>
                    <radioposy>0</radioposy>
                    <onclick>PlayerControl(Stop)</onclick>
                    <onright>4005</onright>
                </control>
                <!-- Preview -->
                <control type="button" id="4005">
                    <posx>450</posx>
                    <posy>530</posy>
                    <width>140</width>
                    <height>40</height>
                    <align>center</align>
                    <aligny>center</aligny>
                    <textcolor>white</textcolor>
                    <focusedcolor>black</focusedcolor>
                    <label>Preview</label>
                    <texturefocus>tvg-button-focus.png</texturefocus>
                    <texturenofocus>tvg-button-nofocus.png</texturenofocus>
                    <onup>4001</onup>
                    <ondown>104</ondown>
                    <onleft>5400</onleft>
                    <!--<onleft>4002</onleft>-->
                    <onright>4006</onright>
                </control>
                <!-- Save -->
                <control type="button" id="4006">
                    <posx>600</posx>
                    <posy>530</posy>
                    <width>140</width>
                    <height>40</height>
                    <align>center</align>
                    <aligny>center</aligny>
                    <textcolor>white</textcolor>
                    <focusedcolor>black</focusedcolor>
                    <label>Save</label>
                    <!--<label>$ADDON[script.tvguide.fullscreen 30605]</label>-->
                    <texturefocus>tvg-button-focus.png</texturefocus>
                    <texturenofocus>tvg-button-nofocus.png</texturenofocus>
                    <onup>104</onup>
                    <onleft>4005</onleft>
                    <onright>4007</onright>
                </control>
                <!-- Cancel -->
                <control type="button" id="4007">
                    <posx>750</posx>
                    <posy>530</posy>
                    <width>140</width>
                    <height>40</height>
                    <align>center</align>
                    <aligny>center</aligny>
                    <textcolor>white</textcolor>
                    <focusedcolor>black</focusedcolor>
                    <label>Cancel</label>
                    <!--<label>$ADDON[script.tvguide.fullscreen 30606]</label>-->
                    <texturefocus>tvg-button-focus.png</texturefocus>
                    <texturenofocus>tvg-button-nofocus.png</texturenofocus>
                    <onup>104</onup>
                    <onleft>4006</onleft>
                    <onright>4010</onright>
                </control>
                <!-- Add Alt -->
                <control type="button" id="4010">
                    <posx>900</posx>
                    <posy>530</posy>
                    <width>140</width>
                    <height>40</height>
                    <align>center</align>
                    <aligny>center</aligny>
                    <textcolor>white</textcolor>
                    <focusedcolor>black</focusedcolor>
                    <label>Add Alt</label>
                    <texturefocus>tvg-button-focus.png</texturefocus>
                    <texturenofocus>tvg-button-nofocus.png</texturenofocus>
                    <onup>104</onup>
                    <onleft>4007</onleft>
                    <onright>4009</onright>
                </control>
                <!-- Add Folder -->
                <control type="button" id="4009">
                    <posx>1050</posx>
                    <posy>530</posy>
                    <width>160</width>
                    <height>40</height>
                    <align>center</align>
                    <aligny>center</aligny>
                    <textcolor>white</textcolor>
                    <focusedcolor>black</focusedcolor>
                    <label>Add Folder</label>
                    <texturefocus>tvg-button-focus.png</texturefocus>
                    <texturenofocus>tvg-button-nofocus.png</texturenofocus>
                    <onup>104</onup>
                    <onleft>4010</onleft>
                    <onright>40099</onright>
                </control>
                <!-- custom refresh sub ini -->
                <control type="radiobutton" id="40099">
                    <texturenofocus />
                    <description>custom refresh sub ini</description>
                    <textureradioonfocus colordiffuse="white">buttons/actionbar/refresh.png</textureradioonfocus>
                    <textureradioonnofocus>buttons/actionbar/refresh.png</textureradioonnofocus>
                    <textureradioofffocus colordiffuse="white">buttons/actionbar/refresh.png</textureradioofffocus>
                    <textureradiooffnofocus>buttons/actionbar/refresh.png</textureradiooffnofocus>
                    <texturefocus colordiffuse="$INFO[Window(1100).Property(radio_color)]">buttons/actionbar/button-fo.png</texturefocus>
                    <posx>1220</posx>
                    <posy>530</posy>
                    <width>42</width>
                    <height>42</height>
                    <radiowidth>40</radiowidth>
                    <radioheight>40</radioheight>
                    <radioposx>1</radioposx>
                    <radioposy>0</radioposy>
                    <onup>104</onup>
                    <ondown>4005</ondown>
                    <onleft>4009</onleft>
                    <onright>4005</onright>
                    <onclick>RunScript($INFO[Window(1100).Property(run_script)],101)</onclick>
                </control>
            </control>
        </control>
    </controls>
</window>
