<?xml version="1.0" encoding="utf-8"?>
<!-- # Languages disabled -->
<window type="dialog">
    <allowoverlay>no</allowoverlay>
    <defaultcontrol always="false">1000</defaultcontrol>
    <animation effect="fade" start="0" end="100" time="100">WindowOpen</animation>
    <animation effect="fade" start="100" end="0" time="100">WindowClose</animation>
    <coordinates>
        <system>1</system>
        <posx>0</posx>
        <posy>0</posy>
    </coordinates>
    <controls>
        <!-- # Background if video  -->
        <control type="image">
            <posx>0</posx>
            <posy>0</posy>
            <width>1280</width>
            <height>720</height>
            <texture>trans/black75.png</texture>
        </control>
        <!-- # invisible osd exit -->
        <control type="button">
            <texturefocus></texturefocus>
            <texturenofocus></texturenofocus>
            <description>invisible exit osd everywhere except bottom osd channel description</description>
            <posx>0</posx>
            <posy>0</posy>
            <width>1280</width>
            <height>720</height>
            <onclick>back</onclick>
        </control>
        <!-- # flip adjust -->
        <control type="group">
            <description>Main Popup Menu Control Group</description>
            <posx>0</posx>
            <!--flip1 disabled  not needed -->
            <posy>240</posy>
            <width>1280</width>
            <height>445</height>
            <!-- # Multiple addons provide this channel label -->
            <control type="label" id="4000">
                <posx>1050</posx>
                <!--<posy>5</posy>-->
                <posy>0</posy>
                <width>300</width>
                <height>30</height>
                <textcolor>grey</textcolor>
                <align>left</align>
                <aligny>center</aligny>
                <font>font10</font>
                <label>[B]Multiple addons.[/B]</label>
                <wrapmultiline>true</wrapmultiline>
                <visible>false</visible>
            </control>
            <!-- # Addon Logo -->
            <control type="image" id="4025">
                <texture></texture>
                <description>Addon Logo</description>
                <posx>1050</posx>
                <posy>40</posy>
                <width>30</width>
                <height>30</height>
                <aspectratio>keep</aspectratio>
                <visible>true</visible>
            </control>
            <!-- # Addon Name -->
            <control type="label" id="4026">
                <label></label>
                <description>Addon Name</description>
                <posx>1090</posx>
                <posy>40</posy>
                <width>200</width>
                <height>30</height>
                <textcolor>white</textcolor>
                <align>left</align>
                <aligny>center</aligny>
                <visible>true</visible>
            </control>
            <!-- # invisible osd draw focus without exit -->
            <control type="button">
                <texturefocus></texturefocus>
                <texturenofocus></texturenofocus>
                <description>invisible exit osd everywhere except bottom osd channel description</description>
                <posx>0</posx>
                <posy>0</posy>
                <width>446</width>
                <height>445</height>
                <onclick></onclick>
            </control>
            <!-- list # Stream addons main list array -->
            <control type="list" id="1000">
                <!--<posx>180</posx>
                <posy>0</posy>-->
                <posx>280</posx>
                <posy>0</posy>
                <width>820</width>
                <height>445</height>
                <viewtype label="list">list</viewtype>
                <orientation>vertical</orientation>
                <preloaditems>2</preloaditems>
                <focusposition>1</focusposition>
                <pagecontrol>1001</pagecontrol>
                <onleft>1001</onleft>
                <onright>1001</onright>
                <itemgap>5</itemgap>
                <align>center</align>
                <aligny>center</aligny>
                <itemlayout width="820" height="40">
                    <!-- background -->
                    <control type="image">
                        <texture flipx="false" colordiffuse="EDFFFFFF">buttons/panel.png</texture>
                        <posx>0</posx>
                        <posy>0</posy>
                        <width>820</width>
                        <height>40</height>
                    </control>
                    <control type="image">
                        <posx>0</posx>
                        <posy>0</posy>
                        <width>820</width>
                        <height>40</height>
                        <texture>buttons/popup_button.png</texture>
                    </control>
                    <control type="image">
                        <posx>1</posx>
                        <posy>1</posy>
                        <width>38</width>
                        <height>38</height>
                        <align>center</align>
                        <aligny>center</aligny>
                        <aspectratio>keep</aspectratio>
                        <info>ListItem.Icon</info>
                    </control>
                    <control type="label">
                        <posx>60</posx>
                        <posy>0</posy>
                        <width>780</width>
                        <height>40</height>
                        <align>left</align>
                        <aligny>center</aligny>
                        <font>font13</font>
                        <textcolor>ffffffff</textcolor>
                        <info>ListItem.Label</info>
                    </control>
                </itemlayout>
                <focusedlayout width="820" height="60">
                    <control type="image">
                        <posx>0</posx>
                        <posy>0</posy>
                        <width>820</width>
                        <height>60</height>
                        <texture>buttons/popup_buttonFO.png</texture>
                    </control>
                    <control type="image">
                        <posx>0</posx>
                        <posy>0</posy>
                        <width>820</width>
                        <height>60</height>
                        <texture colordiffuse="$INFO[Window(1100).Property(focus_current_color)]">buttons/panel-focus.png</texture>
                    </control>
                    <control type="image">
                        <posx>1</posx>
                        <posy>1</posy>
                        <width>58</width>
                        <height>58</height>
                        <align>center</align>
                        <aligny>center</aligny>
                        <aspectratio>keep</aspectratio>
                        <info>ListItem.Icon</info>
                    </control>
                    <control type="label">
                        <posx>80</posx>
                        <posy>0</posy>
                        <width>780</width>
                        <height>60</height>
                        <align>left</align>
                        <aligny>center</aligny>
                        <font>font_MainMenu</font>
                        <textcolor>ffffffff</textcolor>
                        <info>ListItem.Label</info>
                    </control>
                </focusedlayout>
            </control>
            <control type="scrollbar" id="1001">
                <description>scroll bar control</description>
                <posx>1000</posx>
                <posy>0</posy>
                <width>40</width>
                <height>445</height>
                <visible>true</visible>
                <pulseonselect>true</pulseonselect>
                <orientation>vertical</orientation>
                <showonepage>false</showonepage>
                <onleft>1000</onleft>
                <onright>1002</onright>
                <texturesliderbackground colordiffuse="$INFO[Window(1100).Property(scrollbarbg_color)]">trans/white15.png</texturesliderbackground>
                <textureslidernib>trans/invisible.png</textureslidernib>
                <textureslidernibfocus>trans/invisible.png</textureslidernibfocus>
                <texturesliderbar colordiffuse="$INFO[Window(1100).Property(scrollbarnf_color)]">trans/white15.png</texturesliderbar>
                <texturesliderbarfocus colordiffuse="$INFO[Window(1100).Property(focus_current_color)]">trans/white35.png</texturesliderbarfocus>
                <animation effect="fade" start="0" end="100" time="200" delay="300">Visible</animation>
                <animation effect="fade" start="100" end="0" time="200">Hidden</animation>
            </control>
        </control>
    </controls>
</window>
