<?xml version="1.0" encoding="utf-8"?>
<window type="dialog">
    <allowoverlay>no</allowoverlay>
    <defaultcontrol always="false">1000</defaultcontrol>
    <coordinates>
        <system>1</system>
        <posx>0</posx>
        <posy>0</posy>
    </coordinates>
    <controls>
        <!-- # Backgrounds -->
        <control type="group">
            <left>0</left>
            <top>0</top>
            <control type="image">
                <description>background</description>
                <posx>0</posx>
                <posy>0</posy>
                <width>1280</width>
                <height>720</height>
                <texture>backgrounds/background.png</texture>
                <visible>true</visible>
            </control>
            <control type="image">
                <description>background</description>
                <posx>0</posx>
                <posy>0</posy>
                <width>1280</width>
                <height>720</height>
                <texture>trans/black25.png</texture>
                <visible>true</visible>
            </control>
            <control type="videowindow">
                <description>video window</description>
                <posx>0</posx>
                <posy>0</posy>
                <width>1280</width>
                <height>720</height>
            </control>
            <!-- exit -->
            <control type="button">
                <texturefocus></texturefocus>
                <texturenofocus></texturenofocus>
                <label></label>
                <description>exit</description>
                <posx>0</posx>
                <posy>0</posy>
                <width>1280</width>
                <height>720</height>
                <align>center</align>
                <aligny>center</aligny>
                <onclick>back</onclick>
            </control>
            <!-- # Header Titles -->
            <control type="image">
                <top>0</top>
                <left>876</left>
                <width>404</width>
                <height>90</height>
                <aspectratio>keep</aspectratio>
                <texture>buttons/headerOnNow.png</texture>
                <visible>StringCompare(Control.GetLabel(1001),NOW)</visible>
            </control>
            <control type="image">
                <top>0</top>
                <left>876</left>
                <width>404</width>
                <height>90</height>
                <aspectratio>keep</aspectratio>
                <texture>buttons/headerOnNext.png</texture>
                <visible>StringCompare(Control.GetLabel(1001),NEXT)</visible>
            </control>
            <control type="image">
                <top>0</top>
                <left>876</left>
                <width>404</width>
                <height>90</height>
                <aspectratio>keep</aspectratio>
                <texture>buttons/headerOnChannel.png</texture>
                <visible>!StringCompare(Control.GetLabel(1001),NOW)+!StringCompare(Control.GetLabel(1001),NEXT)</visible>
            </control>
            <control type="label" id="1001">
                <description>Title</description>
                <left>40</left>
                <top>20</top>
                <width>280</width>
                <height>20</height>
                <font>font13</font>
                <textcolor>orange</textcolor>
                <shadowcolor>black</shadowcolor>
                <align>left</align>
                <aligny>center</aligny>
                <label>Title</label>
                <scroll>true</scroll>
                <visible>true</visible>
            </control>
            <control type="label">
                <description>Displays todays date</description>
                <posx>40</posx>
                <posy>40</posy>
                <width>280</width>
                <height>30</height>
                <textcolor>white</textcolor>
                <font>font13</font>
                <align>left</align>
                <aligny>center</aligny>
                <visible>true</visible>
                <label>$INFO[System.Date(DDD)], $INFO[System.Date(dd)] $INFO[System.Date(MMM)]</label>
            </control>
            <control type="label">
                <description>time label</description>
                <posx>40</posx>
                <posy>60</posy>
                <width>200</width>
                <height>30</height>
                <align>left</align>
                <aligny>center</aligny>
                <font>font13</font>
                <textcolor>white</textcolor>
                <label>$INFO[System.Time(hh:mm)]</label>
            </control>
        </control>
        <!-- # Main channel List -->
        <control type="image">
            <left>40</left>
            <top>100</top>
            <width>760</width>
            <height>602</height>
            <texture>backgrounds/listBorder400x360.png</texture>
        </control>
        <control type="list" id="1000">
            <left>40</left>
            <top>100</top>
            <width>758</width>
            <height>600</height>
            <onup>1000</onup>
            <ondown>1000</ondown>
            <onleft></onleft>
            <onright></onright>
            <pagecontrol>1100</pagecontrol>
            <itemlayout height="75">
                <control type="image">
                    <left>2</left>
                    <top>2</top>
                    <width>758</width>
                    <height>73</height>
                    <texture>tvg-program-nofocus.png</texture>
                    <visible>true</visible>
                </control>
                <control type="image">
                    <left>10</left>
                    <top>0</top>
                    <width>75</width>
                    <height>75</height>
                    <info>ListItem.Icon</info>
                    <aspectratio>keep</aspectratio>
                </control>
                <control type="label">
                    <left>100</left>
                    <top>4</top>
                    <width>460</width>
                    <height>40</height>
                    <font>font14</font>
                    <textcolor>white</textcolor>
                    <align>left</align>
                    <aligny>center</aligny>
                    <info>ListItem.Property(ChannelName)</info>
                </control>
                <control type="label">
                    <description>Program Title</description>
                    <left>100</left>
                    <top>30</top>
                    <width>550</width>
                    <height>40</height>
                    <font>font13</font>
                    <textcolor>grey</textcolor>
                    <align>left</align>
                    <aligny>center</aligny>
                    <info>ListItem.Label</info>
                </control>
                <!-- StartTime   19:00 yesterday -->
                <control type="label">
                    <left>450</left>
                    <top>4</top>
                    <width>300</width>
                    <height>25</height>
                    <font>font13</font>
                    <textcolor>white</textcolor>
                    <align>right</align>
                    <aligny>center</aligny>
                    <info>ListItem.Property(StartTime)</info>
                </control>
                <!-- Duration 60 min -->
                <control type="label">
                    <left>550</left>
                    <top>30</top>
                    <width>200</width>
                    <height>25</height>
                    <font>font13</font>
                    <textcolor>grey</textcolor>
                    <align>right</align>
                    <aligny>center</aligny>
                    <info>ListItem.Property(Duration)</info>
                </control>
                <!-- When in  -->
                <control type="label">
                    <left>550</left>
                    <top>55</top>
                    <width>200</width>
                    <height>20</height>
                    <font>font12</font>
                    <textcolor>dimgrey</textcolor>
                    <align>right</align>
                    <aligny>center</aligny>
                    <info>ListItem.Property(When)</info>
                </control>
                <control type="progress">
                    <left>670</left>
                    <top>65</top>
                    <width>80</width>
                    <height>4</height>
                    <lefttexture />
                    <righttexture />
                    <texturebg>buttons/tvg-progress-bg.png</texturebg>
                    <midtexture>buttons/tvg-progress-mid.png</midtexture>
                    <info>ListItem.Property(Completed)</info>
                    <visible>ListItem.Property(Completed)</visible>
                </control>
            </itemlayout>
            <focusedlayout height="75">
                <control type="image">
                    <left>2</left>
                    <top>2</top>
                    <width>758</width>
                    <height>73</height>
                    <texture>tvg-program-focus.png</texture>
                    <visible>true</visible>
                </control>
                <control type="image">
                    <left>10</left>
                    <top>0</top>
                    <width>75</width>
                    <height>75</height>
                    <info>ListItem.Icon</info>
                    <aspectratio>keep</aspectratio>
                </control>
                <control type="label">
                    <left>100</left>
                    <top>4</top>
                    <width>460</width>
                    <height>40</height>
                    <font>font14</font>
                    <textcolor>white</textcolor>
                    <align>left</align>
                    <aligny>center</aligny>
                    <info>ListItem.Property(ChannelName)</info>
                </control>
                <control type="label">
                    <description>Program Title</description>
                    <left>100</left>
                    <top>30</top>
                    <width>550</width>
                    <height>40</height>
                    <font>font13</font>
                    <textcolor>white</textcolor>
                    <align>left</align>
                    <aligny>center</aligny>
                    <info>ListItem.Label</info>
                </control>
                <!-- StartTime   19:00 yesterday -->
                <control type="label">
                    <left>450</left>
                    <top>4</top>
                    <width>300</width>
                    <height>25</height>
                    <font>font13</font>
                    <textcolor>white</textcolor>
                    <align>right</align>
                    <aligny>center</aligny>
                    <info>ListItem.Property(StartTime)</info>
                </control>
                <!-- Duration 60 min -->
                <control type="label">
                    <left>550</left>
                    <top>30</top>
                    <width>200</width>
                    <height>25</height>
                    <font>font13</font>
                    <textcolor>grey</textcolor>
                    <align>right</align>
                    <aligny>center</aligny>
                    <info>ListItem.Property(Duration)</info>
                </control>
                <!-- When in  -->
                <control type="label">
                    <left>550</left>
                    <top>55</top>
                    <width>200</width>
                    <height>20</height>
                    <font>font12</font>
                    <textcolor>dimgrey</textcolor>
                    <align>right</align>
                    <aligny>center</aligny>
                    <info>ListItem.Property(When)</info>
                </control>
                <control type="progress">
                    <left>670</left>
                    <top>65</top>
                    <width>80</width>
                    <height>4</height>
                    <lefttexture />
                    <righttexture />
                    <texturebg>buttons/tvg-progress-bg.png</texturebg>
                    <midtexture>buttons/tvg-progress-mid.png</midtexture>
                    <info>ListItem.Property(Completed)</info>
                    <visible>ListItem.Property(Completed)</visible>
                </control>
            </focusedlayout>
        </control>
        <!-- Main channel List scroll bar -->
        <control type="scrollbar" id="1100">
            <description>scroll bar control</description>
            <left>5</left>
            <top>100</top>
            <width>35</width>
            <height>600</height>
            <visible>true</visible>
            <pulseonselect>true</pulseonselect>
            <orientation>vertical</orientation>
            <showonepage>false</showonepage>
            <onleft>1000</onleft>
            <onright>1000</onright>
            <texturesliderbackground colordiffuse="$INFO[Window(1100).Property(scrollbarbg_color)]">trans/white15.png</texturesliderbackground>
            <textureslidernib>trans/invisible.png</textureslidernib>
            <textureslidernibfocus>trans/invisible.png</textureslidernibfocus>
            <texturesliderbar colordiffuse="$INFO[Window(1100).Property(focus_current_color)]">trans/white15.png</texturesliderbar>
            <texturesliderbarfocus colordiffuse="$INFO[Window(1100).Property(focus_current_color)]">trans/white35.png</texturesliderbarfocus>
            <visible>Integer.IsGreater(Container(1000).NumItems,8)</visible>
        </control>
        <!-- descriptions-->
        <control type="group">
            <left>830</left>
            <top>100</top>
            <width>420</width>
            <height>600</height>
            <control type="image">
                <left>0</left>
                <top>0</top>
                <width>420</width>
                <height>600</height>
                <texture>backgrounds/listBorder400x360.png</texture>
            </control>
            <!-- descriptions images -->
            <control type="group">
                <left>10</left>
                <top>10</top>
                <width>400</width>
                <height>300</height>
                <control type="image">
                    <texture>backgrounds/tvguide-glasspane.png</texture>
                    <align>center</align>
                    <aspectratio>stretch</aspectratio>
                    <visible>!Player.HasMedia</visible>
                </control>
                <control type="image">
                    <texture>$INFO[Container(1000).ListItem.Property(ProgramImage)]</texture>
                    <align>center</align>
                    <aspectratio>keep</aspectratio>
                </control>
            </control>
            <!-- descriptions group -->
            <control type="group">
                <top>320</top>
                <left>20</left>
                <control type="image">
                    <left>-18</left>
                    <top>-10</top>
                    <width>416</width>
                    <height>288</height>
                    <texture>backgrounds/tvguide-glasspane.png</texture>
                    <align>center</align>
                    <aspectratio>stretch</aspectratio>
                    <visible>Player.HasMedia</visible>
                </control>
                <control type="label">
                    <description>Start Time for TVShow</description>
                    <left>0</left>
                    <top>0</top>
                    <width>380</width>
                    <height>25</height>
                    <font>font13</font>
                    <align>left</align>
                    <aligny>top</aligny>
                    <label>$INFO[Container(1000).ListItem.Label]</label>
                </control>
                <control type="label">
                    <description>Duration label</description>
                    <left>0</left>
                    <top>30</top>
                    <width>380</width>
                    <height>25</height>
                    <font>font13</font>
                    <align>left</align>
                    <aligny>top</aligny>
                    <label>[COLOR grey]$INFO[Container(1000).ListItem.Property(StartTime)][/COLOR]  $INFO[Container(1000).ListItem.Property(Duration)]</label>
                </control>
                <control type="progress">
                    <top>45</top>
                    <left>290</left>
                    <width>80</width>
                    <height>4</height>
                    <lefttexture />
                    <righttexture />
                    <texturebg>buttons/tvg-progress-bg.png</texturebg>
                    <midtexture>buttons/tvg-progress-mid.png</midtexture>
                    <info>Container(1000).ListItem.Property(Completed)</info>
                    <visible>Container(1000).ListItem.Property(Completed)</visible>
                </control>
                <control type="label">
                    <description>Plot Value for TVShow</description>
                    <left>0</left>
                    <top>60</top>
                    <width>380</width>
                    <height>200</height>
                    <font>font10</font>
                    <textcolor>white</textcolor>
                    <align>left</align>
                    <aligny>top</aligny>
                    <label>$INFO[Container(1000).ListItem.Property(Plot)]</label>
                    <wrapmultiline>true</wrapmultiline>
                </control>
                <control type="label">
                    <description>Duration label</description>
                    <left>0</left>
                    <top>220</top>
                    <width>380</width>
                    <height>66</height>
                    <font>font_MainMenu</font>
                    <align>left</align>
                    <aligny>top</aligny>
                    <label>$INFO[Container(1000).ListItem.Property(When)]</label>
                    <visible>Container(1000).ListItem.Property(When)</visible>
                </control>
            </control>
        </control>
    </controls>
</window>
