<?xml version="1.0" encoding="UTF-8"?>
<addon id="skin.confluence.17" version="3.0.39.01" name="Confluence 17  ([COLOR yellow]MOD[/COLOR])" provider-name="^\_(-_-)_/^,Andy,Jezz_X,Team Kodi">

	<requires>
		<import addon="xbmc.gui" version="5.12.0"/>
	</requires>

	<extension point="xbmc.gui.skin" debugging="false" effectslowdown="1.0">
		<res width="1280" height="720" aspect="16:9" default="true" folder="720p" />
	</extension>

	<extension point="xbmc.addon.metadata">
		<summary lang="en_AU">Confluence skin by Jezz_X. (Kodi's default skin)</summary>
		<summary lang="en_GB">Confluence skin by Jezz_X.</summary>
		<summary lang="en_NZ">Confluence skin by Jezz_X. (Kodi's default skin)</summary>
		<summary lang="en_US">Confluence skin by Jezz_X. (Kodi's default skin)</summary>
		<description lang="en_AU">Confluence is the default skin for Kodi 9.11 and above. It is a combination of concepts from many popular skins, and attempts to embrace and integrate their good ideas into a skin that should be easy for first time Kodi users to understand and use.</description>
		<description lang="en_GB">Confluence is a combination of concepts from many popular skins, and attempts to embrace and integrate their good ideas into a skin that should be easy for first time Kodi users to understand and use.</description>
		<description lang="en_NZ">Confluence is the default skin for Kodi 9.11 and above. It is a combination of concepts from many popular skins, and attempts to embrace and integrate their good ideas into a skin that should be easy for first time Kodi users to understand and use.</description>
		<description lang="en_US">Confluence is the default skin for Kodi 9.11 and above. It is a combination of concepts from many popular skins, and attempts to embrace and integrate their good ideas into a skin that should be easy for first time Kodi users to understand and use.</description>
		<platform>all</platform>
		<license>GNU General Public License version 2</license>
		<forum>http://forum.kodi.tv/forumdisplay.php?fid=125</forum>
		<website/>
		<email/>
		<source>https://github.com/xbmc/skin.confluence</source>
		<assets>
			<icon>resources/icon.png</icon>
			<fanart>resources/fanart.jpg</fanart>
			<screenshot>resources/screenshot-01.jpg</screenshot>
			<screenshot>resources/screenshot-02.jpg</screenshot>
			<screenshot>resources/screenshot-03.jpg</screenshot>
		</assets>
		<news>Fixed home Weather item / Added 'Privacy Policy' to system info / Updated background video conditions</news>
	</extension>

</addon>