<?xml version="1.0" encoding="utf-8"?>
<window type="dialog" id="1109">
	<visible>Window.IsActive(fullscreenvideo) | Window.IsActive(visualisation)</visible>
	<visible>Window.IsActive(seekbar) | Window.IsActive(pvrosdchannels) | Window.IsActive(pvrchannelguide)</visible>
	<depth>DepthOSD</depth>
	<include>Animation_TopSlide</include>
	<zorder>0</zorder>
	<controls>
	
		<control type="group">
			<animation effect="slide" end="0,-90" time="300" tween="sine" easing="inout" condition="$EXP[infodialog_active]">conditional</animation>
			<depth>DepthBars</depth>
			<control type="image">
				<left>0</left>
				<top>0</top>
				<width>100%</width>
				<height>170</height>
				<texture>frame/osdfade.png</texture>
			</control>
			<control type="image">
				<left>15</left>
				<top>10</top>
				<width>300</width>
				<height>140</height>
				<texture>$VAR[PlayerClearLogoVar]</texture>
				<aspectratio aligny="center" align="center">keep</aspectratio>
			</control>
			<control type="textbox">
				<label>$VAR[NowPlayingBreadcrumbsVar]</label>
				<font>font45</font>
				<shadowcolor>text_shadow</shadowcolor>
				<top>0</top>
				<height>150</height>
				<left>330</left>
				<right>400</right>
				<aligny>center</aligny>
				<visible>!String.IsEmpty(Player.Art(tvshow.clearlogo))</visible>
			</control>

<!-- ### now playing -->
			<control type="group">
				<visible>!Window.IsActive(pvrosdchannels) + !Window.IsActive(pvrchannelguide)</visible>
				<visible>String.IsEmpty(Player.Art(clearlogo))</visible>
				<visible>String.IsEmpty(Player.Art(tvshow.clearlogo))</visible>
				<animation effect="fade" time="150">VisibleChange</animation>
				<left>30</left>
				<right>400</right>
				
			<!-- TV Guide labels -->
			<control type="label">
					<font>font45</font>
					<shadowcolor>text_shadow</shadowcolor>
					<top>7</top>
					<height>100</height>
					<left>0</left>
					<right>0</right>
				<label>[COLOR grey]$INFO[Window(home).Property(tvgfs_currentchan)][/COLOR]  [COLOR dimgrey]$INFO[Window(home).Property(tvgfs_currentprogramtime)][/COLOR]  $INFO[Window(home).Property(tvgfs_currentprogram)]</label>
				<visible>System.HasAddon(script.tvguide.fullscreen) + !String.IsEqual(Window(home).Property(tvgfs_currentchan),)</visible>
			</control>
				<!-- or non TV Guide labels -->
				<control type="label">
					<label>$VAR[NowPlayingBreadcrumbsVar]</label>
					<font>font45</font>
					<shadowcolor>text_shadow</shadowcolor>
					<top>7</top>
					<height>100</height>
					<left>0</left>
					<right>0</right>
				<visible>String.IsEqual(Window(home).Property(tvgfs_currentchan),)</visible>
				</control>
				
				<control type="label">
					<top>60</top>
					<label>$VAR[OSDSubLabelVar,,  ][COLOR grey]$INFO[Player.FileNameAndPath][/COLOR]</label>
					<!--<label>$VAR[OSDSubLabelVar]</label>-->
					<shadowcolor>text_shadow</shadowcolor>
					<height>100</height>
					<left>0</left>
					<right>0</right>
				</control>
				
			    <!-- codecs -->
                <control type="grouplist">
                    <description>codec flags</description>
                    <visible>!Player.HasAudio</visible>
                    <posx>0</posx>
                    <posy>86</posy>
                    <width>1900</width>
                    <height>68</height>
                    <align>left</align>
                    <aligny>center</aligny>
                    <orientation>horizontal</orientation>
                    <itemgap>3</itemgap>

                    <!-- Video VideoCodec -->
                    <control type="image">
                        <width min="0" max="78">auto</width>
                        <height>68</height>
                        <aspectratio>keep</aspectratio>
                        <texture>flags/videocodec/$INFO[VideoPlayer.VideoCodec].png</texture>
                        <visible>!String.IsEmpty(VideoPlayer.VideoCodec)</visible>
                    </control>
                    <!-- VideoPlayer AudioCodec -->
                    <control type="image">
                        <width min="0" max="78">auto</width>
                        <height>68</height>
                        <aspectratio>keep</aspectratio>
                        <texture>flags/audiocodec/$INFO[VideoPlayer.AudioCodec].png</texture>
                        <visible>!String.IsEmpty(VideoPlayer.AudioCodec)</visible>
                    </control>
                    <!-- VideoPlayer Audio Channels -->
                    <control type="image">
                        <width min="0" max="78">auto</width>
                        <height>68</height>
                        <aspectratio>keep</aspectratio>
                        <texture>flags/audiochannel/$INFO[VideoPlayer.AudioChannels].png</texture>
                        <visible>!String.IsEmpty(VideoPlayer.AudioChannels)</visible>
                    </control>
                    <!-- Video AspectRatio -->
                    <control type="image">
                        <width min="0" max="78">auto</width>
                        <height>68</height>
                        <aspectratio>keep</aspectratio>
                        <texture>flags/aspectratio/$INFO[VideoPlayer.VideoAspect].png</texture>
                        <visible>!String.IsEmpty(VideoPlayer.VideoAspect)</visible>
                    </control>
                    <!-- Video Resolution -->
                    <control type="image">
                        <width min="0" max="78">auto</width>
                        <height>68</height>
                        <aspectratio>keep</aspectratio>
                        <texture>flags/videoresolution/$INFO[VideoPlayer.VideoResolution].png</texture>
                        <visible>!String.IsEmpty(VideoPlayer.VideoResolution)</visible>
                    </control>
                    <!-- Mpaa -->
                    <!--
                    <control type="image">
                        <description>Mpaa Image</description>
                        <width>60</width>
                        <height>58</height>
                        <aspectratio>keep</aspectratio>
                        <align>center</align>
                        <aligny>center</aligny>
                        <texture>flags/mpaa/$INFO[VideoPlayer.Mpaa].png</texture>
                        <visible>!String.IsEmpty(VideoPlayer.Mpaa)</visible>
                    </control>
                    -->
                    <!-- tv season banner Art(banner) -->
                    <!--
                    <control type="image">
                        <description>tv logo</description>
                        <width>245</width>
                        <height>68</height>
                        <aspectratio>keep</aspectratio>
                        <align>right</align>
                        <aligny>center</aligny>
                        <info>VideoPlayer.Art(banner)</info>
                        <visible>!String.IsEmpty(VideoPlayer.Art(banner))</visible>
                    </control>
                    -->
                <!-- 60 video #  Studio  Premiered  Country  mpaa Rating  #  Duration  FinishTime -->
                <control type="textbox">
                    <description>tv info</description>
                    <posx>0</posx>
                    <posy>0</posy>
                    <height>68</height>
                    <width>1665</width>
                    <label>$INFO[VideoPlayer.Studio,  ,  [COLOR dimgrey]•[/COLOR]  ][COLOR grey]$INFO[VideoPlayer.Premiered][COLOR grey]$INFO[VideoPlayer.Country,  [COLOR dimgrey]•[/COLOR]  ][/COLOR][COLOR grey]$INFO[VideoPlayer.Mpaa,  [COLOR dimgrey]•[/COLOR]  ,][/COLOR][COLOR grey]$INFO[VideoPlayer.Rating,  [COLOR dimgrey]•[/COLOR]  ,][/COLOR]</label>
                    <textcolor>white</textcolor>
                    <!--<align>left</align>-->
                    <aligny>center</aligny>
                    <font>font10</font>
                    <visible>!Player.HasAudio + !VideoPlayer.Content(LiveTV)</visible>
                </control>

                </control>
                
                <!-- 90x380 pvr # ChannelName Player.StartTime  EndTime  NextTitle  NextStartTime  NextEndTime    # not used -  NextGenre  NextPlot NextDuration Genre  -->
                <control type="textbox">
                    <description>tv info</description>
                    <!--<posx>380</posx>-->
                    <posx>20</posx>
                    <posy>90</posy>
                    <height>45</height>
                    <width>1665</width>
                    <label>$INFO[VideoPlayer.ChannelName][COLOR grey]$INFO[Player.StartTime,  [COLOR dimgrey]•[/COLOR]  ,  ][/COLOR][COLOR grey]$INFO[VideoPlayer.EndTime,- , ][/COLOR][COLOR grey]$INFO[VideoPlayer.NextTitle,  [COLOR dimgrey]•[/COLOR]  Next: [/COLOR][COLOR white],][/COLOR][COLOR grey]$INFO[VideoPlayer.NextStartTime,  [COLOR dimgrey]•[/COLOR]  ,  ][/COLOR][COLOR grey]$INFO[VideoPlayer.NextEndTime,- , ][/COLOR]$INFO[VideoPlayer.Genre,  ,]</label>
                    <textcolor>white</textcolor>
                    <align>left</align>
                    <aligny>center</aligny>
                    <font>font13</font>
                    <visible>VideoPlayer.Content(LiveTV)</visible>
                </control>
			</control>

<!-- ### Clock and remaining -->
			<control type="group">
				<visible>!Window.IsVisible(extendedprogressdialog)</visible>
				<animation effect="fade" time="150">VisibleChange</animation>
				<control type="label">
					<font>font_clock</font>
					<shadowcolor>text_shadow</shadowcolor>
					<top>0</top>
					<right>20</right>
					<height>200</height>
					<width>600</width>
					<align>right</align>
					<label>$INFO[System.Time]</label>
				</control>
				<control type="grouplist">
					<right>24</right>
					<top>74</top>
					<width>800</width>
					<height>100</height>
					<align>right</align>
					<itemgap>5</itemgap>
					<orientation>horizontal</orientation>
					<usecontrolcoords>true</usecontrolcoords>
					<control type="label">
						<label>$INFO[Player.FinishTime,$LOCALIZE[31080]: ]</label>
						<shadowcolor>text_shadow</shadowcolor>
						<height>100</height>
						<width>auto</width>
						<visible>!String.isempty(Player.Duration)</visible>
						<visible>Player.HasVideo + ![Player.HasGame | VideoPlayer.HasEpg]</visible>
					</control>
					<control type="label">
						<label>$INFO[PVR.EpgEventFinishTime,$LOCALIZE[31080]: ]</label>
						<shadowcolor>text_shadow</shadowcolor>
						<height>100</height>
						<width>auto</width>
						<visible>VideoPlayer.HasEpg</visible>
					</control>
					<control type="image">
						<top>2</top>
						<left>0</left>
						<width>60</width>
						<height>40</height>
						<fadetime>300</fadetime>
						<aspectratio aligny="center" align="right">keep</aspectratio>
						<texture>dialogs/volume/mute.png</texture>
						<visible>Player.Muted</visible>
					</control>
				</control>
			</control>
		</control>

	</controls>
</window>
