<?xml version="1.0" encoding="UTF-8"?>
<window>
	<defaultcontrol always="true">50</defaultcontrol>
	<backgroundcolor>background</backgroundcolor>
	<views>50,51,52,53,54,55,500,501,502</views>
	<menucontrol>9000</menucontrol>
	<controls>
		<include>DefaultBackground</include>

		<control type="group">
			<animation effect="fade" start="100" end="0" time="200" tween="sine" condition="$EXP[infodialog_active]">Conditional</animation>
			<include>View_50_List</include>
			<include>View_51_Poster</include>
			<include>View_52_IconWall</include>
			<include>View_53_Shift</include>
			<include>View_54_InfoWall</include>
			<include>View_55_WideList</include>
			<include>View_500_Wall</include>
			<include>View_501_Banner</include>
			<include>View_502_FanArt</include>
			<control type="group">
				<depth>DepthContentPanel</depth>
				<include>OpenClose_Left</include>
				<visible>Control.IsVisible(55)</visible>
				<include>Visible_Left</include>
				<include>ListThumbInfoPanel</include>
			</control>
			
			<!--  playing labels -->
			<control type="group">
				<depth>DepthContentPanel</depth>
				<include>OpenClose_Left</include>
				<visible>Control.IsVisible(50) | Control.Isvisible(54) | [Control.IsVisible(501) + String.IsEqual(Skin.AspectRatio,21:9)]</visible>
				<include>Visible_Left</include>
				<include content="ContentPanel">
					<param name="width" value="656" />
				</include>
				
				<!-- list item file tags -->
				<control type="group">
					<width>550</width>
					
                   <!-- watched progress bar -->
                   <control type="progress">
                    <posx>30</posx>
                    <posy>110</posy>
                    <!--<posy>240</posy>-->
                    <!--<posy>215</posy>-->
                    <width>550</width>
                    <height>10</height>
                    <lefttexture />
                    <righttexture />
                    <texturebg border="2" colordiffuse="black">progressbg.png</texturebg>
                    <midtexture colordiffuse="darkcyan">progress.png</midtexture>
                    <info>ListItem.PercentPlayed</info>
                    <visible>!Integer.IsEqual(ListItem.PercentPlayed,0)</visible>
                </control>
					<!-- 120 title -->
					<control type="textbox">
						<top>120</top>
						<left>30</left>
						<width>550</width>
						<aligny>center</aligny>
						<height>110</height>
						<font>font36_title</font>
						<label>$INFO[ListItem.Label,[B],[/B]]</label>
					</control>
					
                    <!-- 260 Duration  Premiered DateAdded   mpaa  Rating -->
					<control type="textbox">
						<left>30</left>
						<top>260</top>
						<width>565</width>
						<height>40</height>
						<font>font10</font>
						<label>$INFO[ListItem.Duration,, min]$INFO[ListItem.Premiered, [COLOR dimgrey]•[/COLOR] ,, [COLOR dimgrey]•[/COLOR] ][COLOR grey]$INFO[ListItem.DateAdded, (,)][/COLOR][COLOR grey]$INFO[ListItem.mpaa, [COLOR dimgrey]•[/COLOR] ,][/COLOR][COLOR grey]$INFO[ListItem.Rating, [COLOR dimgrey]•[/COLOR] ,][/COLOR]</label>
						<autoscroll delay="10000" time="3000" repeat="10000">Skin.HasSetting(autoscroll)</autoscroll>
<visible>ListItem.IsCollection + String.IsEmpty(ListItem.Plot)</visible>
					</control>
					
                    <!-- 300 Season Episode  Studio Country -->
					<control type="textbox">
						<left>30</left>
						<top>300</top>
						<width>565</width>
						<height>40</height>
						<font>font10</font>
						<label>[COLOR grey]$INFO[ListItem.Season,Season:[COLOR white] , [/COLOR][COLOR dimgrey]•[/COLOR] ][/COLOR][COLOR grey]$INFO[ListItem.Episode,Episode:[/COLOR] ,[COLOR white] [COLOR dimgrey]•[/COLOR] ][/COLOR]$INFO[ListItem.Studio]$INFO[ListItem.Country, [COLOR dimgrey]•[/COLOR] ,]</label>
						<autoscroll delay="10000" time="3000" repeat="10000">Skin.HasSetting(autoscroll)</autoscroll>
					</control>
					
                    <!-- 340 Genre -->
					<control type="textbox">
						<left>30</left>
						<top>340</top>
						<width>565</width>
						<height>80</height>
						<font>font10</font>
						<label>$INFO[ListItem.Genre]</label>
						<autoscroll delay="10000" time="3000" repeat="10000">Skin.HasSetting(autoscroll)</autoscroll>
					</control>
					
                    <!-- 400 Tagline  -->
					<control type="textbox">
						<left>30</left>
						<top>400</top>
						<width>525</width>
						<height>35</height>
						<font>font10</font>
						<visible>!ListItem.IsCollection</visible>
						<label>[COLOR dimgrey]$INFO[ListItem.Tagline,[I],[/I]][/COLOR]</label>
						<autoscroll delay="10000" time="3000" repeat="10000">Skin.HasSetting(autoscroll)</autoscroll>
					</control>
                    <!-- 430 Tagline Director  Producer  Plot  CastAndRole -->
					<control type="textbox">
						<left>30</left>
						<top>430</top>
						<width>525</width>
						<!--<bottom>150</bottom>-->
						<bottom>150</bottom>
						<font>font13</font>
						<!--<font>font10</font>-->
						<visible>!ListItem.IsCollection</visible>
						<label>[COLOR grey]$INFO[ListItem.Director,, [COLOR dimgrey]•[/COLOR] ][/COLOR]$INFO[ListItem.Producer,,  [COLOR dimgrey]•[/COLOR] ]$INFO[ListItem.Plot]</label>
						<autoscroll delay="3000" time="3000" repeat="3000">Skin.HasSetting(autoscroll)</autoscroll>
					</control>
					
                    <!-- 975 FileNameAndPath -->
					<control type="textbox">
						<left>10</left>
						<!--<posy>880</posy>-->
						<posy>975</posy>
						<width>565</width>
						<height>65</height>
						<font>font10</font>
						<align>left</align>
                        <aligny>bottom</aligny>
						<label>[COLOR grey]$INFO[ListItem.FileNameAndPath,,  ][/COLOR]$INFO[ListItem.Size]</label>
						<autoscroll delay="10000" time="3000" repeat="10000">Skin.HasSetting(autoscroll)</autoscroll>
					</control>
					
                    <!-- if collection show contents if no plot -->
					<control type="group">
						<left>20</left>
						<top>245</top>
						<visible>String.IsEmpty(ListItem.Plot)</visible>
<!--<visible>Container.Content(movies) | Container.Content(sets) | Container.Content(tvshows) | Container.content(seasons) | Container.Content(episodes)</visible>-->
						<!--<visible>ListItem.IsCollection + String.IsEmpty(ListItem.Plot)</visible>-->
						<include content="InfoList">
							<param name="bottom" value="108" />
							<param name="width" value="540" />
							<param name="sortby" value="year" />
							<param name="sortorder" value="ascending" />
							<param name="font" value="font13" />
						</include>
					</control>
                    <!-- if collection show contents -->
					<control type="group">
						<left>1420</left>
						<top>245</top>
						<aligny>bottom</aligny>
						<visible>!String.IsEmpty(ListItem.Plot)</visible>
<!--<visible>Container.Content(movies) | Container.Content(sets) | Container.Content(tvshows) | Container.content(seasons) | Container.Content(episodes)</visible>-->
						<!--<visible>ListItem.IsCollection + String.IsEmpty(ListItem.Plot)</visible>-->
						<include content="InfoList">
							<param name="bottom" value="108" />
							<param name="width" value="540" />
							<param name="sortby" value="year" />
							<param name="sortorder" value="ascending" />
							<param name="font" value="font13" />
						</include>
					</control>
				</control>
				
				<!-- extra file codecs right -->
				<control type="grouplist">
                    <!--<animation effect="slide" start="0,0" end="194,0" time="0" condition="String.IsEmpty(ListItem.Art(poster)) + String.IsEmpty(ListItem.Art(tvshow.poster)) + String.IsEmpty(ListItem.Art(season.poster))">Conditional</animation>-->
                    <description>confluence style vertical listitem codec flags</description>
                    <posx>1400</posx>
                    <posy>965</posy>
                    <width>500</width>
                    <height>50</height>
                    <align>right</align>
                    <aligny>center</aligny>
                    <orientation>horizontal</orientation>
                    <itemgap>25</itemgap>
                    <!-- tv season banner Art(banner) -->
                    <control type="image">
                        <description>tv logo</description>
                        <posx>0</posx>
                        <!--<posy>75</posy>-->
                        <posy>0</posy>
                        <width>200</width>
                        <height>40</height>
                        <aspectratio>keep</aspectratio>
                        <align>right</align>
                        <aligny>center</aligny>
                        <info>ListItem.Art(banner)</info>
                        <visible>!String.IsEmpty(ListItem.Art(banner))</visible>
                    </control>
                    <!-- Watched status OverlayPlaying -->
                    <control type="image">
                        <width>60</width>
                        <height>60</height>
                        <texture>flags/watched/OverlayPlaying-List.png</texture>
                        <visible>ListItem.IsPlaying</visible>
                    </control>
                    <!-- Watched status resume -->
                    <control type="image">
                        <width>60</width>
                        <height>60</height>
                        <texture>flags/watched/resume.png</texture>
                        <visible>ListItem.IsResumable</visible>
                    </control>
                    <!-- Mpaa -->
                    <control type="image">
                        <description>Mpaa Image</description>
                        <width min="0" max="80">auto</width>
                        <height>60</height>
                        <aspectratio>keep</aspectratio>
                        <align>center</align>
                        <aligny>center</aligny>
                        <texture>flags/mpaa/$INFO[ListItem.Mpaa].png</texture>
                        <visible>!String.IsEmpty(ListItem.Mpaa)</visible>
                    </control>
                    <!-- AudioLanguage if not eng -->
                    <control type="image">
                        <description>AudioLanguage Image</description>
                        <width>80</width>
                        <height>60</height>
                        <aspectratio>keep</aspectratio>
                        <texture>$INFO[ListItem.AudioLanguage,flags/country/,.png]</texture>
                        <visible>!String.IsEmpty(ListItem.AudioLanguage) + !String.Contains(ListItem.AudioLanguage,en)</visible>
                    </control>
                    <!-- Video VideoCodec -->
                    <control type="image">
                   <width min="0" max="115">auto</width>
                        <height>60</height>
                        <aspectratio>keep</aspectratio>
                        <texture>flags/videocodec/$INFO[ListItem.VideoCodec].png</texture>
                        <visible>!String.IsEmpty(ListItem.VideoCodec)</visible>
                    </control>
                    <!-- Video AspectRatio -->
                    <control type="image">
                        <width min="0" max="115">auto</width>
                        <height>60</height>
                        <aspectratio>keep</aspectratio>
                        <texture>flags/aspectratio/$INFO[ListItem.VideoAspect].png</texture>
                        <visible>!String.IsEmpty(ListItem.VideoAspect)</visible>
                    </control>
                </control>
			</control>
			
            <!-- # SortBy EDIT THIS MENU    Sort By MENU ## Control Group 9200 -->
            <control type="group">
                    <description>Main Menu listview</description>
                    <posx>7</posx>
                    <!--<posy>100</posy>-->
                    <posy>945</posy>
                    <height>30</height>
                    <control type="image">
                        <left>151</left>
                        <posy>0</posy>
                        <width>435</width>
                        <height>30</height>
                        <texture>panel.png</texture>
                    </control>
                    
			        <!-- SortOrder -->
			        <control type="button" id="6052">
				<!--<include>MediaMenuItemsCommon</include>-->
					<posx>-5</posx>
                    <posy>0</posy>
                    <width>150</width>
                    <height>30</height>
                    <font>font10</font>
                    <label>[B]$INFO[Container.SortOrder][/B]</label>
                    <!--
				<label>$LOCALIZE[31032]</label>
				<label2>[B]$INFO[Container.SortOrder][/B]</label2>
				-->
				<visible>Control.IsEnabled(4)</visible>
				<onclick>SendClick(4)</onclick>
				<visible>true</visible>
			</control>
			        <!-- disabled SortMethod -->
			        <control type="button" id="6053">
					<posx>0</posx>
                    <posy>0</posy>
                    <width>100</width>
                    <height>40</height>
                    <font>font10</font>
                    <label>[B]$INFO[Container.SortMethod][/B]</label>
                    <!--
				<label>$LOCALIZE[31022]</label>
				<label2>[B]$INFO[Container.SortMethod][/B]</label2>
				-->
				<visible>Control.IsEnabled(3)</visible>
				<visible>false</visible>
				<onclick>SendClick(3)</onclick>
			</control>
			
                    <!-- SortBy MENU  -->
                    <control type="list" id="9200">
                        <left>151</left>
                        <posy>0</posy>
                        <width>450</width>
                        <!--
                        <left>1</left>
                        <posy>0</posy>
                        <width>600</width>
                        -->
                        <height>30</height>
                        <orientation>horizontal</orientation>
                        <scrolltime tween="cubic" easing="out">500</scrolltime>
                        <onleft>9000</onleft>
                        <onright>9000</onright>
                        <content>
                            <!-- disabled sort order -->
                            <item id="1">
                                <label>[COLOR cyan][B]$INFO[Container.SortOrder][/B][/COLOR]</label>
                                <property name="menu_id">$NUMBER[101]</property>
                                <onclick>SendClick(4)</onclick>
                                <visible>Control.IsEnabled(4)</visible>
                                <visible>false</visible>
                                <onclick>SendClick(3,Descending)</onclick>
                                <!--<visible>Control.IsEnabled(3)</visible>
                                <visible>true</visible>-->
                            </item>

                            <!-- Name 1  and sorttitle 29 -->
                            <item id="2">
                                <label>Name</label>
                                <property name="menu_id">$NUMBER[102]</property>
                                <onclick>Container.SetSortMethod(1)</onclick>
                                <onclick>Container.SetSortMethod(29)</onclick>
                                <onclick condition="String.IsEqual(Container.SortOrder,Descending)">SendClick(4)</onclick>
                                <onclick>Control.SetFocus(50,1,absolute)</onclick>
                                <onclick condition="String.IsEqual(Container.SortOrder,Descending)">SendClick(4)</onclick>
                                 <onclick>Control.SetFocus(50,1,absolute)</onclick>
                                <!--<visible>!String.IsEqual(ListItem.Size,0 B)</visible>-->
                                <!--<visible>ListItem.IsParentFolder | String.IsEmpty(ListItem.Plot)</visible>-->
                            </item>
                            <!-- Date 2  and dateadded-->
                            <item id="3">
                                <label>Date</label>
                                <property name="menu_id">$NUMBER[103]</property>
                                <onclick>Container.SetSortMethod(2)</onclick>
                                <onclick>Container.SetSortMethod(40)</onclick>
                                <onclick condition="String.IsEqual(Container.SortOrder,Ascending)">SendClick(4)</onclick>
                                <onclick>Control.SetFocus(50,1,absolute)</onclick>
                            </item>
                            <!-- Size -->
                            <item id="4">
                                <label>Size</label>
                                <property name="menu_id">$NUMBER[104]</property>
                                <onclick>Container.SetSortMethod(3)</onclick>
                                <onclick condition="String.IsEqual(Container.SortOrder,Ascending)">SendClick(4)</onclick>
                                <onclick>Control.SetFocus(50,1,absolute)</onclick>
                                <visible>!ListItem.IsCollection + !String.IsEqual(ListItem.Size,0 B)</visible>
                                <!--<visible>ListItem.IsParentFolder | String.IsEmpty(ListItem.Plot)</visible>-->
                            </item>
                            <!-- File Container.Content() -->
                            <item id="5">
                                <label>File</label>
                                <property name="menu_id">$NUMBER[105]</property>
                                <onclick>Container.SetSortMethod(4)</onclick>
                                <onclick condition="String.IsEqual(Container.SortOrder,Descending)">SendClick(4)</onclick>
                                <onclick>Control.SetFocus(50,1,absolute)</onclick>
                                <visible>!ListItem.IsCollection + !String.IsEqual(ListItem.Size,0 B)</visible>
                                <!--<visible>ListItem.IsParentFolder | String.IsEmpty(ListItem.Plot)</visible>-->
                            </item>
                            
                            <!-- Year -->
                            <item id="6">
                                <label>Year</label>
                                <property name="menu_id">$NUMBER[106]</property>
                                <onclick>Container.SetSortMethod(16)</onclick>
                                <onclick condition="String.IsEqual(Container.SortOrder,Ascending)">SendClick(4)</onclick>
                                <onclick>Control.SetFocus(50,1,absolute)</onclick>
                                <onclick>Control.SetFocus(55,1,absolute)</onclick>
                                 <visible>!Container.Content() + String.IsEqual(ListItem.Size,0 B)</visible>
                                <!--<visible>Container.Content(movies) | Container.Content(sets) | Container.Content(tvshows) | Container.content(seasons) | Container.Content(episodes)</visible>-->
                            </item>
                            <!-- Rating -->
                            <item id="7">
                                <label>Rating</label>
                                <property name="menu_id">$NUMBER[107]</property>
                                <onclick>Container.SetSortMethod(17)</onclick>
                                 <onclick condition="String.IsEqual(Container.SortOrder,Ascending)">SendClick(4)</onclick>
                                 <onclick>Control.SetFocus(50,1,absolute)</onclick>
                                 <onclick condition="String.IsEqual(Container.SortOrder,Ascending)">SendClick(4)</onclick>
                                 <onclick>Control.SetFocus(50,1,absolute)</onclick>
                                 <visible>!Container.Content() + String.IsEqual(ListItem.Size,0 B)</visible>
                                <!--<visible>Container.Content(movies) | Container.Content(sets) | Container.Content(tvshows) | Container.content(seasons) | Container.Content(episodes)</visible>-->
                            </item>
                            <!-- MPAA -->
                            <item id="8">
                                <label>MPAA</label>
                                <property name="menu_id">$NUMBER[108]</property>
                                <onclick>Container.SetSortMethod(31)</onclick>
                                <onclick condition="String.IsEqual(Container.SortOrder,Ascending)">SendClick(4)</onclick>
                                 <onclick>Control.SetFocus(50,1,absolute)</onclick>
                                <onclick condition="String.IsEqual(Container.SortOrder,Ascending)">SendClick(4)</onclick>
                                 <onclick>Control.SetFocus(50,1,absolute)</onclick>
                                 <visible>!Container.Content() + String.IsEqual(ListItem.Size,0 B)</visible>
                                <!--<visible>Container.Content(movies) | Container.Content(sets) | Container.Content(tvshows) | Container.content(seasons) | Container.Content(episodes)</visible>-->
                            </item>
                            
                        </content>
                        <focusedlayout height="29" width="145">
                            <control type="image">
                                <top>1</top>
                                <left>2</left>
                                <right>2</right>
                                <bottom>1</bottom>
                                <texture colordiffuse="darkgreen">panel-white.png</texture>
                            </control>
                            <control type="image">
                                <left>2</left>
                                <right>2</right>
                                <bottom>0</bottom>
                                <texture colordiffuse="green">panel-white.png</texture>
                                <animation effect="fade" start="100" end="0" time="0" condition="!Control.HasFocus(9200)">Conditional</animation>
                            </control>
                            <control type="label">
                                <left>0</left>
                                <bottom>0</bottom>
                                <right>0</right>
                                <font>font10</font>
                                <align>center</align>
                                <aligny>center</aligny>
                                <label>$INFO[ListItem.Label]</label>
                                <shadowcolor>black</shadowcolor>
                            </control>
                        </focusedlayout>
                        <itemlayout height="29" width="145">
                            <control type="label">
                                <left>0</left>
                                <bottom>0</bottom>
                                <right>0</right>
                                <align>center</align>
                                <aligny>center</aligny>
                                <font>font10</font>
                                <label>$INFO[ListItem.Label]</label>
                                <shadowcolor>black</shadowcolor>
                            </control>
                        </itemlayout>
                    </control>
                </control>
			
			
			<include content="TopBar">
				<param name="breadcrumbs_label" value="$VAR[BreadcrumbsVideoVar]" />
			</include>
			<include content="BottomBar">
				<param name="info_visible" value="true" />
			</include>
			<control type="group">
				<depth>DepthBars</depth>
				<bottom>0</bottom>
				<height>70</height>
				<animation effect="fade" start="0" end="100" time="300" delay="300">WindowOpen</animation>
				<animation effect="fade" start="100" end="0" time="200">WindowClose</animation>
				<include condition="!Skin.HasSetting(hide_mediaflags)">MediaFlags</include>
			</control>
			<include>CommonScrollbars</include>
			<include>MediaMenuMouseOverlay</include>
			<control type="group">
				<include>MediaMenuCommon</include>
				<control type="grouplist" id="9000">
					<top>50</top>
					<include>MediaMenuListCommon</include>
					<control type="button" id="10">
						<description>Watched Toggle</description>
						<include>MediaMenuItemsCommon</include>
						<label>$LOCALIZE[20367]</label>
						<label2>[B]$INFO[Container.NumItems][/B]</label2>
						<visible>Container.Content(movies) | Container.Content(sets) | Container.Content(tvshows) | Container.content(seasons) | Container.Content(episodes)</visible>
					</control>
					<control type="label" id="203">
						<include>MediaMenuLabelCommon</include>
						<label>$LOCALIZE[31020]</label>
					</control>
					<control type="radiobutton" id="16">
						<description>PartyMode</description>
						<label>$LOCALIZE[589]</label>
						<include>MediaMenuItemsCommon</include>
						<visible>Container.Content(MusicVideos)</visible>
					</control>
					<control type="radiobutton" id="11">
						<description>Unlock Shares</description>
						<include>MediaMenuItemsCommon</include>
						<label>$LOCALIZE[20336]</label>
						<onclick>mastermode</onclick>
						<selected>system.ismaster</selected>
						<visible>system.haslocks</visible>
					</control>
					<control type="togglebutton" id="619">
						<description>Update library</description>
						<include>MediaMenuItemsCommon</include>
						<label>$LOCALIZE[653]</label>
						<onclick>UpdateLibrary(video)</onclick>
						<visible>!Container.Content(addons)+ String.IsEmpty(Container.PluginName)</visible>
						<altlabel>$LOCALIZE[13353]</altlabel>
						<usealttexture>library.isscanningvideo</usealttexture>
					</control>
					<control type="button" id="612">
						<description>Go to playlist</description>
						<include>MediaMenuItemsCommon</include>
						<label>$LOCALIZE[31056]</label>
						<onclick>ActivateWindow(videoplaylist)</onclick>
						<visible>Integer.IsGreater(Playlist.Length(video),0)</visible>
					</control>
					<control type="button" id="621">
						<description>Get more</description>
						<include>MediaMenuItemsCommon</include>
						<label>$LOCALIZE[21452]</label>
						<onclick>ActivateWindow(addonbrowser,addons://more/video/,return)</onclick>
						<visible>Container.Content(addons)</visible>
					</control>
					<control type="button" id="622">
						<include>MediaMenuItemsCommon</include>
						<label>$LOCALIZE[31117]</label>
						<onclick condition="System.HasAddon(plugin.library.node.editor)">ActivateWindow(programs,plugin://plugin.library.node.editor/?ltype=video,return)</onclick>
						<onclick condition="!System.HasAddon(plugin.library.node.editor)">InstallAddon(plugin.library.node.editor)</onclick>
						<visible>Container.Content() + String.IsEmpty(Container.PluginName)</visible>
					</control>
					<control type="button" id="623">
						<include>MediaMenuItemsCommon</include>
						<label>$LOCALIZE[31009]</label>
						<onclick>InstallAddon(resource.images.studios.white)</onclick>
						<visible>Container.Content(studios) + !System.HasAddon(resource.images.studios.white)</visible>
					</control>
					<control type="button" id="624">
						<include>MediaMenuItemsCommon</include>
						<label>$LOCALIZE[10140]</label>
						<onclick>Addon.OpenSettings($INFO[Container.PluginName])</onclick>
						<visible>!String.IsEmpty(Container.PluginName)</visible>
					</control>
					<include>MediaMenuNowPlaying</include>
				</control>
			</control>
		</control>
		
	</controls>
</window>
