<?xml version="1.0" encoding="UTF-8"?>
<includes>

    <!-- from includes_home.xml -->
    <include name="WidgetScrollbar720">
        <control type="group">
            <right>0</right>
            <top>0</top>
            <bottom>0</bottom>
            <width>45</width>
            <control type="scrollbar" id="$PARAM[scrollbar_id]">
                <right>0</right>
                <top>0</top>
                <bottom>0</bottom>
                <width>25</width>
                <onleft>50</onleft>
                <onright>50</onright>
                <orientation>vertical</orientation>
                <!--<texturesliderbackground />-->
                <!--<hitrect x="0" y="0" w="60" h="100%" />-->
                <animation effect="fade" start="0" end="100" time="200" delay="300">Visible</animation>
                <animation effect="fade" start="100" end="0" time="200">Hidden</animation>
                <animation effect="slide" end="30,100" time="300" tween="sine" easing="inout" condition="!Control.HasFocus($PARAM[scrollbar_id])">conditional</animation>
                <animation effect="zoom" end="15,100" time="300" tween="sine" center="0,0" easing="inout" condition="!Control.HasFocus($PARAM[scrollbar_id])">conditional</animation>
            </control>
        </control>
    </include>  
    
    
    
    <!-- from includes_buttons.xml -->
	<include name="InfoDialogButtonSmall">
		<param name="width">262</param>
		<definition>
		
			<control type="radiobutton" id="$PARAM[id]">
				<width>$PARAM[width]</width>
				<height>142</height>
				<align>center</align>
				<aligny>top</aligny>
				<texturefocus border="21" colordiffuse="button_focus">buttons/button-fo.png</texturefocus>
				<texturenofocus border="21">buttons/button-nofo.png</texturenofocus>
				<textoffsetx>35</textoffsetx>
				<textoffsety>78</textoffsety>
				<radioposx>108</radioposx>
				<radioposy>16</radioposy>
				<radiowidth>48</radiowidth>
				<font>font12</font>
				<textureradioonfocus colordiffuse="D0FFFFFF">$PARAM[icon]</textureradioonfocus>
				<textureradioonnofocus colordiffuse="D0FFFFFF">$PARAM[icon]</textureradioonnofocus>
				<textureradioofffocus colordiffuse="D0FFFFFF">$PARAM[icon]</textureradioofffocus>
				<textureradiooffnofocus colordiffuse="D0FFFFFF">$PARAM[icon]</textureradiooffnofocus>
				<textureradiooffdisabled colordiffuse="disabled">$PARAM[icon]</textureradiooffdisabled>
				<textureradioondisabled colordiffuse="disabled">$PARAM[icon]</textureradioondisabled>
				<label>$PARAM[label]</label>
				<onclick>$PARAM[onclick_1]</onclick>
				<onclick>$PARAM[onclick_2]</onclick>
				<visible>$PARAM[visible]</visible>
				<animation effect="fade" start="100" end="0" time="300" delay="300">Hidden</animation>
			</control>
			
		</definition>
	</include>
	<include name="InfoDialogToggleButtonSmall">
		<param name="width">262</param>
		<definition>
		
			<control type="radiobutton" id="$PARAM[id]">
				<width>$PARAM[width]</width>
				<height>142</height>
				<align>center</align>
				<aligny>top</aligny>
				<texturefocus border="21" colordiffuse="button_focus">buttons/button-fo.png</texturefocus>
				<texturenofocus border="21">buttons/button-nofo.png</texturenofocus>
				<textoffsetx>35</textoffsetx>
				<textoffsety>78</textoffsety>
				<radioposx>108</radioposx>
				<radioposy>16</radioposy>
				<radiowidth>48</radiowidth>
				<font>font12</font>
				<textureradioonfocus colordiffuse="D0FFFFFF">$PARAM[icon_on]</textureradioonfocus>
				<textureradioonnofocus colordiffuse="D0FFFFFF">$PARAM[icon_on]</textureradioonnofocus>
				<textureradioofffocus colordiffuse="D0FFFFFF">$PARAM[icon_off]</textureradioofffocus>
				<textureradiooffnofocus colordiffuse="D0FFFFFF">$PARAM[icon_off]</textureradiooffnofocus>
				<textureradiooffdisabled colordiffuse="disabled">$PARAM[icon_off]</textureradiooffdisabled>
				<textureradioondisabled colordiffuse="disabled">$PARAM[icon_on]</textureradioondisabled>
				<selected>$PARAM[selected]</selected>
				<label>$PARAM[label]</label>
				<onclick>$PARAM[onclick_1]</onclick>
				<onclick>$PARAM[onclick_2]</onclick>
				<visible>$PARAM[visible]</visible>
			</control>
			
		</definition>
	</include>
    
    
    
    
    <include name="WidgetListPoster720">
        <definition>
            <include content="CategoryLabel">
                <param name="label">$PARAM[widget_header]:  $INFO[Container($PARAM[list_id]).ListItem.Label]</param>
                <param name="list_id" value="$PARAM[list_id]" />
            </include>
            <include content="BusyListSpinner">
                <param name="list_id" value="$PARAM[list_id]" />
                <param name="posy" value="250" />
            </include>
            <control type="panel" id="$PARAM[list_id]">
                <left>0</left>
                <top>77</top>
                <visible>Integer.IsGreater(Container($PARAM[list_id]).NumItems,0) | Container($PARAM[list_id]).IsUpdating</visible>
                <right>0</right>
                <height>345</height>
                <include content="WidgetListCommon">
                    <param name="list_id" value="$PARAM[list_id]" />
                </include>
                <itemlayout width="207" height="324">
                    <control type="group">
                        <left>45</left>
                        <top>7</top>
                        <include content="InfoWallMovieLayout720">
                            <param name="focused" value="false" />
                        </include>
                    </control>
                </itemlayout>
                <focusedlayout width="207" height="324">
                    <control type="group">
                        <depth>DepthContentPopout</depth>
                        <left>45</left>
                        <top>7</top>
                        <animation type="Focus">
                            <effect type="zoom" start="100" end="110" time="200" tween="sine" easing="inout" center="153,87" />
                        </animation>
                        <animation type="Unfocus">
                            <effect type="zoom" start="110" end="100" time="200" tween="sine" easing="inout" center="153,87" />
                        </animation>
                        <include content="InfoWallMovieLayout720">
                            <param name="focused" value="true" />
                        </include>
                    </control>
                </focusedlayout>
                <content sortby="$PARAM[sortby]" sortorder="$PARAM[sortorder]" target="$PARAM[widget_target]" limit="99">$PARAM[content_path]</content>
            </control>
        </definition>
    </include>
    <include name="ImageWidget720">
        <param name="visible">true</param>
        <param name="visible_1">true</param>
        <param name="visible_2">true</param>
        <param name="visible_3">false</param>
        <param name="button2_label">$LOCALIZE[31116]</param>
        <param name="button2_onclick">true</param>
        <definition>
            <control type="group" id="$PARAM[button_id]889">
                <visible>$PARAM[visible]</visible>
                <control type="grouplist" id="$PARAM[button_id]577">
                    <orientation>vertical</orientation>
                    <top>0</top>
                    <bottom>0</bottom>
                    <left>33</left>
                    <right>33</right>
                    <align>center</align>
                    <control type="textbox">
                        <width>67%</width>
                        <height min="0" max="200">auto</height>
                        <label>$PARAM[text_label]</label>
                        <align>center</align>
                        <font>font14</font>
                    </control>
                    <control type="grouplist" id="$PARAM[button_id]567">
                        <width>67%</width>
                        <onup>9000</onup>
                        <ondown>9000</ondown>
                        <orientation>horizontal</orientation>
                        <align>center</align>
                        <onleft>9000</onleft>
                        <control type="button" id="$PARAM[button_id]">
                            <width>auto</width>
                            <height>73</height>
                            <label>$PARAM[button_label]</label>
                            <textoffsetx>27</textoffsetx>
                            <onclick>$PARAM[button_onclick]</onclick>
                            <align>center</align>
                            <texturefocus border="23" colordiffuse="button_focus">buttons/dialogbutton-fo.png</texturefocus>
                            <texturenofocus border="40">buttons/dialogbutton-nofo.png</texturenofocus>
                            <visible>$PARAM[visible_1]</visible>
                        </control>
                        <control type="button" id="$PARAM[button_id]568">
                            <width>auto</width>
                            <height>73</height>
                            <label>$PARAM[button2_label]</label>
                            <textoffsetx>27</textoffsetx>
                            <onclick>$PARAM[button2_onclick]</onclick>
                            <onclick>SetFocus(9000)</onclick>
                            <align>center</align>
                            <texturefocus border="23" colordiffuse="button_focus">buttons/dialogbutton-fo.png</texturefocus>
                            <texturenofocus border="40">buttons/dialogbutton-nofo.png</texturenofocus>
                            <visible>$PARAM[visible_2]</visible>
                        </control>
                        <control type="button" id="$PARAM[button_id]569">
                            <width>auto</width>
                            <height>73</height>
                            <label>$PARAM[button3_label]</label>
                            <textoffsetx>27</textoffsetx>
                            <onclick>$PARAM[button3_onclick]</onclick>
                            <onclick>SetFocus(9000)</onclick>
                            <align>center</align>
                            <texturefocus border="23" colordiffuse="button_focus">buttons/dialogbutton-fo.png</texturefocus>
                            <texturenofocus border="40">buttons/dialogbutton-nofo.png</texturenofocus>
                            <visible>$PARAM[visible_3]</visible>
                        </control>
                    </control>
                </control>
            </control>
        </definition>
    </include>
    <include name="WidgetListEpisodes720">
        <param name="main_label">$INFO[ListItem.Title]</param>
        <param name="sub_label">$INFO[ListItem.TVShowTitle]</param>
        <param name="thumb_label">$INFO[ListItem.Season,,x]$INFO[ListItem.Episode]</param>
        <param name="sortby"></param>
        <param name="visible">True</param>
        <param name="sortorder">ascending</param>
        <param name="widget_limit">15</param>
        <definition>
            <include content="CategoryLabel">
                <param name="label">$PARAM[widget_header]</param>
                <param name="list_id" value="$PARAM[list_id]" />
            </include>
            <include content="BusyListSpinner">
                <param name="list_id" value="$PARAM[list_id]" />
                <param name="posy" value="200" />
            </include>
            <control type="panel" id="$PARAM[list_id]">
                <left>0</left>
                <top>70</top>
                <right>0</right>
                <height>273</height>
                <include content="WidgetListCommon">
                    <param name="list_id" value="$PARAM[list_id]" />
                </include>
                <visible>$PARAM[visible]</visible>
                <visible>Integer.IsGreater(Container($PARAM[list_id]).NumItems,0) | Container($PARAM[list_id]).IsUpdating</visible>
                <itemlayout width="207" height="333">
                    <control type="group">
                        <left>47</left>
                        <top>3</top>
                        <include content="InfoWallEpisodeLayout720">
                            <param name="main_label" value="$PARAM[main_label]" />
                            <param name="sub_label" value="$PARAM[sub_label]" />
                            <param name="thumb_label" value="$PARAM[thumb_label]" />
                            <param name="focused" value="false" />
                        </include>
                    </control>
                </itemlayout>
                <focusedlayout width="207" height="333">
                    <control type="group">
                        <depth>DepthContentPopout</depth>
                        <left>47</left>
                        <top>3</top>
                        <animation type="Focus">
                            <effect type="zoom" start="100" end="112" time="200" tween="sine" easing="inout" center="153,80" />
                        </animation>
                        <animation type="Unfocus">
                            <effect type="zoom" start="112" end="100" time="200" tween="sine" easing="inout" center="153,80" />
                        </animation>
                        <include content="InfoWallEpisodeLayout720">
                            <param name="main_label" value="$PARAM[main_label]" />
                            <param name="sub_label" value="$PARAM[sub_label]" />
                            <param name="thumb_label" value="$PARAM[thumb_label]" />
                            <param name="focused" value="true" />
                        </include>
                    </control>
                </focusedlayout>
                <content sortby="$PARAM[sortby]" sortorder="$PARAM[sortorder]" target="$PARAM[widget_target]" limit="$PARAM[widget_limit]">$PARAM[content_path]</content>
            </control>
        </definition>
    </include>
    <include name="WidgetListSquare720">
        <param name="sub_label">$INFO[ListItem.Label]</param>
        <param name="sortby"></param>
        <param name="visible">True</param>
        <param name="sortorder">ascending</param>
        <param name="widget_limit">15</param>
        <param name="fallback_icon">DefaultAudio.png</param>
        <definition>
            <include content="CategoryLabel">
                <param name="label">$PARAM[widget_header]</param>
                <param name="list_id" value="$PARAM[list_id]" />
                <param name="visible" value="$PARAM[visible]" />
            </include>
            <include content="BusyListSpinner">
                <param name="list_id" value="$PARAM[list_id]" />
                <param name="posy" value="220" />
                <param name="visible" value="$PARAM[visible]" />
            </include>
            <control type="panel" id="$PARAM[list_id]">
                <left>0</left>
                <top>80</top>
                <right>0</right>
                <height>333</height>
                <include content="WidgetListCommon">
                    <param name="list_id" value="$PARAM[list_id]" />
                </include>
                <visible>$PARAM[visible]</visible>
                <visible>Integer.IsGreater(Container($PARAM[list_id]).NumItems,0) | Container($PARAM[list_id]).IsUpdating</visible>
                <itemlayout width="207" height="333">
                    <control type="group">
                        <left>47</left>
                        <include content="InfoWallMusicLayout720">
                            <param name="main_label" value="$PARAM[main_label]" />
                            <param name="single_label" value="$PARAM[single_label]" />
                            <param name="sub_label" value="$PARAM[sub_label]" />
                            <param name="focused" value="false" />
                        </include>
                    </control>
                </itemlayout>
                <focusedlayout width="207" height="333">
                    <control type="group">
                        <depth>DepthContentPopout</depth>
                        <left>47</left>
                        <animation type="Focus">
                            <effect type="zoom" start="100" end="112" time="200" tween="sine" easing="inout" center="160,80" />
                        </animation>
                        <animation type="Unfocus">
                            <effect type="zoom" start="112" end="100" time="200" tween="sine" easing="inout" center="160,80" />
                        </animation>
                        <include content="InfoWallMusicLayout720">
                            <param name="main_label" value="$PARAM[main_label]" />
                            <param name="single_label" value="$PARAM[single_label]" />
                            <param name="sub_label" value="$PARAM[sub_label]" />
                            <param name="focused" value="true" />
                        </include>
                    </control>
                </focusedlayout>
                <content sortby="$PARAM[sortby]" sortorder="$PARAM[sortorder]" target="$PARAM[widget_target]" limit="$PARAM[widget_limit]">$PARAM[content_path]</content>
            </control>
        </definition>
    </include>
    <include name="WidgetGroupListCommon720">
        <orientation>vertical</orientation>
        <height>99%</height>
        <scrolltime tween="cubic" easing="out">500</scrolltime>
        <itemgap>-130</itemgap>
        <onup>20000</onup>
        <ondown>20001</ondown>
        <usecontrolcoords>true</usecontrolcoords>
    </include>
    <include name="WidgetListCategories720">
        <param name="item_limit">20</param>
        <param name="icon">$INFO[ListItem.Icon]</param>
        <param name="icon_height">120</param>
        <param name="pvr_submenu">false</param>
        <param name="pvr_type">TV</param>
        <param name="visible">true</param>
        <definition>
            <include content="CategoryLabel">
                <param name="label">$PARAM[widget_header]</param>
                <param name="list_id" value="$PARAM[list_id]"/>
                <param name="visible" value="$PARAM[visible]"/>
            </include>
            <include content="BusyListSpinner">
                <param name="list_id" value="$PARAM[list_id]"/>
                <param name="visible" value="$PARAM[visible]"/>
            </include>
            <control type="panel" id="$PARAM[list_id]">
                <left>0</left>
                <top>110</top>
                <right>0</right>
                <height>290</height>
                <include content="WidgetListCommon">
                    <param name="list_id" value="$PARAM[list_id]"/>
                </include>
                <visible>$PARAM[visible]</visible>
                <visible>Integer.IsGreater(Container($PARAM[list_id]).NumItems,0) | Container($PARAM[list_id]).IsUpdating</visible>
                <itemlayout width="310" height="340">
                    <control type="group">
                        <left>70</left>
                        <control type="image">
                            <width>316</width>
                            <height>200</height>
                            <texture>dialogs/dialog-bg-nobo.png</texture>
                            <bordertexture border="21">overlays/shadow.png</bordertexture>
                            <bordersize>20</bordersize>
                        </control>
                        <control type="image">
                            <centertop>74</centertop>
                            <left>58</left>
                            <width>200</width>
                            <height>$PARAM[icon_height]</height>
                            <texture fallback="DefaultFolder.png">$PARAM[icon]</texture>
                            <aspectratio>keep</aspectratio>
                        </control>
                        <control type="textbox">
                            <left>38</left>
                            <top>106</top>
                            <width>240</width>
                            <height>70</height>
                            <label>$INFO[ListItem.Label]</label>
                            <font>font25_narrow</font>
                            <shadowcolor>text_shadow</shadowcolor>
                            <align>center</align>
                            <aligny>center</aligny>
                        </control>
                    </control>
                </itemlayout>
                <focusedlayout width="310" height="340">
                    <control type="group">
                        <depth>DepthContentPopout</depth>
                        <left>70</left>
                        <animation type="Focus">
                            <effect type="zoom" start="100" end="115" time="200" tween="sine" easing="inout" center="228,70" />
                        </animation>
                        <animation type="Unfocus">
                            <effect type="zoom" start="115" end="100" time="200" tween="sine" easing="inout" center="228,70" />
                        </animation>
                        <control type="image">
                            <width>316</width>
                            <height>200</height>
                            <texture>dialogs/dialog-bg-nobo.png</texture>
                            <bordertexture border="21">overlays/shadow.png</bordertexture>
                            <bordersize>20</bordersize>
                        </control>
                        <control type="image">
                            <width>316</width>
                            <height>200</height>
                            <texture colordiffuse="button_focus">colors/grey.png</texture>
                            <bordersize>20</bordersize>
                            <include>Animation_FocusTextureFade</include>
                        </control>
                        <control type="image">
                            <centertop>74</centertop>
                            <left>58</left>
                            <width>200</width>
                            <height>$PARAM[icon_height]</height>
                            <texture fallback="DefaultFolder.png">$PARAM[icon]</texture>
                            <aspectratio>keep</aspectratio>
                        </control>
                        <control type="textbox">
                            <left>38</left>
                            <top>106</top>
                            <width>240</width>
                            <height>70</height>
                            <label>$INFO[ListItem.Label]</label>
                            <font>font25_narrow</font>
                            <shadowcolor>text_shadow</shadowcolor>
                            <align>center</align>
                            <aligny>center</aligny>
                        </control>
                    </control>
                </focusedlayout>
                <include condition="!$PARAM[pvr_submenu]" content="SubmenuContent">
                    <param name="widget_target" value="$PARAM[widget_target]"/>
                    <param name="item_limit" value="$PARAM[item_limit]"/>
                    <param name="content_path" value="$PARAM[content_path]"/>
                </include>
                <include condition="$PARAM[pvr_submenu]" content="PVRSubMenuContent">
                    <param name="pvr_type" value="$PARAM[pvr_type]"/>
                </include>
            </control>
        </definition>
    </include>
    <!--
	<include name="SubmenuContent"><content target="$PARAM[widget_target]" limit="$PARAM[item_limit]">$PARAM[content_path]</content></include>
    -->


   <include name="MediaFlagsNav">
		<param name="infolabel_prefix"></param>
		<param name="resolution_var">$VAR[ResolutionFlagVar]</param>
		<definition>
			<control type="grouplist">
				<orientation>horizontal</orientation>
				<right>20</right>
				<top>0</top>
				<height>70</height>
				<align>right</align>
				<itemgap>28</itemgap>
				<width>1900</width>
				<usecontrolcoords>true</usecontrolcoords>
				<control type="group">
					<width>150</width>
					<visible>System.HasAddon(resource.images.studios.white) + String.IsEqual($PARAM[infolabel_prefix]ListItem.DBtype,tvshow)</visible>
					<include content="MediaFlag">
						<param name="texture" value="$INFO[$PARAM[infolabel_prefix]ListItem.Studio,resource://resource.images.studios.white/,.png]" />
					</include>
				</control>
				<control type="group">
					<top>10</top>
					<width>200</width>
					<include content="InfoFlag">
						<param name="visible" value="[String.IsEqual($PARAM[infolabel_prefix]ListItem.DBtype,tvshow) | String.IsEqual($PARAM[infolabel_prefix]ListItem.DBtype,episode)] + !String.IsEmpty($PARAM[infolabel_prefix]ListItem.Premiered)" />
						<param name="icon" value="lists/year.png" />
						<param name="label" value="$INFO[$PARAM[infolabel_prefix]ListItem.Premiered]" />
					</include>
				</control>
				<!--
				<control type="group">
					<width>115</width>
					<visible>!String.IsEmpty($PARAM[infolabel_prefix]ListItem.Duration)</visible>
					<control type="label">
						<width>115</width>
						<height>60</height>
						<align>center</align>
						<aligny>center</aligny>
						<label>$INFO[$PARAM[infolabel_prefix]ListItem.Duration]</label>
						<font>font_flag</font>
					</control>
					<include content="MediaFlag">
						<param name="texture" value="flags/flag.png" />
					</include>
				</control>
				-->
				<include content="MediaFlag">
					<param name="texture" value="$INFO[$PARAM[infolabel_prefix]ListItem.AudioChannels,flags/audiochannel/,.png]" />
					<param name="visible" value="!String.IsEmpty($PARAM[infolabel_prefix]ListItem.AudioChannels)" />
				</include>
				<include content="MediaFlag">
					<param name="texture" value="$INFO[$PARAM[infolabel_prefix]ListItem.AudioCodec,flags/audiocodec/,.png]" />
					<param name="visible" value="!String.IsEmpty($PARAM[infolabel_prefix]ListItem.AudioCodec)" />
				</include>
				<include content="MediaFlag">
					<param name="texture" value="$INFO[$PARAM[infolabel_prefix]ListItem.VideoCodec,flags/videocodec/,.png]" />
					<param name="visible" value="!String.IsEmpty($PARAM[infolabel_prefix]ListItem.VideoCodec)" />
				</include>
				<!--
				<include content="MediaFlag">
					<param name="texture" value="$INFO[ListItem.VideoAspect,flags/aspectratio/,.png]" />
			    </include>
			    -->
				<include content="MediaFlag">
					<param name="texture" value="$PARAM[resolution_var]" />
					<param name="visible" value="!String.IsEmpty($PARAM[infolabel_prefix]ListItem.VideoResolution)" />
				</include>
			</control>
		</definition>
	</include>	
   <include name="MediaFlagsFull">
		<param name="infolabel_prefix"></param>
		<param name="resolution_var">$VAR[ResolutionFlagVar]</param>
		<definition>
			<control type="grouplist">
				<orientation>horizontal</orientation>
				<right>20</right>
				<top>0</top>
				<height>70</height>
				<align>right</align>
				<itemgap>28</itemgap>
				<width>1900</width>
				<usecontrolcoords>true</usecontrolcoords>
				<control type="group">
					<width>150</width>
					<visible>System.HasAddon(resource.images.studios.white) + String.IsEqual($PARAM[infolabel_prefix]ListItem.DBtype,tvshow)</visible>
					<include content="MediaFlag">
						<param name="texture" value="$INFO[$PARAM[infolabel_prefix]ListItem.Studio,resource://resource.images.studios.white/,.png]" />
					</include>
				</control>
				<control type="group">
					<top>10</top>
					<width>200</width>
					<include content="InfoFlag">
						<param name="visible" value="[String.IsEqual($PARAM[infolabel_prefix]ListItem.DBtype,tvshow) | String.IsEqual($PARAM[infolabel_prefix]ListItem.DBtype,episode)] + !String.IsEmpty($PARAM[infolabel_prefix]ListItem.Premiered)" />
						<param name="icon" value="lists/year.png" />
						<param name="label" value="$INFO[$PARAM[infolabel_prefix]ListItem.Premiered]" />
					</include>
				</control>
				<control type="group">
					<width>115</width>
					<visible>!String.IsEmpty($PARAM[infolabel_prefix]ListItem.Duration)</visible>
					<control type="label">
						<width>115</width>
						<height>60</height>
						<align>center</align>
						<aligny>center</aligny>
						<label>$INFO[$PARAM[infolabel_prefix]ListItem.Duration]</label>
						<font>font_flag</font>
					</control>
					<include content="MediaFlag">
						<param name="texture" value="flags/flag.png" />
					</include>
				</control>
				<include content="MediaFlag">
					<param name="texture" value="$INFO[$PARAM[infolabel_prefix]ListItem.AudioChannels,flags/audiochannel/,.png]" />
					<param name="visible" value="!String.IsEmpty($PARAM[infolabel_prefix]ListItem.AudioChannels)" />
				</include>
				<include content="MediaFlag">
					<param name="texture" value="$INFO[$PARAM[infolabel_prefix]ListItem.AudioCodec,flags/audiocodec/,.png]" />
					<param name="visible" value="!String.IsEmpty($PARAM[infolabel_prefix]ListItem.AudioCodec)" />
				</include>
				<include content="MediaFlag">
					<param name="texture" value="$INFO[$PARAM[infolabel_prefix]ListItem.VideoCodec,flags/videocodec/,.png]" />
					<param name="visible" value="!String.IsEmpty($PARAM[infolabel_prefix]ListItem.VideoCodec)" />
				</include>
				<include content="MediaFlag">
					<param name="texture" value="$INFO[ListItem.VideoAspect,flags/aspectratio/,.png]" />
					<!--<param name="visible" value="!String.IsEmpty($PARAM[infolabel_prefix]ListItem.AudioCodec)" />-->
			    </include>
				<include content="MediaFlag">
					<param name="texture" value="$PARAM[resolution_var]" />
					<param name="visible" value="!String.IsEmpty($PARAM[infolabel_prefix]ListItem.VideoResolution)" />
				</include>
			</control>
		</definition>
	</include>
  
    <!-- from View_54_InfoWall.xml -->
    <include name="InfoWallMovieLayout720">
        <param name="focused">false</param>
        <definition>
            <control type="group">
                <visible>String.IsEmpty(ListItem.Art(poster))</visible>
                <control type="image">
                    <left>10</left>
                    <top>-7</top>
                    <width>193</width>
                    <height>267</height>
                    <texture>dialogs/dialog-bg-nobo.png</texture>
                    <bordertexture border="21">overlays/shadow.png</bordertexture>
                    <bordersize>20</bordersize>
                </control>
                <control type="image">
                    <left>10</left>
                    <top>-7</top>
                    <width>193</width>
                    <height>267</height>
                    <texture colordiffuse="button_focus">colors/grey.png</texture>
                    <bordersize>20</bordersize>
                    <visible>$PARAM[focused]</visible>
                    <include condition="$PARAM[focused]">Animation_FocusTextureFade</include>
                </control>
                <control type="textbox">
                    <left>27</left>
                    <top>163</top>
                    <width>161</width>
                    <height>80</height>
                    <font>font27</font>
                    <align>center</align>
                    <aligny>center</aligny>
                    <label>$INFO[ListItem.Label]</label>
                    <autoscroll time="2000" delay="3000" repeat="5000">$PARAM[focused]</autoscroll>
                    <visible>!ListItem.IsParentFolder</visible>
                </control>
                <control type="image">
                    <left>16</left>
                    <top>-1</top>
                    <width>181</width>
                    <height>180</height>
                    <texture fallback="DefaultMovies.png" background="true">$INFO[ListItem.Icon]</texture>
                    <aspectratio>scale</aspectratio>
                    <bordersize>20</bordersize>
                </control>
            </control>
            <control type="group">
                <visible>!String.IsEmpty(ListItem.Art(poster))</visible>
                <control type="image">
                    <left>7</left>
                    <top>-9</top>
                    <width>199</width>
                    <height>272</height>
                    <texture colordiffuse="button_focus">colors/grey.png</texture>
                    <bordertexture border="21">overlays/shadow.png</bordertexture>
                    <bordersize>20</bordersize>
                    <visible>$PARAM[focused]</visible>
                    <include condition="$PARAM[focused]">Animation_FocusTextureFade</include>
                </control>
                <control type="image">
                    <left>10</left>
                    <top>-7</top>
                    <width>193</width>
                    <height>267</height>
                    <texture background="true">$INFO[ListItem.Art(poster)]</texture>
                    <aspectratio>scale</aspectratio>
                    <bordertexture border="21">overlays/shadow.png</bordertexture>
                    <bordersize>20</bordersize>
                </control>
                <control type="image">
                    <left>23</left>
                    <top>193</top>
                    <width>53</width>
                    <height>53</height>
                    <texture>overlays/overlay-bg.png</texture>
                    <visible>Listitem.IsCollection | ListItem.IsPlaying | Integer.IsGreater(ListItem.Playcount,0)</visible>
                </control>
            </control>
            <control type="group">
                <visible>String.IsEqual(ListItem.DBtype,tvshow)</visible>
                <top>213</top>
                <control type="image">
                    <left>23</left>
                    <top>0</top>
                    <width>167</width>
                    <height>33</height>
                    <texture colordiffuse="CCFFFFFF">overlays/overlayfade.png</texture>
                    <visible>!String.IsEmpty(ListItem.Art(poster))</visible>
                </control>
                <control type="label">
                    <left>0</left>
                    <top>13</top>
                    <width>163</width>
                    <label>$INFO[ListItem.Property(WatchedEpisodes)]$INFO[ListItem.Property(TotalEpisodes), / ,]</label>
                    <font>font20_title</font>
                    <shadowcolor>text_shadow</shadowcolor>
                    <align>right</align>
                </control>
                <control type="image">
                    <left>169</left>
                    <top>15</top>
                    <width>16</width>
                    <height>16</height>
                    <texture>lists/played-total.png</texture>
                </control>
            </control>
            <control type="image">
                <left>23</left>
                <top>225</top>
                <width>21</width>
                <height>21</height>
                <texture>$VAR[WallWatchedIconVar]</texture>
            </control>
            <control type="group">
                <left>90</left>
                <top>-5</top>
                <include condition="Skin.HasSetting(circle_rating) | Skin.HasSetting(circle_userrating)">RatingCircle</include>
            </control>
            <control type="progress">
                <left>23</left>
                <top>233</top>
                <width>167</width>
                <height>1</height>
                <texturebg></texturebg>
                <midtexture colordiffuse="button_focus" border="3">progress/texturebg_alt_white.png</midtexture>
                <info>ListItem.PercentPlayed</info>
                <visible>!Integer.IsEqual(ListItem.PercentPlayed,0)</visible>
            </control>
        </definition>
    </include>
    <include name="InfoWallPictureLayout720">
        <param name="focused">false</param>
        <definition>
            <control type="image">
                <top>-7</top>
                <width>251</width>
                <height>253</height>
                <texture>dialogs/dialog-bg-nobo.png</texture>
                <bordertexture border="21">overlays/shadow.png</bordertexture>
                <bordersize>20</bordersize>
            </control>
            <control type="image">
                <top>-9</top>
                <left>-3</left>
                <width>256</width>
                <height>259</height>
                <texture colordiffuse="button_focus">colors/grey.png</texture>
                <bordertexture border="21">overlays/shadow.png</bordertexture>
                <bordersize>20</bordersize>
                <visible>$PARAM[focused]</visible>
                <include condition="$PARAM[focused]">Animation_FocusTextureFade</include>
            </control>
            <control type="image">
                <left>13</left>
                <top>7</top>
                <width>224</width>
                <height>200</height>
                <texture border="2" background="true">$VAR[InfoWallThumbVar]</texture>
                <aspectratio>keep</aspectratio>
            </control>
            <control type="label">
                <left>13</left>
                <top>212</top>
                <width>225</width>
                <textoffsetx>13</textoffsetx>
                <height>13</height>
                <align>center</align>
                <aligny>center</aligny>
                <font>font12</font>
                <label>$INFO[ListItem.Label]</label>
            </control>
        </definition>
    </include>
    <include name="InfoWallMusicLayout720">
        <param name="fallback_image">DefaultFolder.png</param>
        <param name="main_label">$INFO[ListItem.Artist]</param>
        <param name="sub_label">$INFO[ListItem.Title]</param>
        <param name="single_label">$INFO[ListItem.Label]</param>
        <param name="focused">false</param>
        <definition>
            <control type="image">
                <top>0</top>
                <width>211</width>
                <height>257</height>
                <texture>dialogs/dialog-bg-nobo.png</texture>
                <bordertexture border="21">overlays/shadow.png</bordertexture>
                <bordersize>20</bordersize>
            </control>
            <control type="image">
                <top>-3</top>
                <left>-3</left>
                <width>216</width>
                <height>263</height>
                <texture colordiffuse="button_focus">colors/grey.png</texture>
                <bordertexture border="21">overlays/shadow.png</bordertexture>
                <bordersize>20</bordersize>
                <visible>$PARAM[focused]</visible>
                <include condition="$PARAM[focused]">Animation_FocusTextureFade</include>
            </control>
            <control type="image">
                <left>0</left>
                <top>0</top>
                <width>211</width>
                <height>211</height>
                <texture fallback="$PARAM[fallback_image]" background="true">$VAR[InfoWallThumbVar]</texture>
                <aspectratio>keep</aspectratio>
                <bordersize>20</bordersize>
            </control>
            <control type="textbox">
                <left>19</left>
                <top>193</top>
                <width>175</width>
                <height>53</height>
                <font>font12</font>
                <align>center</align>
                <aligny>center</aligny>
                <label>$PARAM[single_label]</label>
                <visible>!String.IsEqual(ListItem.DBType,album)</visible>
            </control>
            <control type="group">
                <visible>String.IsEqual(ListItem.DBType,album)</visible>
                <control type="label">
                    <left>19</left>
                    <top>200</top>
                    <width>173</width>
                    <label>$PARAM[sub_label]</label>
                    <font>font10</font>
                    <shadowcolor>text_shadow</shadowcolor>
                    <scroll>$PARAM[focused]</scroll>
                    <align>center</align>
                </control>
                <control type="label">
                    <left>19</left>
                    <top>219</top>
                    <width>173</width>
                    <label>$PARAM[main_label]</label>
                    <font>font12</font>
                    <shadowcolor>text_shadow</shadowcolor>
                    <scroll>$PARAM[focused]</scroll>
                    <align>center</align>
                </control>
            </control>
            <control type="group">
                <left>89</left>
                <top>1</top>
                <include condition="Skin.HasSetting(circle_rating) | Skin.HasSetting(circle_userrating)">RatingCircle</include>
            </control>
        </definition>
    </include>
    <include name="InfoWallEpisodeLayout720">
        <param name="main_label">$INFO[ListItem.Title]</param>
        <param name="sub_label">$INFO[ListItem.TVShowTitle]</param>
        <param name="thumb_label">$INFO[ListItem.Season,,x]$INFO[ListItem.Episode]</param>
        <param name="fallback_image">DefaultTVShows.png</param>
        <param name="focused">false</param>
        <definition>
            <control type="image">
                <top>7</top>
                <width>211</width>
                <height>192</height>
                <texture>dialogs/dialog-bg-nobo.png</texture>
                <bordertexture border="21">overlays/shadow.png</bordertexture>
                <bordersize>20</bordersize>
            </control>
            <control type="image">
                <top>4</top>
                <left>-3</left>
                <width>216</width>
                <height>197</height>
                <texture colordiffuse="button_focus">colors/grey.png</texture>
                <bordertexture border="21">overlays/shadow.png</bordertexture>
                <bordersize>20</bordersize>
                <visible>$PARAM[focused]</visible>
                <include condition="$PARAM[focused]">Animation_FocusTextureFade</include>
            </control>
            <control type="image">
                <left>0</left>
                <top>7</top>
                <width>211</width>
                <height>145</height>
                <texture fallback="$PARAM[fallback_image]" background="true">$VAR[InfoWallThumbVar]</texture>
                <aspectratio>scale</aspectratio>
                <bordersize>20</bordersize>
            </control>
            <control type="image">
                <left>13</left>
                <top>92</top>
                <width>184</width>
                <height>47</height>
                <texture>overlays/overlayfade.png</texture>
                <visible>!ListItem.IsParentFolder</visible>
            </control>
            <control type="label">
                <left>21</left>
                <top>119</top>
                <width>173</width>
                <label>$PARAM[thumb_label]</label>
                <font>font20_title</font>
                <shadowcolor>text_shadow</shadowcolor>
                <align>right</align>
            </control>
            <control type="image">
                <left>13</left>
                <top>117</top>
                <width>21</width>
                <height>21</height>
                <texture>$VAR[WallWatchedIconVar]</texture>
            </control>
            <control type="textbox">
                <left>19</left>
                <top>135</top>
                <width>175</width>
                <height>53</height>
                <font>font12</font>
                <align>center</align>
                <aligny>center</aligny>
                <label>$INFO[ListItem.Label]</label>
                <visible>Window.IsActive(videos)</visible>
            </control>
            <control type="group">
                <visible>!Window.IsActive(videos)</visible>
                <control type="label">
                    <left>19</left>
                    <top>140</top>
                    <width>173</width>
                    <label>$PARAM[sub_label]</label>
                    <font>font12</font>
                    <shadowcolor>text_shadow</shadowcolor>
                    <scroll>$PARAM[focused]</scroll>
                    <align>center</align>
                </control>
                <control type="label">
                    <left>19</left>
                    <top>160</top>
                    <width>173</width>
                    <label>$PARAM[main_label]</label>
                    <font>font10</font>
                    <shadowcolor>text_shadow</shadowcolor>
                    <scroll>$PARAM[focused]</scroll>
                    <align>center</align>
                </control>
            </control>
            <control type="progress">
                <left>13</left>
                <top>172</top>
                <width>184</width>
                <height>1</height>
                <texturebg></texturebg>
                <midtexture colordiffuse="button_focus" border="3">progress/texturebg_alt_white.png</midtexture>
                <info>ListItem.PercentPlayed</info>
                <visible>!Integer.IsEqual(ListItem.PercentPlayed,0)</visible>
            </control>
            <control type="group">
                <left>89</left>
                <top>5</top>
                <include condition="Skin.HasSetting(circle_rating) | Skin.HasSetting(circle_userrating)">RatingCircle</include>
            </control>
        </definition>
    </include>
    <include name="View_54_InfoWall720">
        <control type="group">
            <include>OpenClose_Right</include>
            <left>67</left>
            <top>0</top>
            <visible>Control.IsVisible(54)</visible>
            <include>Visible_Right</include>
            <control type="panel" id="54">
                <left>327</left>
                <top>0</top>
                <right>10</right>
                <height>67%</height>
                <onleft>9000</onleft>
                <onright>531</onright>
                <onup condition="Integer.IsGreater(Container.NumPages,1)">54</onup>
                <onup condition="!Integer.IsGreater(Container.NumPages,1)">9000</onup>
                <ondown>54</ondown>
                <viewtype label="31101">icon</viewtype>
                <preloaditems>2</preloaditems>
                <pagecontrol>531</pagecontrol>
                <scrolltime tween="cubic" easing="out">500</scrolltime>
                <visible>Container.Content(artists) | Container.Content(albums) | Container.Content(sets) | Container.Content(movies) | Container.Content(tvshows) | Container.Content(seasons) | Container.Content(episodes) | Container.Content(musicvideos) | Container.Content(images) | Container.Content(videos) | Container.Content(games)</visible>
                <itemlayout height="297" width="213" condition="Container.Content(movies) | Container.Content(sets) | Container.Content(tvshows) | Container.Content(seasons)">
                    <control type="group">
                        <left>20</left>
                        <top>80</top>
                        <include>InfoWallMovieLayout720</include>
                    </control>
                </itemlayout>
                <focusedlayout height="297" width="213" condition="Container.Content(movies) | Container.Content(sets) | Container.Content(tvshows) | Container.Content(seasons)">
                    <control type="group">
                        <depth>DepthContentPopout</depth>
                        <left>20</left>
                        <animation effect="zoom" start="100" end="110" time="200" tween="sine" easing="inout" center="127,200">Focus</animation>
                        <animation effect="zoom" start="110" end="100" time="200" tween="sine" easing="inout" center="127,200">UnFocus</animation>
                        <top>80</top>
                        <include content="InfoWallMovieLayout720">
                            <param name="focused" value="true" />
                        </include>
                    </control>
                </focusedlayout>
                <itemlayout height="200" width="200" condition="Container.Content(episodes) | Container.Content(videos) | Container.Content(musicvideos)">
                    <control type="group">
                        <left>43</left>
                        <top>73</top>
                        <include content="InfoWallEpisodeLayout720">
                            <param name="focused" value="false" />
                            <param name="thumb_label" value="$INFO[ListItem.Label2]" />
                        </include>
                    </control>
                </itemlayout>
                <focusedlayout height="200" width="200" condition="Container.Content(episodes) | Container.Content(videos) | Container.Content(musicvideos)">
                    <control type="group">
                        <depth>DepthContentPopout</depth>
                        <animation effect="zoom" start="100" end="110" time="200" tween="sine" easing="inout" center="147,167">Focus</animation>
                        <animation effect="zoom" start="110" end="100" time="200" tween="sine" easing="inout" center="147,167">UnFocus</animation>
                        <left>43</left>
                        <top>73</top>
                        <include content="InfoWallEpisodeLayout720">
                            <param name="focused" value="true" />
                            <param name="thumb_label" value="$INFO[ListItem.Label2]" />
                        </include>
                    </control>
                </focusedlayout>
                <itemlayout height="273" width="207" condition="Container.Content(artists) | Container.Content(albums)">
                    <control type="group">
                        <top>100</top>
                        <left>27</left>
                        <include>InfoWallMusicLayout720</include>
                    </control>
                </itemlayout>
                <focusedlayout height="273" width="207" condition="Container.Content(artists) | Container.Content(albums)">
                    <control type="group">
                        <depth>DepthContentPopout</depth>
                        <animation effect="zoom" start="100" end="115" time="200" tween="sine" easing="inout" center="133,233">Focus</animation>
                        <animation effect="zoom" start="115" end="100" time="200" tween="sine" easing="inout" center="133,233">UnFocus</animation>
                        <top>100</top>
                        <left>27</left>
                        <include content="InfoWallMusicLayout720">
                            <param name="focused" value="true" />
                        </include>
                    </control>
                </focusedlayout>
                <itemlayout height="267" width="252" condition="Container.Content(images)">
                    <control type="group">
                        <left>0</left>
                        <top>100</top>
                        <include>InfoWallPictureLayout720</include>
                    </control>
                </itemlayout>
                <focusedlayout height="267" width="252" condition="Container.Content(images)">
                    <control type="group">
                        <depth>DepthContentPopout</depth>
                        <left>0</left>
                        <top>100</top>
                        <animation effect="zoom" start="100" end="110" time="200" tween="sine" easing="inout" center="120,220">Focus</animation>
                        <animation effect="zoom" start="110" end="100" time="200" tween="sine" easing="inout" center="120,220">UnFocus</animation>
                        <include content="InfoWallPictureLayout720">
                            <param name="focused" value="true" />
                        </include>
                    </control>
                </focusedlayout>
            </control>
        </control>
    </include>


</includes>

