<?xml version="1.0" encoding="UTF-8"?>
<window>
    <defaultcontrol always="true">50</defaultcontrol>
    <backgroundcolor>background</backgroundcolor>
    <views>50,51,52,53,54,55,500,501,502</views>
    <menucontrol>9000</menucontrol>
    <controls>
        <include>DefaultBackground</include>
        <control type="group">
            <animation effect="fade" start="100" end="0" time="200" tween="sine" condition="$EXP[infodialog_active]">Conditional</animation>
            <include>View_50_List</include>
            <include>View_51_Poster</include>
            <include>View_52_IconWall</include>
            <include>View_53_Shift</include>
            <include>View_54_InfoWall</include>
            <include>View_55_WideList</include>
            <include>View_500_Wall</include>
            <include>View_501_Banner</include>
            <include>View_502_FanArt</include>
            <control type="group">
                <depth>DepthContentPanel</depth>
                <include>OpenClose_Left</include>
                <visible>Control.IsVisible(55)</visible>
                <include>Visible_Left</include>
                <include>ListThumbInfoPanel</include>
            </control>

            <!-- right listitem labels -->
            <control type="group">
                <depth>DepthContentPanel</depth>
                <include>OpenClose_Left</include>
                <animation effect="fade" start="0" end="100" time="250" delay="1500">Visible</animation>
                <visible>Control.IsVisible(50) | Control.Isvisible(54) | [Control.IsVisible(501) + String.IsEqual(Skin.AspectRatio,21:9)]</visible>
                <include>Visible_Left</include>
                <posx>1350</posx>
                <!--
            	<control type="scrollbar" id="5311">
                    <description>scroll bar control</description>
				    <right>0</right>
				    <top>0</top>
                    <width>62</width>
                    <height>1080</height>
                    <pulseonselect>true</pulseonselect>
                    <orientation>vertical</orientation>
                    <showonepage>false</showonepage>
                    <textureslidernib>progress_nub_updown.png</textureslidernib>
                    <textureslidernibfocus>progress_nub_updown.png</textureslidernibfocus>
                    <texturesliderbackground />
                    <texturesliderbar colordiffuse="grey">scrollbar.png</texturesliderbar>
                    <texturesliderbarfocus colordiffuse="cyan">scrollbar-focus.png</texturesliderbarfocus>
                </control>    
                -->
                <!-- top update library button -->
                <control type="button">
                    <description>Update library</description>
                    <posx>80</posx>
                    <posy>5</posy>
                    <width>520</width>
                    <height>145</height>
                    <texturefocus></texturefocus>
                    <texturenofocus></texturenofocus>
                    <label></label>
                    <description>trailer</description>
                    <align>center</align>
                    <aligny>center</aligny>
                    <onclick>UpdateLibrary(video)</onclick>
                    <visible>!Container.Content(addons)+ String.IsEmpty(Container.PluginName)</visible>
                </control>
                <!-- bottom trailer button -->
                <!--
                <control type="button">
                    <posx>0</posx>
                    <posy>965</posy>
                    <width>520</width>
                    <height>260</height>
                    <texturefocus></texturefocus>
                    <texturenofocus></texturenofocus>
                    <label></label>
                    <description>trailer</description>
                    <align>center</align>
                    <aligny>center</aligny>
                    <onclick>PlayMedia($INFO[ListItem.trailer],1)</onclick>
                    <visible>!IsEmpty(ListItem.trailer)</visible>
                </control>
                -->
                <!-- 965 FileNameAndPath -->
                <!--
                <control type="textbox">
                    <posx>0</posx>
                    <posy>955</posy>
                    <width>565</width>
                    <height>70</height>
                    <font>font10</font>
                    <align>right</align>
                    <aligny>bottom</aligny>
                    <label>$INFO[ListItem.FileNameAndPath]</label>
                    <autoscroll delay="10000" time="3000" repeat="10000">Skin.HasSetting(autoscroll)</autoscroll>
                </control>
                -->
            </control>
            
            <!-- left listitem labels -->
            <control type="group">
                <depth>DepthContentPanel</depth>
                <include>OpenClose_Left</include>
                <visible>Control.IsVisible(50) | Control.Isvisible(54) | [Control.IsVisible(501) + String.IsEqual(Skin.AspectRatio,21:9)]</visible>
                <include>Visible_Left</include>
                <animation effect="fade" start="0" end="100" time="250" delay="1500">Visible</animation>
                <include content="ContentPanel">
                    <param name="width" value="656" />
                </include>
                    <width>560</width>
                    <!-- total movies -->
                    <control type="label">
                        <top>58</top>
                        <label>$INFO[Window(Home).Property(Movies.Count)]</label>
                        <left>485</left>
                        <shadowcolor>text_shadow</shadowcolor>
                        <height>30</height>
                        <width>100</width>
                        <align>right</align>
                        <aligny>center</aligny>
                        <!--<animation effect="fade" start="0" end="100" time="300">WindowOpen</animation><animation effect="fade" start="100" end="0" time="200">WindowClose</animation><animation effect="slide" end="70,0" time="200" reversible="true" condition="Control.IsVisible(799)">Conditional</animation>-->
                        <visible>Container.Content(movies)</visible>
                    </control>
                    <!-- total episodes -->
                    <control type="label">
                        <top>58</top>
                        <label>$INFO[Window(Home).Property(Episodes.Count)]</label>
                        <left>485</left>
                        <shadowcolor>text_shadow</shadowcolor>
                        <height>30</height>
                        <width>100</width>
                        <align>right</align>
                        <aligny>center</aligny>
                        <!--<animation effect="fade" start="0" end="100" time="300">WindowOpen</animation><animation effect="fade" start="100" end="0" time="200">WindowClose</animation><animation effect="slide" end="70,0" time="200" reversible="true" condition="Control.IsVisible(799)">Conditional</animation>-->
                        <visible>Container.Content(tvshows)</visible>
                    </control>
                    <!-- Mpaa -->
                    <!--
                    <control type="image">
                        <description>Mpaa Image</description>
                          <left>530</left>
                          <top>1015</top>
                          <width min="0" max="60">auto</width>
                          <height>60</height>
                          <aspectratio>keep</aspectratio>
                          <align>right</align>
                          <aligny>center</aligny>
                          <texture>flags/mpaa/$INFO[ListItem.Mpaa].png</texture>
                          <visible>!String.IsEmpty(ListItem.Mpaa)</visible>
                        </control>
                        -->
                    <!-- if collection show contents if no plot -->
                    <control type="group">
                        <left>20</left>
                        <top>300</top>
                        <visible>!Container.Content(tvshows) + !Container.Content(episodes) + !String.IsEqual(ListItem.Label,..)</visible>
                        <!--<animation effect="fade" start="100" end="0" time="300" delay="500">Hidden</animation>-->
                        
                        <!--<visible>Container.Content(movies) | Container.Content(sets) | Container.Content(tvshows) | Container.content(seasons) | Container.Content(episodes)</visible>-->
                        <!--<visible>ListItem.IsCollection + String.IsEmpty(ListItem.Plot)</visible>-->
                        <include content="InfoList">
                            <param name="bottom" value="148" />
                            <param name="width" value="560" />
                            <param name="sortby" value="year" />
                            <param name="sortorder" value="ascending" />
                            <param name="font" value="font10" />
                        </include>
                    </control>  

                    <!-- watched progress bar -->
                    <control type="progress">
                        <posx>30</posx>
                        <posy>100</posy>
                        <width>550</width>
                        <height>10</height>
                        <lefttexture />
                        <righttexture />
                        <texturebg border="2" colordiffuse="black">progressbg.png</texturebg>
                        <midtexture colordiffuse="darkcyan">progress.png</midtexture>
                        <info>ListItem.PercentPlayed</info>
                        <visible>!Integer.IsEqual(ListItem.PercentPlayed,0)</visible>
                    </control>  
                    
                    <!-- 120 title -->
                    <control type="textbox">
                        <top>100</top>
                        <left>30</left>
                        <width>550</width>
                        <aligny>center</aligny>
                        <height>100</height>
                        <font>font36_title</font>
                        <label>$INFO[ListItem.Label,[B],[/B]]</label>
                    </control>

                    <!-- 200 Duration  Premiered DateAdded rating -->
                    <control type="textbox">
                        <left>30</left>
                        <top>200</top>
                        <!--<top>238</top>-->
                        <width>575</width>
                        <height>35</height>
                        <font>font13</font>
                        <label>[B]$INFO[ListItem.Duration,, min   ][/B]$INFO[ListItem.Premiered,,  ][COLOR grey]$INFO[ListItem.DateAdded, (,)][/COLOR]</label>
                        <!--<label>[B]$INFO[ListItem.Duration,, min    ][/B]$INFO[ListItem.Premiered,,   ][COLOR grey]$INFO[ListItem.DateAdded, (,)][/COLOR]</label>-->
                        <!--<autoscroll delay="6000" time="3000" repeat="6000">Skin.HasSetting(autoscroll)</autoscroll>-->
                        <!--<visible>String.IsEmpty(ListItem.Duration)</visible>-->
                        <!--<visible>ListItem.IsCollection + String.IsEmpty(ListItem.Plot)</visible>-->
                    </control>

                   <!-- 245 Audio tracks -->
                    <control type="grouplist">
                        <description>audio and sub flags</description>
                        <posx>30</posx>
                        <posy>245</posy>
                        <width>550</width>
                        <height>30</height>
                        <align>left</align>
                        <aligny>center</aligny>
                        <orientation>horizontal</orientation>
                        <itemgap>2</itemgap>

                        <!-- size  -->
                        <control type="label">
                            <posx>0</posx>
                            <posy>0</posy>
                            <width>110</width>
                            <height>30</height>
                            <label>$INFO[ListItem.Size]</label>
                            <font>font10</font>
                            <align>left</align>
                            <aligny>center</aligny>
                            <visible>!String.Contains(Container(System.CurrentControlID).ListItem.Size,000000 B)</visible>
                        </control>
                        <!-- videootracks -->
                        <control type="label">
                            <posx>0</posx>
                            <posy>0</posy>
                            <width>70</width>
                            <height>30</height>
                            <label>$INFO[ListItem.VideoCodec]</label>
                            <font>font10</font>
                            <align>left</align>
                            <aligny>center</aligny>
                            <visible>!String.IsEmpty(Container(System.CurrentControlID).ListItem.VideoCodec)</visible>
                        </control>
               
                 <!-- AudioLanguage 1 -->
                 <control type="group">
                    <posx>0</posx>
                    <posy>0</posy>
                    <width>90</width>
                    <height>30</height>
                    <visible>!String.IsEmpty(Container(System.CurrentControlID).ListItem.Property(AudioLanguage.1))</visible>
                    <control type="image">
                            <description>AudioLanguage Image</description>
                            <posx>0</posx>
                            <width>30</width>
                            <height>25</height>
                            <aspectratio>keep</aspectratio>
                            <texture>$INFO[Container(System.CurrentControlID).ListItem.Property(AudioLanguage.1),flags/country/,.png]</texture>
                        </control>
                    <control type="image">
                            <description>AudioCodec Image</description>
                            <posx>30</posx>
                            <posy>0</posy>
                            <width>60</width>
                            <height>30</height>
                            <aspectratio>scale</aspectratio>
                            <texture>$INFO[Container(System.CurrentControlID).ListItem.Property(AudioCodec.1),flags/audiocodec/,.png]</texture>
                        </control>
                </control>           
                        <!-- AudioLanguage 2 -->
                        <control type="image">
                            <description>AudioLanguage2 Image</description>
                            <width>30</width>
                            <height>25</height>
                            <aspectratio>keep</aspectratio>
                            <texture>$INFO[Container(System.CurrentControlID).ListItem.Property(AudioLanguage.2),flags/country/,.png]</texture>
                            <visible>!String.IsEmpty(Container(System.CurrentControlID).ListItem.Property(AudioLanguage.2))</visible>
                        </control>
                         <control type="image">
                            <description>AudioCodec1 Image</description>
                            <posy>0</posy>
                            <width>60</width>
                            <height>30</height>
                            <aspectratio>scale</aspectratio>
                            <texture>$INFO[Container(System.CurrentControlID).ListItem.Property(AudioCodec.2),flags/audiocodec/,.png]</texture>
                            <visible>!String.IsEmpty(Container(System.CurrentControlID).ListItem.Property(AudioLanguage.2))</visible>
                        </control>
                        <!--
                <control type="label">
                    <posx>0</posx>
                    <posy>0</posy>
                    <width>60</width>
                    <height>25</height>
                    <align>center</align>
                    <aligny>center</aligny>
                    <font>font10</font>
                    <label>$INFO[ListItem.Property(AudioCodec.2)]</label>
                    <visible>!String.IsEmpty(Container(System.CurrentControlID).ListItem.Property(AudioLanguage.2))</visible>
                </control>
-->
                        <!-- AudioLanguage 3 -->
                        <control type="image">
                            <description>AudioLanguage3 Image</description>
                            <width>30</width>
                            <height>25</height>
                            <aspectratio>keep</aspectratio>
                            <texture>$INFO[Container(System.CurrentControlID).ListItem.Property(AudioLanguage.3),flags/country/,.png]</texture>
                            <visible>!String.IsEmpty(Container(System.CurrentControlID).ListItem.Property(AudioLanguage.3))</visible>
                        </control>
                         <control type="image">
                            <description>AudioCodec3 Image</description>
                            <posy>0</posy>
                            <width>60</width>
                            <height>30</height>
                            <aspectratio>scale</aspectratio>
                            <texture>$INFO[Container(System.CurrentControlID).ListItem.Property(AudioCodec.3),flags/audiocodec/,.png]</texture>
                            <visible>!String.IsEmpty(Container(System.CurrentControlID).ListItem.Property(AudioLanguage.3))</visible>
                        </control>
                        <!--
                <control type="label">
                    <posx>0</posx>
                    <posy>0</posy>
                    <width>60</width>
                    <height>25</height>
                    <align>center</align>
                    <aligny>center</aligny>
                    <font>font10</font>
                    <label>$INFO[ListItem.Property(AudioCodec.3)]</label>
                    <visible>!String.IsEmpty(Container(System.CurrentControlID).ListItem.Property(AudioLanguage.3))</visible>
                </control>
-->
                        <!-- AudioLanguage 4 -->
                        <control type="image">
                            <description>AudioLanguage4 Image</description>
                            <width>30</width>
                            <height>25</height>
                            <aspectratio>keep</aspectratio>
                            <texture>$INFO[Container(System.CurrentControlID).ListItem.Property(AudioLanguage.4),flags/country/,.png]</texture>
                            <visible>!String.IsEmpty(Container(System.CurrentControlID).ListItem.Property(AudioLanguage.4))</visible>
                        </control>
                         <control type="image">
                            <description>AudioCodec4 Image</description>
                            <posy>0</posy>
                            <width>60</width>
                            <height>30</height>
                            <aspectratio>scale</aspectratio>
                            <texture>$INFO[Container(System.CurrentControlID).ListItem.Property(AudioCodec.4),flags/audiocodec/,.png]</texture>
                            <visible>!String.IsEmpty(Container(System.CurrentControlID).ListItem.Property(AudioLanguage.4))</visible>
                        </control>
                        <!--
                <control type="label">
                    <posx>0</posx>
                    <posy>0</posy>
                    <width>60</width>
                    <height>25</height>
                    <align>center</align>
                    <aligny>center</aligny>
                    <font>font10</font>
                    <label>$INFO[ListItem.Property(AudioCodec.4)]</label>
                    <visible>!String.IsEmpty(Container(System.CurrentControlID).ListItem.Property(AudioLanguage.4))</visible>
                </control>
-->
                        <!-- AudioLanguage 5 -->
                        <control type="image">
                            <description>AudioLanguage5 Image</description>
                              <width>30</width>
                            <height>25</height>
                            <aspectratio>keep</aspectratio>
                            <texture>$INFO[Container(System.CurrentControlID).ListItem.Property(AudioLanguage.5),flags/country/,.png]</texture>
                            <visible>!String.IsEmpty(Container(System.CurrentControlID).ListItem.Property(AudioLanguage.5))</visible>
                        </control>
                         <control type="image">
                            <description>AudioCodec5 Image</description>
                            <posy>0</posy>
                            <width>60</width>
                            <height>30</height>
                            <aspectratio>scale</aspectratio>
                            <texture>$INFO[Container(System.CurrentControlID).ListItem.Property(AudioCodec.5),flags/audiocodec/,.png]</texture>
                            <visible>!String.IsEmpty(Container(System.CurrentControlID).ListItem.Property(AudioLanguage.5))</visible>
                        </control>
                        <!--
                <control type="label">
                    <posx>0</posx>
                    <posy>0</posy>
                    <width>60</width>
                    <height>25</height>
                    <align>center</align>
                    <aligny>center</aligny>
                    <font>font10</font>
                    <label>$INFO[ListItem.Property(AudioCodec.5)]</label>
                    <visible>!String.IsEmpty(Container(System.CurrentControlID).ListItem.Property(AudioLanguage.5))</visible>
                </control>
-->
                        <!-- AudioLanguage 6 -->
                        <control type="image">
                            <description>AudioLanguage6 Image</description>
                                         <width>30</width>
                            <height>25</height>
                            <aspectratio>keep</aspectratio>
                            <texture>$INFO[Container(System.CurrentControlID).ListItem.Property(AudioLanguage.6),flags/country/,.png]</texture>
                            <visible>!String.IsEmpty(Container(System.CurrentControlID).ListItem.Property(AudioLanguage.6))</visible>
                        </control>
                         <control type="image">
                            <description>AudioCodec6 Image</description>
                            <posy>0</posy>
                            <width>60</width>
                            <height>30</height>
                            <aspectratio>scale</aspectratio>
                            <texture>$INFO[Container(System.CurrentControlID).ListItem.Property(AudioCodec.6),flags/audiocodec/,.png]</texture>
                            <visible>!String.IsEmpty(Container(System.CurrentControlID).ListItem.Property(AudioLanguage.6))</visible>
                        </control>
                        <!--
                <control type="label">
                    <posx>0</posx>
                    <posy>0</posy>
                    <width>60</width>
                    <height>25</height>
                    <align>center</align>
                    <aligny>center</aligny>
                    <font>font10</font>
                    <label>$INFO[ListItem.Property(AudioCodec.6)]</label>
                    <visible>!String.IsEmpty(Container(System.CurrentControlID).ListItem.Property(AudioLanguage.6))</visible>
                </control>
-->
                        <!-- AudioLanguage 7 -->
                        <control type="image">
                            <description>AudioLanguage7 Image</description>
                                <width>30</width>
                            <height>25</height>
                            <aspectratio>keep</aspectratio>
                            <texture>$INFO[Container(System.CurrentControlID).ListItem.Property(AudioLanguage.7),flags/country/,.png]</texture>
                            <visible>!String.IsEmpty(Container(System.CurrentControlID).ListItem.Property(AudioLanguage.7))</visible>
                        </control>
                         <control type="image">
                            <description>AudioCodec7 Image</description>
                            <posy>0</posy>
                            <width>60</width>
                            <height>30</height>
                            <aspectratio>scale</aspectratio>
                            <texture>$INFO[Container(System.CurrentControlID).ListItem.Property(AudioCodec.7),flags/audiocodec/,.png]</texture>
                            <visible>!String.IsEmpty(Container(System.CurrentControlID).ListItem.Property(AudioLanguage.7))</visible>
                        </control>
                        <!--
                <control type="label">
                    <posx>0</posx>
                    <posy>0</posy>
                    <width>60</width>
                    <height>25</height>
                    <align>center</align>
                    <aligny>center</aligny>
                    <font>font10</font>
                    <label>$INFO[ListItem.Property(AudioCodec.7)]</label>
                    <visible>!String.IsEmpty(Container(System.CurrentControlID).ListItem.Property(AudioLanguage.7))</visible>
                </control>
-->
                        <!-- AudioLanguage 8 -->
                        <control type="image">
                            <description>AudioLanguage8 Image</description>
                            <width>30</width>
                            <height>25</height>
                            <aspectratio>keep</aspectratio>
                            <texture>$INFO[Container(System.CurrentControlID).ListItem.Property(AudioLanguage.8),flags/country/,.png]</texture>
                            <visible>!String.IsEmpty(Container(System.CurrentControlID).ListItem.Property(AudioLanguage.8))</visible>
                        </control>
                         <control type="image">
                            <description>AudioCodec8 Image</description>
                            <posy>0</posy>
                            <width>60</width>
                            <height>30</height>
                            <aspectratio>scale</aspectratio>
                            <texture>$INFO[Container(System.CurrentControlID).ListItem.Property(AudioCodec.8),flags/audiocodec/,.png]</texture>
                            <visible>!String.IsEmpty(Container(System.CurrentControlID).ListItem.Property(AudioLanguage.8))</visible>
                        </control>
                        <!--
                <control type="label">
                    <posx>0</posx>
                    <posy>0</posy>
                    <width>60</width>
                    <height>25</height>
                    <align>center</align>
                    <aligny>center</aligny>
                    <font>font10</font>
                    <label>$INFO[ListItem.Property(AudioCodec.8)]</label>
                    <visible>!String.IsEmpty(Container(System.CurrentControlID).ListItem.Property(AudioLanguage.8))</visible>
                </control>
-->
                        <!-- AudioLanguage 9 -->
                        <control type="image">
                            <description>AudioLanguage8 Image</description>
                            <width>30</width>
                            <height>25</height>
                            <aspectratio>keep</aspectratio>
                            <texture>$INFO[Container(System.CurrentControlID).ListItem.Property(AudioLanguage.9),flags/country/,.png]</texture>
                            <visible>!String.IsEmpty(Container(System.CurrentControlID).ListItem.Property(AudioLanguage.9))</visible>
                        </control>
                         <control type="image">
                            <description>AudioCodec9 Image</description>
                            <posy>0</posy>
                            <width>60</width>
                            <height>30</height>
                            <aspectratio>scale</aspectratio>
                            <texture>$INFO[Container(System.CurrentControlID).ListItem.Property(AudioCodec.9),flags/audiocodec/,.png]</texture>
                            <visible>!String.IsEmpty(Container(System.CurrentControlID).ListItem.Property(AudioLanguage.9))</visible>
                        </control>
                        <!--
                <control type="label">
                    <posx>0</posx>
                    <posy>0</posy>
                    <width>60</width>
                    <height>25</height>
                    <align>center</align>
                    <aligny>center</aligny>
                    <font>font10</font>
                    <label>$INFO[ListItem.Property(AudioCodec.9)]</label>
                    <visible>!String.IsEmpty(Container(System.CurrentControlID).ListItem.Property(AudioLanguage.9))</visible>
                </control>
-->

                        <!-- Subtitles -->
                        <control type="label">
                            <posx>0</posx>
                            <posy>0</posy>
                            <width>80</width>
                            <height>25</height>
                            <label>  [COLOR grey]Subs:[/COLOR] </label>
                            <font>font10</font>
                            <align>left</align>
                            <aligny>center</aligny>
                            <visible>!String.IsEmpty(Container(System.CurrentControlID).ListItem.Property(SubtitleLanguage.1))</visible>
                        </control>
                        <!-- SubtitleLanguage 1 -->
                        <control type="image">
                            <description>SubtitleLanguage1 Image</description>
                            <width>30</width>
                            <height>25</height>
                            <aspectratio>keep</aspectratio>
                            <texture>$INFO[Container(System.CurrentControlID).ListItem.Property(SubtitleLanguage.1),flags/country/,.png]</texture>
                            <visible>!String.IsEmpty(Container(System.CurrentControlID).ListItem.Property(SubtitleLanguage.1))</visible>
                        </control>
                        <!-- SubtitleLanguage 2 -->
                        <control type="image">
                            <description>SubtitleLanguage2 Image</description>
                            <width>30</width>
                            <height>25</height>
                            <aspectratio>keep</aspectratio>
                            <texture>$INFO[Container(System.CurrentControlID).ListItem.Property(SubtitleLanguage.2),flags/country/,.png]</texture>
                            <visible>!String.IsEmpty(Container(System.CurrentControlID).ListItem.Property(SubtitleLanguage.2))</visible>
                        </control>
                        <!-- SubtitleLanguage 3 -->
                        <control type="image">
                            <description>SubtitleLanguage3 Image</description>
                            <width>30</width>
                            <height>25</height>
                            <aspectratio>keep</aspectratio>
                            <texture>$INFO[Container(System.CurrentControlID).ListItem.Property(SubtitleLanguage.3),flags/country/,.png]</texture>
                            <visible>!String.IsEmpty(Container(System.CurrentControlID).ListItem.Property(SubtitleLanguage.3))</visible>
                        </control>
                        <!-- SubtitleLanguage 4 -->
                        <control type="image">
                            <description>SubtitleLanguage4 Image</description>
                            <width>30</width>
                            <height>25</height>
                            <aspectratio>keep</aspectratio>
                            <texture>$INFO[Container(System.CurrentControlID).ListItem.Property(SubtitleLanguage.4),flags/country/,.png]</texture>
                            <visible>!String.IsEmpty(Container(System.CurrentControlID).ListItem.Property(SubtitleLanguage.4))</visible>
                        </control>
                        <!-- SubtitleLanguage 5 -->
                        <control type="image">
                            <description>SubtitleLanguage5 Image</description>
                                  <width>30</width>
                            <height>25</height>
                            <aspectratio>keep</aspectratio>
                            <texture>$INFO[Container(System.CurrentControlID).ListItem.Property(SubtitleLanguage.5),flags/country/,.png]</texture>
                            <visible>!String.IsEmpty(Container(System.CurrentControlID).ListItem.Property(SubtitleLanguage.5))</visible>
                        </control>
                        <!-- SubtitleLanguage 6 -->
                        <control type="image">
                            <description>SubtitleLanguage6 Image</description>
                            <width>30</width>
                            <height>25</height>
                            <aspectratio>keep</aspectratio>
                            <texture>$INFO[Container(System.CurrentControlID).ListItem.Property(SubtitleLanguage.6),flags/country/,.png]</texture>
                            <visible>!String.IsEmpty(Container(System.CurrentControlID).ListItem.Property(SubtitleLanguage.6))</visible>
                        </control>
                        <!-- SubtitleLanguage 7 -->
                        <control type="image">
                            <description>SubtitleLanguage7 Image</description>
                             <width>30</width>
                            <height>25</height>
                            <aspectratio>keep</aspectratio>
                            <texture>$INFO[Container(System.CurrentControlID).ListItem.Property(SubtitleLanguage.7),flags/country/,.png]</texture>
                            <visible>!String.IsEmpty(Container(System.CurrentControlID).ListItem.Property(SubtitleLanguage.7))</visible>
                        </control>
                        <!-- SubtitleLanguage 8 -->
                        <control type="image">
                            <description>SubtitleLanguage8 Image</description>
                                    <width>30</width>
                            <height>25</height>
                            <aspectratio>keep</aspectratio>
                            <texture>$INFO[Container(System.CurrentControlID).ListItem.Property(SubtitleLanguage.8),flags/country/,.png]</texture>
                            <visible>!String.IsEmpty(Container(System.CurrentControlID).ListItem.Property(SubtitleLanguage.8))</visible>
                        </control>
                        <!-- SubtitleLanguage 9 -->
                        <control type="image">
                            <description>SubtitleLanguage8 Image</description>
                            <width>30</width>
                            <height>25</height>
                            <aspectratio>keep</aspectratio>
                            <texture>$INFO[Container(System.CurrentControlID).ListItem.Property(SubtitleLanguage.9),flags/country/,.png]</texture>
                            <visible>!String.IsEmpty(Container(System.CurrentControlID).ListItem.Property(SubtitleLanguage.9))</visible>
                        </control>
                        <!-- Mpaa -->
                        <!--
                        <control type="image">
                        <description>Mpaa Image</description>
                          <width min="0" max="30">auto</width>
                          <height>30</height>
                          <aspectratio>keep</aspectratio>
                          <align>right</align>
                          <aligny>center</aligny>
                          <texture>flags/mpaa/$INFO[ListItem.Mpaa].png</texture>
                          <visible>!String.IsEmpty(ListItem.Mpaa)</visible>
                        </control>
                        -->
                        <!-- VideoCodec -->
                        <!--
                        <control type="label">
                            <posx>0</posx>
                            <posy>0</posy>
                            <width>100</width>
                            <height>25</height>
                            <label> / $INFO[ListItem.VideoCodec]</label>
                            <font>font10</font>
                            <align>left</align>
                            <aligny>center</aligny>
                        </control>
                        -->
                     <!-- 450 Collection -->
                     <!--
                    <control type="textbox">
                        <left>0</left>
                        <top>0</top>
                        <width>555</width>
                        <height>30</height>
                        <font>font10</font>
                        <label>$INFO[ListItem.Set,[COLOR grey]Set:[/COLOR] ,]</label>
                    </control>
                    -->
                        <!-- Mpaa -->
                        <control type="image">
                        <description>Mpaa Image</description>
                          <width min="0" max="40">auto</width>
                          <posx>0</posx>
                            <posy>0</posy>
                          <height>30</height>
                          <aspectratio>keep</aspectratio>
                          <align>right</align>
                          <aligny>center</aligny>
                          <texture>flags/mpaa/$INFO[ListItem.Mpaa].png</texture>
                          <visible>!String.IsEmpty(ListItem.Mpaa)</visible>
                        </control>
                   </control>

                  <!-- open info -->
                    <control type="button">
                        <left>3</left>
                        <top>275</top>
                        <width>555</width>
                        <height>250</height>
                        <font>font10</font>
                    <texturefocus>panel.png</texturefocus>
                    <texturenofocus></texturenofocus>
                    <label></label>
                    <align>left</align>
				<onclick>Dialog.Close(1159,true)</onclick>
                <onclick>SetFocus(50)</onclick>
                <onclick>Action(info)</onclick>
                    <visible>!ListItem.IsCollection + !String.IsEmpty(ListItem.Plot)</visible>
                </control> 
                		     

                    <!-- 275 ratings -->
                   <control type="label">
                        <description>ratings</description>
                        <posx>30</posx>
                        <top>278</top>
                        <!--<posy>450</posy>-->
                        <width>550</width>
                        <height>30</height>
                        <align>left</align>
                        <aligny>center</aligny>
                        <font>font10</font>
                        <!--<label>$INFO[Container(System.CurrentControlID).Listitem.Rating,[COLOR grey]2IMDB:[/COLOR] ,,  ]$INFO[Container(System.CurrentControlID).Listitem.Rating(imdb),[COLOR grey]1IMDB:[/COLOR] ,,  ]$INFO[Container(System.CurrentControlID).ListItem.RatingAndVotes(imdb),[COLOR grey]IMDB:[/COLOR] ,,  ]$INFO[Container(System.CurrentControlID).ListItem.RatingAndVotes(themoviedb),[COLOR grey]TMDB:[/COLOR] ,,  ]    $INFO[Container(System.CurrentControlID).ListItem.Top250,[COLOR gold]Top250:[/COLOR] ,,]</label>--> 
                        <label>$INFO[Container(System.CurrentControlID).ListItem.Top250(imdb),[COLOR gold]Top250:[/COLOR] ,  ]$INFO[Container(System.CurrentControlID).ListItem.RatingAndVotes(imdb),[COLOR grey]IMDB:[/COLOR] ,  ]$INFO[Container(System.CurrentControlID).Listitem.Rating(tomatometerallcritics),[COLOR grey]RT:[/COLOR] ,  ]$INFO[Container(System.CurrentControlID).ListItem.RatingAndVotes(themoviedb),[COLOR grey]TMDB:[/COLOR] ,]</label> 
                        <visible>!String.IsEmpty(Container(System.CurrentControlID).ListItem.RatingAndVotes)</visible>
                        </control>

                    <!-- 310 Season Episode  Studio Country set -->
                    <control type="textbox">
                        <left>30</left>
                        <top>310</top>
                        <width>565</width>
                        <height>30</height>
                        <font>font10</font>
                        <label>[COLOR grey]$INFO[ListItem.Season,Season:[COLOR white] , [/COLOR][COLOR dimgrey]•[/COLOR] ][/COLOR][COLOR grey]$INFO[ListItem.Episode,Episode:[/COLOR] ,[COLOR white] [COLOR dimgrey]•[/COLOR] ][/COLOR]$INFO[ListItem.Country,, [COLOR dimgrey]•[/COLOR] ]$INFO[ListItem.Studio]  [COLOR lime]$INFO[ListItem.Set][/COLOR]</label>
                        <!--<autoscroll delay="6000" time="3000" repeat="6000">Skin.HasSetting(autoscroll)</autoscroll>-->
                    </control>

                    <!-- 345  Genre -->
                    <control type="textbox">
                        <left>30</left>
                        <top>345</top>
                        <width>565</width>
                        <height>30</height>
                        <font>font10</font>
                        <label>$INFO[ListItem.Genre]</label>
                        <!--<label>[COLOR grey]$INFO[ListItem.mpaa,, [COLOR dimgrey]•[/COLOR] ][/COLOR]$INFO[ListItem.Genre]</label>-->
                        <!--<autoscroll delay="6000" time="3000" repeat="6000">Skin.HasSetting(autoscroll)</autoscroll>-->
                    </control>

                    <!-- 380 Director button -->
                    <!--
                    <control type="button">
                        <left>23</left>
                        <top>380</top>
                        <width>555</width>
                        <height>30</height>
                        <font>font10</font>
                    <texturefocus></texturefocus>
                    <texturenofocus></texturenofocus>
                    <label>$INFO[ListItem.Director,[COLOR grey]Director:[/COLOR]  ,]</label>
                    <description>director</description>
                    <align>left</align>
                    <onclick>ActivateWindow(Videos,videodb://movies/directors/$INFO[ListItem.DBID],return)</onclick>
                    <visible>!ListItem.IsCollection</visible>
                </control> 
                -->
                    <control type="textbox">
                        <left>30</left>
                        <top>380</top>
                        <width>555</width>
                        <height>30</height>
                        <font>font10</font>
                         <visible>!ListItem.IsCollection</visible>
                        <label>$INFO[ListItem.Director,[COLOR grey]Director:[/COLOR]  ,]</label>
                    </control> 
                    
                    <!-- 415 Writer -->
                    <control type="textbox">
                        <left>30</left>
                        <top>415</top>
                        <width>555</width>
                        <height>30</height>
                        <font>font10</font>
                        <visible>!ListItem.IsCollection</visible>
                        <label>$INFO[ListItem.Writer,[COLOR grey]Writer:[/COLOR]  ,]</label>
                    </control>                   

                    <!-- 445  Tagline -->
                    <control type="textbox">
                        <left>30</left>
                       <top>445</top>
                        <width>535</width>
                        <height>70</height>
                        <font>font10</font>
                        <aligny>center</aligny>
                        <visible>!ListItem.IsCollection</visible>
                        <label>[COLOR dimgrey]$INFO[ListItem.Tagline,[I],[/I]][/COLOR]</label>
                    </control>
                    <!-- 520  Tagline Plot -->
                    <!--
                    <control type="textbox">
                       <left>30</left>
                        <top>520</top>
                        <width>555</width>
                        <bottom>80</bottom>
                        <font>font12</font>
                        <visible>!ListItem.IsCollection</visible>
                        <label>$INFO[ListItem.Plot]</label>
                        <autoscroll delay="8000" time="3000" repeat="8000">Skin.HasSetting(autoscroll)</autoscroll>
                    </control>
                    -->

				<!--  520 plot -->
				<control type="group" id="140">
                       <left>30</left>
                        <top>520</top>
                        <width>555</width>
                        <bottom>80</bottom>
					<!--
					<control type="button" id="138">
				     	<left>0</left>
						<top>100</top>
						<width>555</width>
						<height>518</height>
						<textoffsetx>30</textoffsetx>
						<textoffsety>20</textoffsety>
						<aligny>bottom</aligny>
						<label></label>
						<texturefocus></texturefocus>
                        <texturenofocus></texturenofocus>
						<onclick condition="!String.IsEmpty(ListItem.Plot)">SetProperty(TextViewer_Header,$LOCALIZE[207],home)</onclick>
						<onclick condition="!String.IsEmpty(ListItem.Plot)">SetProperty(TextViewer_Text,$ESCINFO[ListItem.Plot],home)</onclick>
						<onclick condition="!String.IsEmpty(ListItem.Plot)">ActivateWindow(1102)</onclick>
						<texturenofocus border="21">dialogs/dialog-bg.png</texturenofocus>
						<visible>Integer.IsGreater(Container(4000).NumItems,0)</visible>
						<visible>ListItem.IsCollection</visible>
					</control>	
					-->			

                    <!-- plot collection -->
					<control type="textbox">
						<left>0</left>
						<top>140</top>
						<width>555</width>
						<bottom>0</bottom>
						<font>font12</font>
						<label fallback="19055">$INFO[ListItem.Plot]</label>
						<autoscroll delay="10000" time="5000" repeat="10000">Skin.HasSetting(AutoScroll)</autoscroll>
						<!--<visible>Integer.IsGreater(Container(4000).NumItems,0)</visible>-->
						<visible>ListItem.IsCollection + !Container.content(tvshows) + !String.IsEmpty(ListItem.Plot)</visible>
					</control>
					<control type="button" id="138">
					    <left>0</left>
						<top>0</top>
						<width>555</width>
						<height>518</height>
						<textoffsetx>30</textoffsetx>
						<textoffsety>20</textoffsety>
						<aligny>bottom</aligny>
						<label></label>
						<texturefocus>panel.png</texturefocus>
                        <texturenofocus></texturenofocus>
						<onclick condition="!String.IsEmpty(ListItem.Plot)">SetProperty(TextViewer_Header,$LOCALIZE[207],home)</onclick>
						<onclick condition="!String.IsEmpty(ListItem.Plot)">SetProperty(TextViewer_Text,$ESCINFO[ListItem.Plot],home)</onclick>
						<onclick condition="!String.IsEmpty(ListItem.Plot)">ActivateWindow(1102)</onclick>
						<texturenofocus border="21">dialogs/dialog-bg.png</texturenofocus>
						<!--<visible>!Integer.IsGreater(Container(4000).NumItems,0)</visible>-->
						<visible>!ListItem.IsCollection + !Container.Content(episodes) + !Container.content(seasons) + !String.IsEmpty(ListItem.Plot)</visible>
					</control>
				    <!-- plot not collection -->
					<control type="textbox">
						<left>0</left>
						<top>0</top>
						<width>555</width>
						<bottom>0</bottom>
						<font>font12</font>
						<label fallback="19055">$INFO[ListItem.Plot]</label>
						<autoscroll delay="10000" time="5000" repeat="10000">Skin.HasSetting(AutoScroll)</autoscroll>
						<!--<visible>!Integer.IsGreater(Container(4000).NumItems,0)</visible>-->
						<visible>!ListItem.IsCollection + !Container.Content(episodes) + !Container.content(seasons) + !String.IsEmpty(ListItem.Plot)</visible>
					</control>
				</control>
		   
		        <!-- 965 FileNameAndPath -->
                <control type="textbox">
                    <posx>0</posx>
                    <bottom>0</bottom>
                    <width>565</width>
                    <height>70</height>
                    <font>font10</font>
                    <align>right</align>
                    <aligny>center</aligny>
                    <label>[COLOR grey]$INFO[ListItem.FileNameAndPath][/COLOR]</label>
                    <autoscroll delay="10000" time="3000" repeat="10000">Skin.HasSetting(autoscroll)</autoscroll>
                    <visible>Control.HasFocus(50)</visible>
                </control>
		            
		        
            </control>

            <!-- global # SortBy EDIT THIS MENU    Sort By MENU ## Control Group 9200 -->
			<control type="grouplist">
                <posx>60</posx>
                <bottom>0</bottom>
                <height>70</height>
                <width>535</width>
                <align>right</align>
                 <aligny>center</aligny>
                <include>OpenClose_Left</include>
                <include>Visible_Left</include>
                <itemgap>5</itemgap>
					<onleft>5000</onleft>
					<onright>5000</onright>
					<onup>140</onup>
					<visible>!Control.HasFocus(50) + !System.IdleTime(2.666)</visible>
					<orientation>horizontal</orientation>
					<scrolltime tween="quadratic">200</scrolltime>				
 				<!--<onclick>ActivateWindow(movieinformation)</onclick>-->
    <!-- 
    <value condition="Container.Content(sets) | ListItem.IsCollection">videodb://movies/sets/$INFO[ListItem.DBID]/</value>
	<value condition="String.StartsWith(Container.Folderpath,videodb://movies) + Container.Content(genres)">videodb://movies/genres/$INFO[ListItem.DBID]/</value>
	<value condition="String.StartsWith(Container.Folderpath,videodb://movies) + Container.Content(actors)">videodb://movies/actors/$INFO[ListItem.DBID]/</value>
	<value condition="String.StartsWith(Container.Folderpath,videodb://movies) + Container.Content(directors)">videodb://movies/directors/$INFO[ListItem.DBID]/</value>
	<value condition="String.StartsWith(Container.Folderpath,videodb://movies) + Container.Content(studios)">videodb://movies/studios/$INFO[ListItem.DBID]/</value>
	<value condition="String.StartsWith(Container.Folderpath,videodb://movies) + Container.Content(countries)">videodb://movies/countries/$INFO[ListItem.DBID]/</value>
	<value condition="String.StartsWith(Container.Folderpath,videodb://movies) + Container.Content(years)">videodb://movies/years/$INFO[ListItem.Label]/</value>

	<value condition="Container.Content(sets) | ListItem.IsCollection">videodb://movies/sets/$INFO[ListItem.DBID]/</value>
	<value condition="String.StartsWith(Container.Folderpath,videodb://movies) + Container.Content(genres)">videodb://movies/genres/$INFO[ListItem.DBID]/</value>
	<value condition="String.StartsWith(Container.Folderpath,videodb://movies) + Container.Content(actors)">videodb://movies/actors/$INFO[ListItem.DBID]/</value>
	<value condition="String.StartsWith(Container.Folderpath,videodb://movies) + Container.Content(directors)">videodb://movies/directors/$INFO[ListItem.DBID]/</value>
	<value condition="String.StartsWith(Container.Folderpath,videodb://movies) + Container.Content(studios)">videodb://movies/studios/$INFO[ListItem.DBID]/</value>
	<value condition="String.StartsWith(Container.Folderpath,videodb://movies) + Container.Content(countries)">videodb://movies/countries/$INFO[ListItem.DBID]/</value>
	<value condition="String.StartsWith(Container.Folderpath,videodb://movies) + Container.Content(years)">videodb://movies/years/$INFO[ListItem.Label]/</value>
	<value condition="String.StartsWith(Container.Folderpath,videodb://tvshows/titles/)">videodb://tvshows/titles/$INFO[ListItem.DBID]/</value>
	<value condition="String.StartsWith(Container.Folderpath,videodb://tvshows) + Container.Content(genres)">videodb://tvshows/genres/$INFO[ListItem.DBID]/</value>
	<value condition="String.StartsWith(Container.Folderpath,videodb://tvshows) + Container.Content(actors)">videodb://tvshows/actors/$INFO[ListItem.DBID]/</value>
	<value condition="String.StartsWith(Container.Folderpath,videodb://tvshows) + Container.Content(studios)">videodb://tvshows/studios/$INFO[ListItem.DBID]/</value>
	<value condition="String.StartsWith(Container.Folderpath,videodb://tvshows) + Container.Content(years)">videodb://tvshows/years/$INFO[ListItem.Label]/</value>
	<value condition="Window.IsVisible(music) + Container.Content(albums) + String.StartsWith(Container.Folderpath,musicdb://albums/)">musicdb://albums/$INFO[ListItem.DBID]/</value>
	<value condition="Window.IsVisible(music) + Container.Content(years)">musicdb://years/$INFO[ListItem.Label]/</value>
	<value condition="Window.IsVisible(music) + Container.Content(artists) + String.StartsWith(Container.Folderpath,musicdb://artists/)">musicdb://artists/$INFO[ListItem.DBID]/</value>
	<value condition="Window.IsVisible(music) + Container.Content(genres)">musicdb://genres/$INFO[ListItem.DBID]/</value>
-->	
					
			<!-- viewtype -->
			<control type="radiobutton" id="387">
				<width>90</width>
				<height>80</height>
				<align>center</align>
				<aligny>center</aligny>
				<texturefocus border="1" colordiffuse="button_focus">buttons/button-fo.png</texturefocus>
				<texturenofocus border="1">buttons/button-nofo.png</texturenofocus>
				<font>font10</font>
				<textureradioonfocus colordiffuse="D0FFFFFF"></textureradioonfocus>
				<textureradioonnofocus colordiffuse="D0FFFFFF"></textureradioonnofocus>
				<textureradioofffocus colordiffuse="D0FFFFFF"></textureradioofffocus>
				<textureradiooffnofocus colordiffuse="D0FFFFFF"></textureradiooffnofocus>
				<textureradiooffdisabled colordiffuse="disabled"></textureradiooffdisabled>
				<textureradioondisabled colordiffuse="disabled"></textureradioondisabled>
				<label>View</label>
				<onclick>SendClick(2)</onclick>
				<onclick>Control.SetFocus(50,2,absolute)</onclick>
				<animation effect="fade" start="100" end="0" time="300" delay="300">Hidden</animation>
			</control>
			
			<!-- SortOrder -->
			<control type="radiobutton" id="380">
				<width>160</width>
				<height>80</height>
				<align>center</align>
				<aligny>center</aligny>
				<texturefocus border="1" colordiffuse="button_focus">buttons/button-fo.png</texturefocus>
				<texturenofocus border="1">buttons/button-nofo.png</texturenofocus>
				<font>font10</font>
				<textureradioonfocus colordiffuse="D0FFFFFF"></textureradioonfocus>
				<textureradioonnofocus colordiffuse="D0FFFFFF"></textureradioonnofocus>
				<textureradioofffocus colordiffuse="D0FFFFFF"></textureradioofffocus>
				<textureradiooffnofocus colordiffuse="D0FFFFFF"></textureradiooffnofocus>
				<textureradiooffdisabled colordiffuse="disabled"></textureradiooffdisabled>
				<textureradioondisabled colordiffuse="disabled"></textureradioondisabled>
				<label>[COLOR grey][B]$INFO[Container.SortOrder][/B]:[/COLOR]</label>
				<onclick>SendClick(4)</onclick>
				<onclick>Control.SetFocus(50,2,absolute)</onclick>
				<animation effect="fade" start="100" end="0" time="300" delay="300">Hidden</animation>
			</control>
			<!-- SortMethod -->
			<control type="radiobutton" id="381">
				<width>160</width>
				<height>80</height>
				<align>center</align>
				<aligny>center</aligny>
				<texturefocus border="1" colordiffuse="button_focus">buttons/button-fo.png</texturefocus>
				<texturenofocus border="1">buttons/button-nofo.png</texturenofocus>
				<font>font10</font>
				<textureradioonfocus colordiffuse="D0FFFFFF"></textureradioonfocus>
				<textureradioonnofocus colordiffuse="D0FFFFFF"></textureradioonnofocus>
				<textureradioofffocus colordiffuse="D0FFFFFF"></textureradioofffocus>
				<textureradiooffnofocus colordiffuse="D0FFFFFF"></textureradiooffnofocus>
				<textureradiooffdisabled colordiffuse="disabled"></textureradiooffdisabled>
				<textureradioondisabled colordiffuse="disabled"></textureradioondisabled>
				<label>[COLOR gold][B]$INFO[Container.SortMethod][/B][/COLOR]</label>
				<onclick>SendClick(3)</onclick>
				<onclick>Control.SetFocus(50,2,absolute)</onclick>
				<animation effect="fade" start="100" end="0" time="300" delay="300">Hidden</animation>
			</control>
			<!-- search -->
			<control type="radiobutton" id="382">
				<width>100</width>
				<height>80</height>
				<align>center</align>
				<aligny>center</aligny>
				<texturefocus border="1" colordiffuse="button_focus">buttons/button-fo.png</texturefocus>
				<texturenofocus border="1">buttons/button-nofo.png</texturenofocus>
				<font>font10</font>
				<textureradioonfocus colordiffuse="D0FFFFFF"></textureradioonfocus>
				<textureradioonnofocus colordiffuse="D0FFFFFF"></textureradioonnofocus>
				<textureradioofffocus colordiffuse="D0FFFFFF"></textureradioofffocus>
				<textureradiooffnofocus colordiffuse="D0FFFFFF"></textureradiooffnofocus>
				<label>Search</label>
				<onclick>SendClick(8)</onclick>
				<animation effect="fade" start="100" end="0" time="300" delay="300">Hidden</animation>
			</control>
			<!-- info -->
			<!--
			<control type="radiobutton" id="383">
				<width>100</width>
				<height>80</height>
				<align>center</align>
				<aligny>center</aligny>
				<texturefocus border="1" colordiffuse="button_focus">buttons/button-fo.png</texturefocus>
				<texturenofocus border="1">buttons/button-nofo.png</texturenofocus>
				<font>font10</font>
				<textureradioonfocus colordiffuse="D0FFFFFF"></textureradioonfocus>
				<textureradioonnofocus colordiffuse="D0FFFFFF"></textureradioonnofocus>
				<textureradioofffocus colordiffuse="D0FFFFFF"></textureradioofffocus>
				<textureradiooffnofocus colordiffuse="D0FFFFFF"></textureradiooffnofocus>
				<label>Info</label>
				<onclick>Dialog.Close(1159,true)</onclick>
                <onclick>SetFocus(50)</onclick>
                <onclick>Action(info)</onclick>
				<visible>!String.IsEmpty(ListItem.Plot)</visible>
				<animation effect="fade" start="100" end="0" time="300" delay="300">Hidden</animation>
			</control>
            -->
			<!-- extendedinfo -->
			<control type="radiobutton" id="384">
				<width>100</width>
				<height>80</height>
				<align>center</align>
				<aligny>center</aligny>
				<texturefocus border="1" colordiffuse="button_focus">buttons/button-fo.png</texturefocus>
				<texturenofocus border="1">buttons/button-nofo.png</texturenofocus>
				<font>font10</font>
				<textureradioonfocus colordiffuse="D0FFFFFF"></textureradioonfocus>
				<textureradioonnofocus colordiffuse="D0FFFFFF"></textureradioonnofocus>
				<textureradioofffocus colordiffuse="D0FFFFFF"></textureradioofffocus>
				<textureradiooffnofocus colordiffuse="D0FFFFFF"></textureradiooffnofocus>
				<label>Extra</label>
			    <onclick>Notification(Info,Extended Info...,,$INFO[ListItem.Icon])</onclick>
			    <onclick>RunScript(script.extendedinfo,info=extendedinfo,name=$INFO[ListItem.Title])</onclick>
				<visible>System.hasAddon(script.extendedinfo) + [String.IsEqual(ListItem.DbType,movie) | String.IsEqual(ListItem.DbType,tvshow) | String.IsEqual(ListItem.DbType,season) | String.IsEqual(ListItem.DbType,episode)]</visible>
				<animation effect="fade" start="100" end="0" time="300" delay="300">Hidden</animation>
			</control>				
			<!-- Set -->
			<control type="radiobutton" id="385">
				<width>100</width>
				<height>80</height>
				<align>center</align>
				<aligny>center</aligny>
				<texturefocus border="1" colordiffuse="button_focus">buttons/button-fo.png</texturefocus>
				<texturenofocus border="1">buttons/button-nofo.png</texturenofocus>
				<font>font10</font>
				<textureradioonfocus colordiffuse="D0FFFFFF"></textureradioonfocus>
				<textureradioonnofocus colordiffuse="D0FFFFFF"></textureradioonnofocus>
				<textureradioofffocus colordiffuse="D0FFFFFF"></textureradioofffocus>
				<textureradiooffnofocus colordiffuse="D0FFFFFF"></textureradiooffnofocus>
				<label>$INFO[ListItem.Set]</label>
				<onclick>ActivateWindow(Videos,videodb://movies/sets/$INFO[ListItem.SetID]/,return)</onclick>
				<visible>!String.IsEmpty(ListItem.SetID)</visible>
				<animation effect="fade" start="100" end="0" time="300" delay="300">Hidden</animation>
			</control>
			<!-- Trailer 11 -->
			<control type="radiobutton" id="386">
				<width>100</width>
				<height>80</height>
				<align>center</align>
				<aligny>center</aligny>
				<texturefocus border="1" colordiffuse="button_focus">buttons/button-fo.png</texturefocus>
				<texturenofocus border="1">buttons/button-nofo.png</texturenofocus>
				<font>font10</font>
				<textureradioonfocus colordiffuse="D0FFFFFF"></textureradioonfocus>
				<textureradioonnofocus colordiffuse="D0FFFFFF"></textureradioonnofocus>
				<textureradioofffocus colordiffuse="D0FFFFFF"></textureradioofffocus>
				<textureradiooffnofocus colordiffuse="D0FFFFFF"></textureradiooffnofocus>
				<label>$LOCALIZE[20410]</label>
				<onclick>PlayMedia($INFO[ListItem.trailer],1)</onclick>
				<visible>!String.IsEmpty(ListItem.Trailer) | !String.IsEmpty(ListItem.Trailer) + ![String.StartsWith(Container.FolderPath,plugin://) + String.Contains(Container.FolderPath,trailer)]</visible>
				<animation effect="fade" start="100" end="0" time="300" delay="300">Hidden</animation>
			</control>		
			<!-- director 13   20339 -->
			<!--
			<control type="radiobutton" id="387">
				<width>100</width>
				<height>80</height>
				<align>center</align>
				<aligny>center</aligny>
				<texturefocus border="1" colordiffuse="button_focus">buttons/button-fo.png</texturefocus>
				<texturenofocus border="1">buttons/button-nofo.png</texturenofocus>
				<font>font10</font>
				<textureradioonfocus colordiffuse="D0FFFFFF">icons/infodialogs/director.png</textureradioonfocus>
				<textureradioonnofocus colordiffuse="D0FFFFFF"></textureradioonnofocus>
				<textureradioofffocus colordiffuse="D0FFFFFF"></textureradioofffocus>
				<textureradiooffnofocus colordiffuse="D0FFFFFF"></textureradiooffnofocus>
				<textureradiooffdisabled colordiffuse="disabled"></textureradiooffdisabled>
				<textureradioondisabled colordiffuse="disabled"></textureradioondisabled>
				<label>$LOCALIZE[31123]</label>
			    <onclick>Notification(Director,Searching films...,,$INFO[ListItem.Icon])</onclick>
			    <onclick>RunScript(script.extendedinfo,info=extendedinfo,director=$INFO[ListItem.Director])</onclick>
				<visible>!String.IsEmpty(ListItem.Director)</visible>
				<animation effect="fade" start="100" end="0" time="300" delay="300">Hidden</animation>
			</control>	
	        -->	
			<!-- DB Editor -->
			<!--
			<control type="radiobutton" id="291">
				<width>100</width>
				<height>80</height>
				<align>center</align>
				<aligny>center</aligny>
				<texturefocus border="1" colordiffuse="button_focus">buttons/button-fo.png</texturefocus>
				<texturenofocus border="1">buttons/button-nofo.png</texturenofocus>
				<font>font10</font>
				<textureradioonfocus colordiffuse="D0FFFFFF">icons/infodialogs/director.png</textureradioonfocus>
				<textureradioonnofocus colordiffuse="D0FFFFFF"></textureradioonnofocus>
				<textureradioofffocus colordiffuse="D0FFFFFF"></textureradioofffocus>
				<textureradiooffnofocus colordiffuse="D0FFFFFF"></textureradiooffnofocus>
				<textureradiooffdisabled colordiffuse="disabled"></textureradiooffdisabled>
				<textureradioondisabled colordiffuse="disabled"></textureradioondisabled>
                <label>DB Editor</label>
                <onclick>RunScript(script.libraryeditor,DBID=$INFO[ListItem.DBID])</onclick>
                <visible>System.HasAddon(script.libraryeditor)</visible>
                <visible>System.HasAddon(script.libraryeditor) + [Container.Content(Movies) | Container.Content(episodes)]</visible>
				<animation effect="fade" start="100" end="0" time="300" delay="300">Hidden</animation>
			</control>	
	        -->	
			<!-- Switch to file mode  -->
			<!--
			<control type="radiobutton" id="381">
				<width>160</width>
				<height>80</height>
				<align>center</align>
				<aligny>center</aligny>
				<texturefocus border="1" colordiffuse="button_focus">buttons/button-fo.png</texturefocus>
				<texturenofocus border="1">buttons/button-nofo.png</texturenofocus>
				<font>font10</font>
				<textureradioonfocus colordiffuse="D0FFFFFF"></textureradioonfocus>
				<textureradioonnofocus colordiffuse="D0FFFFFF"></textureradioonnofocus>
				<textureradioofffocus colordiffuse="D0FFFFFF"></textureradioofffocus>
				<textureradiooffnofocus colordiffuse="D0FFFFFF"></textureradiooffnofocus>
				<textureradiooffdisabled colordiffuse="disabled"></textureradiooffdisabled>
				<textureradioondisabled colordiffuse="disabled"></textureradioondisabled>
				<label>File Mode</label>
				<onclick>SendClick(5)</onclick>
				<onclick>Control.SetFocus(50,2,absolute)</onclick>
				<animation effect="fade" start="100" end="0" time="300" delay="300">Hidden</animation>
			</control>	
			-->
			</control>

            <include content="TopBar">
                <param name="breadcrumbs_label" value="$VAR[BreadcrumbsVideoVar]" />
            </include>
            <include content="BottomBar">
                <param name="info_visible" value="true" />
            </include>
            <control type="group">
                <depth>DepthBars</depth>
                <bottom>0</bottom>
                <height>70</height>
                <animation effect="fade" start="0" end="100" time="300" delay="300">WindowOpen</animation>
                <animation effect="fade" start="100" end="0" time="200">WindowClose</animation>
                <include condition="!Skin.HasSetting(hide_mediaflags)">MediaFlagsNav</include>
            </control>
            <include>CommonScrollbars</include>
            <!-- scrollbar is 50600  in View_50_List.xml  -->
            <include>MediaMenuMouseOverlay</include>
            <control type="group">
                <include>MediaMenuCommon</include>
                <control type="grouplist" id="9000">
                    <top>50</top>
                    <include>MediaMenuListCommon</include>
                    <control type="button" id="10">
                        <description>Watched Toggle</description>
                        <include>MediaMenuItemsCommon</include>
                        <label>$LOCALIZE[20367]</label>
                        <label2>[B]$INFO[Container.NumItems][/B]</label2>
                        <visible>Container.Content(movies) | Container.Content(sets) | Container.Content(tvshows) | Container.content(seasons) | Container.Content(episodes)</visible>
                    </control>
                    <control type="label" id="203">
                        <include>MediaMenuLabelCommon</include>
                        <label>$LOCALIZE[31020]</label>
                    </control>
                    <control type="radiobutton" id="16">
                        <description>PartyMode</description>
                        <label>$LOCALIZE[589]</label>
                        <include>MediaMenuItemsCommon</include>
                        <visible>Container.Content(MusicVideos)</visible>
                    </control>
                    <control type="radiobutton" id="11">
                        <description>Unlock Shares</description>
                        <include>MediaMenuItemsCommon</include>
                        <label>$LOCALIZE[20336]</label>
                        <onclick>mastermode</onclick>
                        <selected>system.ismaster</selected>
                        <visible>system.haslocks</visible>
                    </control>
                    <control type="togglebutton" id="619">
                        <description>Update library</description>
                        <include>MediaMenuItemsCommon</include>
                        <label>$LOCALIZE[653]</label>
                        <onclick>UpdateLibrary(video)</onclick>
                        <visible>!Container.Content(addons)+ String.IsEmpty(Container.PluginName)</visible>
                        <altlabel>$LOCALIZE[13353]</altlabel>
                        <usealttexture>library.isscanningvideo</usealttexture>
                    </control>
                    <control type="button" id="612">
                        <description>Go to playlist</description>
                        <include>MediaMenuItemsCommon</include>
                        <label>$LOCALIZE[31056]</label>
                        <onclick>ActivateWindow(videoplaylist)</onclick>
                        <visible>Integer.IsGreater(Playlist.Length(video),0)</visible>
                    </control>
                    <control type="button" id="621">
                        <description>Get more</description>
                        <include>MediaMenuItemsCommon</include>
                        <label>$LOCALIZE[21452]</label>
                        <onclick>ActivateWindow(addonbrowser,addons://more/video/,return)</onclick>
                        <visible>Container.Content(addons)</visible>
                    </control>
                    <control type="button" id="622">
                        <include>MediaMenuItemsCommon</include>
                        <label>$LOCALIZE[31117]</label>
                        <onclick condition="System.HasAddon(plugin.library.node.editor)">ActivateWindow(programs,plugin://plugin.library.node.editor/?ltype=video,return)</onclick>
                        <onclick condition="!System.HasAddon(plugin.library.node.editor)">InstallAddon(plugin.library.node.editor)</onclick>
                        <visible>Container.Content() + String.IsEmpty(Container.PluginName)</visible>
                    </control>
                    <control type="button" id="623">
                        <include>MediaMenuItemsCommon</include>
                        <label>$LOCALIZE[31009]</label>
                        <onclick>InstallAddon(resource.images.studios.white)</onclick>
                        <visible>Container.Content(studios) + !System.HasAddon(resource.images.studios.white)</visible>
                    </control>
                    <control type="button" id="624">
                        <include>MediaMenuItemsCommon</include>
                        <label>$LOCALIZE[10140]</label>
                        <onclick>Addon.OpenSettings($INFO[Container.PluginName])</onclick>
                        <visible>!String.IsEmpty(Container.PluginName)</visible>
                    </control>
                    <include>MediaMenuNowPlaying</include>
                </control>
                        
            </control>

        </control>
    </controls>
</window>


