<?xml version="1.0" encoding="UTF-8" standalone="yes"?>
<!--RSS feeds. To have multiple feeds, just add a feed to the set. You can also have multiple sets -->
<!--To use different sets in your skin, each must be called from skin with a unique id -->
<rssfeeds>
  <set id="1">
    <feed updateinterval="30">http://rarbg.to/rssdd.php?categories=14</feed>
    <feed updateinterval="30">http://rarbg.to/rssdd.php?categories=18</feed>
    <feed updateinterval="30">http://rss.cnn.com/rss/cnn_latest.rss</feed>
    <!--<feed updateinterval="30">http://www.scnsrc.me/category/films/feed/</feed>
    <feed updateinterval="30">http://www.cbsnews.com/feeds/rss/main.rss</feed>
    <feed updateinterval="30">http://rss.cnn.com/rss/cnn_showbiz.rss</feed>
    <feed updateinterval="30">http://feeds.kodi.tv/xbmc</feed>-->
  </set>
</rssfeeds>
