<?xml version="1.0" encoding="UTF-8" standalone="yes"?>
<addon id="plugin.program.xyzwizard" name="XYZ Maintenance" version="0.0.1" provider-name="¯\_(-_-)_/¯, Andy">
    <requires>
        <!-- 4.42 is api 19 and most need 25 -->
        <!-- Krypton 17 and up -->
        <!--<import addon="xbmc.python" version="2.25.0" />-->
        <import addon="xbmc.python" version="2.1.0" />
    </requires>
    <!--
    <extension point="xbmc.python.script" library="default.py">
        <provides>executable video</provides>
    </extension>
    -->
    <extension point="xbmc.python.pluginsource" library="default.py">
      <provides>executable</provides>
    </extension>
    <extension point="xbmc.service" library="startup.py" start="startup" />
    <!--
    <extension point="xbmc.addon.repository" name="XYZ Maintenance">
           <info compressed="false">https://raw.githubusercontent.com/thismustbetheplace/_wizard/master/_repo/_zips/addons.xml</info>
           <checksum>https://raw.githubusercontent.com/thismustbetheplace/_wizard/master/_repo/_zips/addons.xml.md5</checksum>
           <datadir zip="true">https://raw.githubusercontent.com/thismustbetheplace/_wizard/master/_repo/_zips/</datadir>
    </extension>
    -->
        <extension point="xbmc.addon.repository" name="XYZ Maintenance">
            <info compressed="true">https://raw.githubusercontent.com/thismustbetheplace/_wizard/master/_repo/_zips/addons.xml</info>
            <checksum>https://raw.githubusercontent.com/thismustbetheplace/_wizard/master/_repo/_zips/addons.xml.md5</checksum>
            <datadir zip="true">https://raw.githubusercontent.com/thismustbetheplace/_wizard/master/_repo/_zips/</datadir>
            <hashes>true</hashes>
            
         <dir minversion="15.0.0">
            <info compressed="true">https://raw.githubusercontent.com/thismustbetheplace/_wizard/master/_repo/_zips/addons.xml</info>
            <checksum>https://raw.githubusercontent.com/thismustbetheplace/_wizard/master/_repo/_zips/addons.xml.md5</checksum>
            <datadir zip="true">https://raw.githubusercontent.com/thismustbetheplace/_wizard/master/_repo/_zips/</datadir>
            <hashes>true</hashes>
         </dir>
         <dir minversion="16.0.0">
            <info compressed="true">https://raw.githubusercontent.com/thismustbetheplace/_wizard/master/_repo/_zips/addons.xml</info>
            <checksum>https://raw.githubusercontent.com/thismustbetheplace/_wizard/master/_repo/_zips/addons.xml.md5</checksum>
            <datadir zip="true">https://raw.githubusercontent.com/thismustbetheplace/_wizard/master/_repo/_zips/</datadir>
            <hashes>true</hashes>
         </dir>
         <dir minversion="17.0.0">
            <info compressed="true">https://raw.githubusercontent.com/thismustbetheplace/_wizard/master/_repo/_zips/addons.xml</info>
            <checksum>https://raw.githubusercontent.com/thismustbetheplace/_wizard/master/_repo/_zips/addons.xml.md5</checksum>
            <datadir zip="true">https://raw.githubusercontent.com/thismustbetheplace/_wizard/master/_repo/_zips/</datadir>
            <hashes>true</hashes>
         </dir>
         <dir minversion="18.0.0">
            <info compressed="true">https://raw.githubusercontent.com/thismustbetheplace/_wizard/master/_repo/_zips/addons.xml</info>
            <checksum>https://raw.githubusercontent.com/thismustbetheplace/_wizard/master/_repo/_zips/addons.xml.md5</checksum>
            <datadir zip="true">https://raw.githubusercontent.com/thismustbetheplace/_wizard/master/_repo/_zips/</datadir>
            <hashes>true</hashes>
         </dir>
            
        </extension>



    <!--
    <extension point="kodi.context.item">
      <menu id="kodi.core.main">
        <item library="addon.py">
          <label>IPTV Guide</label>
          <visible>true</visible>
        </item>
        <item library="resources/lib/window.py">
          <label>VOD</label>
          <visible>true</visible>
        </item>
        <item library="resources/lib/skin_context.py">
           <label>Trakt Options</label>
           <visible>StringCompare(ListItem.dbtype,movie) | StringCompare(ListItem.dbtype,tvshow) | StringCompare(ListItem.dbtype,season) | StringCompare(ListItem.dbtype,episode)</visible>
        </item>
      </menu>
    </extension>
    -->
    <!--
    <extension point="kodi.context.item" library="addon.py">
      <item>
        <label>32000</label>
        <visible>StringCompare(ListItem.dbtype,movie) | StringCompare(ListItem.dbtype,tvshow) | StringCompare(ListItem.dbtype,season) | StringCompare(ListItem.dbtype,episode)</visible>
      </item>
    </extension>
    -->
    <extension point="xbmc.addon.metadata">
        <summary lang="en">[COLOR orange]XYZ[/COLOR] allows you to install addons, apks and perform basic maintenance like deleting system files the decrease performance over time.</summary>
        <description lang="en">[COLOR orange]XYZ[/COLOR] Wizard and Maintenance</description>
        <disclaimer lang="en">Kodi 17 Krypton compatible KEEP OFF OF YOUTUBE Kodi is a registered trademark of the XBMC Foundation. We are not connected to or in any other way affiliated with Kodi, Team Kodi, or the XBMC Foundation. Furthermore, any software, addons, or products offered by us will receive no support in official Kodi channels, including the Kodi forums and various social networks.</disclaimer>
        <forum>http://forum.kodi.tv/showthread.php?tid=282157</forum>
        <source>https://raw.githubusercontent.com/thismustbetheplace/_repo/master/_zips/plugin.program.xyzwizard</source>
        <language>en</language>
        <platform>all</platform>
        <license>GPLv2</license>
        <website>https://raw.githubusercontent.com/thismustbetheplace/_repo/master/_zips/</website>
        <email></email>
        <news>Changes: Install Kodi addons.  Based on aftermathwizard.net v0.1.7a</news>
        <assets>
            <icon>icon.png</icon>
            <fanart>fanart.jpg</fanart>
            <screenshot>resources/media/screenshot-01.png</screenshot>
            <screenshot>resources/media/screenshot-02.png</screenshot>
            <screenshot>resources/media/screenshot-03.png</screenshot>
        </assets>
    </extension>
    
</addon>