<?xml version="1.0" encoding="UTF-8"?>
<!-- EDIT py -->
<window>
    <coordinates>
        <posx>0</posx>
        <posy>0</posy>
        <!--<left>423</left>
        <top>107</top>-->
    </coordinates>
    <controls>
    <!--
        <control type="image">
            <description>Background Image</description>
            <left>0</left>
            <top>0</top>
            <width>1280</width>
            <height>720</height>
            <texture>SetSettings/black.png</texture>
        </control>
        -->
            <!-- close -->
            <control type="button">
            <description>Background Image</description>
                <texturefocus>SetSettings/black.png</texturefocus>
                <texturenofocus>SetSettings/black.png</texturenofocus>
                <posx>0</posx>
                <posy>0</posy>
                <height>720</height>
                <width>1280</width>
                <onclick>back</onclick>
            </control>
        
        <control type="group">
            <posx>40</posx>
            <posy>40</posy>
            <control type="image">
                <description>Background Image</description>
                <posx>0</posx>
                <posy>0</posy>
                <width>433</width>
                <height>510</height>
                <texture border="2">SetSettings/loguploader-dialog-bg.png</texture>
            </control>
            <control type="image">
                <description>Dialog Header image</description>
                <posx>0</posx>
                <posy>0</posy>
                <width>433</width>
                <height>33</height>
                <texture colordiffuse="steelblue" border="2">SetSettings/loguploader-white.png</texture>
            </control>
            <control type="label" id="101">
                <label></label>
                <description>header label</description>
                <posx>0</posx>
                <posy>0</posy>
                <width>433</width>
                <height>33</height>
                <font>font13</font>
                <align>center</align>
                <aligny>center</aligny>
                <shadowcolor>FF000000</shadowcolor>
            </control>
            <!--<control type="textbox" id="102">-->
            <control type="textbox">
                <left>13</left>
                <!--<top>460</top>-->
                <top>95</top>
                <width>407</width>
                <height>25</height>
                <font>font10</font>
                <align>center</align>
                <aligny>center</aligny>
                <label>[COLOR=orange]Choose the subsection or setting you want to install[/COLOR]</label>
            </control>
            <control type="image">
                <description>skin logo</description>
                <left>1020</left>
                <top>-20</top>
                <width>90</width>
                <height>90</height>
                <texture>special://home/addons/$INFO[Window(1100).Property(skin_addon)]/resources/media/icon.png</texture>
                <visible>true</visible>
            </control>
            <control type="image">
                <description>tvgfs logo</description>
                <left>1120</left>
                <top>-20</top>
                <width>90</width>
                <height>90</height>
                <texture>special://home/addons/script.tvguide.fullscreen/icon.png</texture>
                <visible>true</visible>
            </control>
            <control type="image">
                <description>screenshot</description>
                <left>450</left>
                <top>-20</top>
                <width>180</width>
                <height>100</height>
                <texture>special://home/addons/$INFO[Window(1100).Property(skin_addon)]/resources/media/screenshot-01.png</texture>
                <visible>true</visible>
            </control>
            <control type="image">
                <description>screenshot</description>
                <left>660</left>
                <top>-20</top>
                <width>180</width>
                <height>100</height>
                <texture>special://home/addons/$INFO[Window(1100).Property(skin_addon)]/resources/media/screenshot-02.png</texture>
                <visible>true</visible>
            </control>
            <control type="image">
                <description>screenshot</description>
                <left>870</left>
                <top>-20</top>
                <width>180</width>
                <height>100</height>
                <texture>special://home/addons/$INFO[Window(1100).Property(skin_addon)]/resources/media/screenshot-03.png</texture>
                <visible>false</visible>
            </control>
            <!--
            <control type="image">
                <description>screenshot</description>
                <left>450</left>
                <top>-25</top>
                <width>220</width>
                <height>115</height>
                <texture>special://home/addons/$INFO[Window(1100).Property(skin_addon)]/resources/media/screenshot-01.png</texture>
            </control>
            <control type="image">
                <description>screenshot</description>
                <left>700</left>
                <top>-25</top>
                <width>220</width>
                <height>115</height>
                <texture>special://home/addons/$INFO[Window(1100).Property(skin_addon)]/resources/media/screenshot-02.png</texture>
            </control>
            <control type="image">
                <description>screenshot</description>
                <left>950</left>
                <top>-25</top>
                <width>220</width>
                <height>115</height>
                <texture>special://home/addons/$INFO[Window(1100).Property(skin_addon)]/resources/media/screenshot-03.png</texture>
            </control>
            -->
            <control type="textbox">
                <left>450</left>
                <top>92</top>
                <width>807</width>
                <height>32</height>
                <font>font13</font>
                <align>left</align>
                <aligny>center</aligny>
                <label>$INFO[System.AddonTitle($INFO[Window(1100).Property(skin_addon)])]  $INFO[System.AddonVersion($INFO[Window(1100).Property(skin_addon)])]</label>
            </control>
            <control type="textbox">
            <left>13</left>
            <top>515</top>
                <width>412</width>
                <height>32</height>
                <font>font13</font>
                <align>left</align>
                <aligny>center</aligny>
                <label>[COLOR=dimgrey]Currently set in TVGFS:[/COLOR]</label>
            </control>
            
            
        <!-- MAIN MENU BUTTONS -->
        <control type="grouplist" id="9001">
                <posx>0</posx>
                <posy>40</posy>
                <width>430</width>
                <height>52</height>
                <itemgap>2</itemgap>
                <orientation>horizontal</orientation>
            <!--Set settings continue -->
            <control type="button" id="201">
                <left>0</left>
                <top>0</top>
                <width>140</width>
                <height>50</height>
                <font>font13</font>
                <textcolor>FFF0F0F0</textcolor>
                <label>Continue</label>
                <align>center</align>
                <aligny>center</aligny>
                <onup>9000</onup>
                <ondown>9000</ondown>
                <onleft>202</onleft>
                <onright>202</onright>
                <texturefocus colordiffuse="FF12B2E7">SetSettings/testbuttonfo.png</texturefocus>
                <texturenofocus>SetSettings/testbuttonnf.png</texturenofocus>
            </control>
            <!-- Cancel -->
            <control type="button" id="202">
                <left>150</left>
                <top>0</top>
                <width>130</width>
                <height>50</height>
                <font>font13</font>
                <textcolor>FFF0F0F0</textcolor>
                <font>font13</font>
                <label>Cancel</label>
                <align>center</align>
                <aligny>center</aligny>
                <texturefocus colordiffuse="FF12B2E7">SetSettings/testbuttonfo.png</texturefocus>
                <texturenofocus>SetSettings/testbuttonnf.png</texturenofocus>
                <onleft>201</onleft>
                <onright>203</onright>
            </control>
            
            <!-- choose skin -->
            <control type="button" id="204">
                <left>290</left>
                <top>0</top>
                <width>140</width>
                <height>50</height>
                <font>font13</font>
                <textcolor>FFF0F0F0</textcolor>
                <label>Choose Skin</label>
                <align>center</align>
                <aligny>center</aligny>
                <texturefocus colordiffuse="FF12B2E7">SetSettings/testbuttonfo.png</texturefocus>
                <texturenofocus>SetSettings/testbuttonnf.png</texturenofocus>
                <onleft>202</onleft>
                <onright>501</onright>
            </control>
            
            <!-- Extras -->
            <control type="button" id="203">
                <left>290</left>
                <top>0</top>
                <width>140</width>
                <height>50</height>
                <font>font13</font>
                <textcolor>FFF0F0F0</textcolor>
                <label>Extras</label>
                <align>center</align>
                <aligny>center</aligny>
                <texturefocus colordiffuse="FF12B2E7">SetSettings/testbuttonfo.png</texturefocus>
                <texturenofocus>SetSettings/testbuttonnf.png</texturenofocus>
                <onleft>202</onleft>
                <onright>501</onright>
            </control>
            
            <!-- open skin settings -->
            <control type="button" id="205">
                <left>290</left>
                <top>0</top>
                <width>180</width>
                <height>50</height>
                <font>font13</font>
                <textcolor>FFF0F0F0</textcolor>
                <label>Skin Settings</label>
                <align>center</align>
                <aligny>center</aligny>
                <texturefocus colordiffuse="FF12B2E7">SetSettings/testbuttonfo.png</texturefocus>
                <texturenofocus>SetSettings/testbuttonnf.png</texturenofocus>
                <onleft>202</onleft>
                <onright>501</onright>
            </control>
            
            <!-- open tvgfs settings -->
            <control type="button" id="206">
                <left>290</left>
                <top>0</top>
                <width>180</width>
                <height>50</height>
                <font>font13</font>
                <textcolor>FFF0F0F0</textcolor>
                <label>TVGFS Settings</label>
                <align>center</align>
                <aligny>center</aligny>
                <texturefocus colordiffuse="FF12B2E7">SetSettings/testbuttonfo.png</texturefocus>
                <texturenofocus>SetSettings/testbuttonnf.png</texturenofocus>
                <onleft>202</onleft>
                <onright>501</onright>
            </control>
            
        </control>

        <!-- CHOICES -->
        <control type="grouplist" id="9000">
            <left>13</left>
            <top>125</top>
            <width>407</width>
            <height>457</height>
            <itemgap>-2</itemgap>
            <orientation>vertical</orientation>
            <onup>201</onup>
            <ondown>201</ondown>
            <onleft>201</onleft>
            <onright>201</onright>
            <control type="radiobutton" id="301">
                <width>380</width>
                <height>29</height>
                <textwidth>377</textwidth>
                <textoffsetx>7</textoffsetx>
                <radioheight>30</radioheight>
                <radioposx>335</radioposx>
                <label></label>
                <font>font13</font>
                <texturefocus colordiffuse="FF12B2E7">SetSettings/menuitemfo.png</texturefocus>
                <texturenofocus>SetSettings/menuitemnf.png</texturenofocus>
                <textureradioonfocus colordiffuse="FF12B2E7">SetSettings/radiobutton-focus.png</textureradioonfocus>
                <textureradioonnofocus colordiffuse="FF12B2E7">SetSettings/radiobutton-focus.png</textureradioonnofocus>
                <textureradioofffocus colordiffuse="FF12B2E7">SetSettings/radiobutton-focus.png</textureradioofffocus>
                <textureradiooffnofocus>SetSettings/radiobutton-nofocus.png</textureradiooffnofocus>
            </control>
            <control type="radiobutton" id="302">
                <width>380</width>
                <height>29</height>
                <textwidth>377</textwidth>
                <textoffsetx>7</textoffsetx>
                <radioheight>30</radioheight>
                <radioposx>335</radioposx>
                <label></label>
                <font>font13</font>
                <texturefocus colordiffuse="FF12B2E7">SetSettings/menuitemfo.png</texturefocus>
                <texturenofocus>SetSettings/menuitemnf.png</texturenofocus>
                <textureradioonfocus colordiffuse="FF12B2E7">SetSettings/radiobutton-focus.png</textureradioonfocus>
                <textureradioonnofocus colordiffuse="FF12B2E7">SetSettings/radiobutton-focus.png</textureradioonnofocus>
                <textureradioofffocus colordiffuse="FF12B2E7">SetSettings/radiobutton-focus.png</textureradioofffocus>
                <textureradiooffnofocus>SetSettings/radiobutton-nofocus.png</textureradiooffnofocus>
            </control>
            <control type="radiobutton" id="303">
                <width>380</width>
                <height>29</height>
                <textwidth>377</textwidth>
                <textoffsetx>7</textoffsetx>
                <radioheight>30</radioheight>
                <radioposx>335</radioposx>
                <label></label>
                <font>font13</font>
                <texturefocus colordiffuse="FF12B2E7">SetSettings/menuitemfo.png</texturefocus>
                <texturenofocus>SetSettings/menuitemnf.png</texturenofocus>
                <textureradioonfocus colordiffuse="FF12B2E7">SetSettings/radiobutton-focus.png</textureradioonfocus>
                <textureradioonnofocus colordiffuse="FF12B2E7">SetSettings/radiobutton-focus.png</textureradioonnofocus>
                <textureradioofffocus colordiffuse="FF12B2E7">SetSettings/radiobutton-focus.png</textureradioofffocus>
                <textureradiooffnofocus>SetSettings/radiobutton-nofocus.png</textureradiooffnofocus>
            </control>
            <control type="radiobutton" id="304">
                <width>380</width>
                <height>29</height>
                <textwidth>377</textwidth>
                <textoffsetx>7</textoffsetx>
                <radioheight>30</radioheight>
                <radioposx>335</radioposx>
                <label></label>
                <font>font13</font>
                <texturefocus colordiffuse="FF12B2E7">SetSettings/menuitemfo.png</texturefocus>
                <texturenofocus>SetSettings/menuitemnf.png</texturenofocus>
                <textureradioonfocus colordiffuse="FF12B2E7">SetSettings/radiobutton-focus.png</textureradioonfocus>
                <textureradioonnofocus colordiffuse="FF12B2E7">SetSettings/radiobutton-focus.png</textureradioonnofocus>
                <textureradioofffocus colordiffuse="FF12B2E7">SetSettings/radiobutton-focus.png</textureradioofffocus>
                <textureradiooffnofocus>SetSettings/radiobutton-nofocus.png</textureradiooffnofocus>
            </control>
            <control type="radiobutton" id="305">
                <width>380</width>
                <height>29</height>
                <textwidth>377</textwidth>
                <textoffsetx>7</textoffsetx>
                <radioheight>30</radioheight>
                <radioposx>335</radioposx>
                <label></label>
                <font>font13</font>
                <texturefocus colordiffuse="FF12B2E7">SetSettings/menuitemfo.png</texturefocus>
                <texturenofocus>SetSettings/menuitemnf.png</texturenofocus>
                <textureradioonfocus colordiffuse="FF12B2E7">SetSettings/radiobutton-focus.png</textureradioonfocus>
                <textureradioonnofocus colordiffuse="FF12B2E7">SetSettings/radiobutton-focus.png</textureradioonnofocus>
                <textureradioofffocus colordiffuse="FF12B2E7">SetSettings/radiobutton-focus.png</textureradioofffocus>
                <textureradiooffnofocus>SetSettings/radiobutton-nofocus.png</textureradiooffnofocus>
            </control>
            <control type="radiobutton" id="306">
                <width>380</width>
                <height>29</height>
                <textwidth>377</textwidth>
                <textoffsetx>7</textoffsetx>
                <radioheight>30</radioheight>
                <radioposx>335</radioposx>
                <label></label>
                <font>font13</font>
                <texturefocus colordiffuse="FF12B2E7">SetSettings/menuitemfo.png</texturefocus>
                <texturenofocus>SetSettings/menuitemnf.png</texturenofocus>
                <textureradioonfocus colordiffuse="FF12B2E7">SetSettings/radiobutton-focus.png</textureradioonfocus>
                <textureradioonnofocus colordiffuse="FF12B2E7">SetSettings/radiobutton-focus.png</textureradioonnofocus>
                <textureradioofffocus colordiffuse="FF12B2E7">SetSettings/radiobutton-focus.png</textureradioofffocus>
                <textureradiooffnofocus>SetSettings/radiobutton-nofocus.png</textureradiooffnofocus>
            </control>
            <control type="radiobutton" id="307">
                <width>380</width>
                <height>29</height>
                <textwidth>377</textwidth>
                <textoffsetx>7</textoffsetx>
                <radioheight>30</radioheight>
                <radioposx>335</radioposx>
                <label></label>
                <font>font13</font>
                <texturefocus colordiffuse="FF12B2E7">SetSettings/menuitemfo.png</texturefocus>
                <texturenofocus>SetSettings/menuitemnf.png</texturenofocus>
                <textureradioonfocus colordiffuse="FF12B2E7">SetSettings/radiobutton-focus.png</textureradioonfocus>
                <textureradioonnofocus colordiffuse="FF12B2E7">SetSettings/radiobutton-focus.png</textureradioonnofocus>
                <textureradioofffocus colordiffuse="FF12B2E7">SetSettings/radiobutton-focus.png</textureradioofffocus>
                <textureradiooffnofocus>SetSettings/radiobutton-nofocus.png</textureradiooffnofocus>
            </control>
            <control type="radiobutton" id="308">
                <width>380</width>
                <height>29</height>
                <textwidth>377</textwidth>
                <textoffsetx>7</textoffsetx>
                <radioheight>30</radioheight>
                <radioposx>335</radioposx>
                <label></label>
                <font>font13</font>
                <texturefocus colordiffuse="FF12B2E7">SetSettings/menuitemfo.png</texturefocus>
                <texturenofocus>SetSettings/menuitemnf.png</texturenofocus>
                <textureradioonfocus colordiffuse="FF12B2E7">SetSettings/radiobutton-focus.png</textureradioonfocus>
                <textureradioonnofocus colordiffuse="FF12B2E7">SetSettings/radiobutton-focus.png</textureradioonnofocus>
                <textureradioofffocus colordiffuse="FF12B2E7">SetSettings/radiobutton-focus.png</textureradioofffocus>
                <textureradiooffnofocus>SetSettings/radiobutton-nofocus.png</textureradiooffnofocus>
            </control>
            <control type="radiobutton" id="309">
                <width>380</width>
                <height>29</height>
                <textwidth>377</textwidth>
                <textoffsetx>7</textoffsetx>
                <radioheight>30</radioheight>
                <radioposx>335</radioposx>
                <label></label>
                <font>font13</font>
                <texturefocus colordiffuse="FF12B2E7">SetSettings/menuitemfo.png</texturefocus>
                <texturenofocus>SetSettings/menuitemnf.png</texturenofocus>
                <textureradioonfocus colordiffuse="FF12B2E7">SetSettings/radiobutton-focus.png</textureradioonfocus>
                <textureradioonnofocus colordiffuse="FF12B2E7">SetSettings/radiobutton-focus.png</textureradioonnofocus>
                <textureradioofffocus colordiffuse="FF12B2E7">SetSettings/radiobutton-focus.png</textureradioofffocus>
                <textureradiooffnofocus>SetSettings/radiobutton-nofocus.png</textureradiooffnofocus>
            </control>
            <control type="radiobutton" id="310">
                <width>380</width>
                <height>29</height>
                <textwidth>377</textwidth>
                <textoffsetx>7</textoffsetx>
                <radioheight>30</radioheight>
                <radioposx>335</radioposx>
                <label></label>
                <font>font13</font>
                <texturefocus colordiffuse="FF12B2E7">SetSettings/menuitemfo.png</texturefocus>
                <texturenofocus>SetSettings/menuitemnf.png</texturenofocus>
                <textureradioonfocus colordiffuse="FF12B2E7">SetSettings/radiobutton-focus.png</textureradioonfocus>
                <textureradioonnofocus colordiffuse="FF12B2E7">SetSettings/radiobutton-focus.png</textureradioonnofocus>
                <textureradioofffocus colordiffuse="FF12B2E7">SetSettings/radiobutton-focus.png</textureradioofffocus>
                <textureradiooffnofocus>SetSettings/radiobutton-nofocus.png</textureradiooffnofocus>
            </control>
            <control type="radiobutton" id="311">
                <width>380</width>
                <height>29</height>
                <textwidth>377</textwidth>
                <textoffsetx>7</textoffsetx>
                <radioheight>30</radioheight>
                <radioposx>335</radioposx>
                <label></label>
                <font>font13</font>
                <texturefocus colordiffuse="FF12B2E7">SetSettings/menuitemfo.png</texturefocus>
                <texturenofocus>SetSettings/menuitemnf.png</texturenofocus>
                <textureradioonfocus colordiffuse="FF12B2E7">SetSettings/radiobutton-focus.png</textureradioonfocus>
                <textureradioonnofocus colordiffuse="FF12B2E7">SetSettings/radiobutton-focus.png</textureradioonnofocus>
                <textureradioofffocus colordiffuse="FF12B2E7">SetSettings/radiobutton-focus.png</textureradioofffocus>
                <textureradiooffnofocus>SetSettings/radiobutton-nofocus.png</textureradiooffnofocus>
            </control>
            <control type="radiobutton" id="312">
                <width>380</width>
                <height>29</height>
                <textwidth>377</textwidth>
                <textoffsetx>7</textoffsetx>
                <radioheight>30</radioheight>
                <radioposx>335</radioposx>
                <label></label>
                <font>font13</font>
                <texturefocus colordiffuse="FF12B2E7">SetSettings/menuitemfo.png</texturefocus>
                <texturenofocus>SetSettings/menuitemnf.png</texturenofocus>
                <textureradioonfocus colordiffuse="FF12B2E7">SetSettings/radiobutton-focus.png</textureradioonfocus>
                <textureradioonnofocus colordiffuse="FF12B2E7">SetSettings/radiobutton-focus.png</textureradioonnofocus>
                <textureradioofffocus colordiffuse="FF12B2E7">SetSettings/radiobutton-focus.png</textureradioofffocus>
                <textureradiooffnofocus>SetSettings/radiobutton-nofocus.png</textureradiooffnofocus>
                <visible>true</visible>
            </control>
            <control type="radiobutton" id="313">
                <width>380</width>
                <height>29</height>
                <textwidth>377</textwidth>
                <textoffsetx>7</textoffsetx>
                <radioheight>30</radioheight>
                <radioposx>335</radioposx>
                <label></label>
                <font>font13</font>
                <texturefocus colordiffuse="FF12B2E7">SetSettings/menuitemfo.png</texturefocus>
                <texturenofocus>SetSettings/menuitemnf.png</texturenofocus>
                <textureradioonfocus colordiffuse="FF12B2E7">SetSettings/radiobutton-focus.png</textureradioonfocus>
                <textureradioonnofocus colordiffuse="FF12B2E7">SetSettings/radiobutton-focus.png</textureradioonnofocus>
                <textureradioofffocus colordiffuse="FF12B2E7">SetSettings/radiobutton-focus.png</textureradioofffocus>
                <textureradiooffnofocus>SetSettings/radiobutton-nofocus.png</textureradiooffnofocus>
                <visible>true</visible>
            </control>
            <control type="radiobutton" id="314">
                <width>380</width>
                <height>29</height>
                <textwidth>377</textwidth>
                <textoffsetx>7</textoffsetx>
                <radioheight>30</radioheight>
                <radioposx>335</radioposx>
                <label></label>
                <font>font13</font>
                <texturefocus colordiffuse="FF12B2E7">SetSettings/menuitemfo.png</texturefocus>
                <texturenofocus>SetSettings/menuitemnf.png</texturenofocus>
                <textureradioonfocus colordiffuse="FF12B2E7">SetSettings/radiobutton-focus.png</textureradioonfocus>
                <textureradioonnofocus colordiffuse="FF12B2E7">SetSettings/radiobutton-focus.png</textureradioonnofocus>
                <textureradioofffocus colordiffuse="FF12B2E7">SetSettings/radiobutton-focus.png</textureradioofffocus>
                <textureradiooffnofocus>SetSettings/radiobutton-nofocus.png</textureradiooffnofocus>
                <visible>true</visible>
            </control>
        </control>
        <!-- CHOICES HELP -->
        <control type="grouplist">
            <left>450</left>
            <top>125</top>
            <width>850</width>
            <height>457</height>
            <itemgap>-2</itemgap>
            <orientation>vertical</orientation>
            <control type="label" id="401">
                <label></label>
                <description>help label</description>
                <posx>0</posx>
                <posy>0</posy>
                <width>850</width>
                <height>29</height>
                <font>font10</font>
                <align>left</align>
                <aligny>center</aligny>
                <shadowcolor>FF000000</shadowcolor>
            </control>
            <control type="label" id="402">
                <label></label>
                <description>help label</description>
                <posx>0</posx>
                <posy>0</posy>
                <width>850</width>
                <height>29</height>
                <font>font10</font>
                <align>left</align>
                <aligny>center</aligny>
                <shadowcolor>FF000000</shadowcolor>
            </control>
            <control type="label" id="403">
                <label></label>
                <description>help label</description>
                <posx>0</posx>
                <posy>0</posy>
                <width>850</width>
                <height>29</height>
                <font>font10</font>
                <align>left</align>
                <aligny>center</aligny>
                <shadowcolor>FF000000</shadowcolor>
            </control>
            <control type="label" id="404">
                <label></label>
                <description>help label</description>
                <posx>0</posx>
                <posy>0</posy>
                <width>850</width>
                <height>29</height>
                <font>font10</font>
                <align>left</align>
                <aligny>center</aligny>
                <shadowcolor>FF000000</shadowcolor>
            </control>
            <control type="label" id="405">
                <label></label>
                <description>help label</description>
                <posx>0</posx>
                <posy>0</posy>
                <width>850</width>
                <height>29</height>
                <font>font10</font>
                <align>left</align>
                <aligny>center</aligny>
                <shadowcolor>FF000000</shadowcolor>
            </control>
            <control type="label" id="406">
                <label></label>
                <description>help label</description>
                <posx>0</posx>
                <posy>0</posy>
                <width>850</width>
                <height>29</height>
                <font>font10</font>
                <align>left</align>
                <aligny>center</aligny>
                <shadowcolor>FF000000</shadowcolor>
            </control>
            <control type="label" id="407">
                <label></label>
                <description>help label</description>
                <posx>0</posx>
                <posy>0</posy>
                <width>850</width>
                <height>29</height>
                <font>font10</font>
                <align>left</align>
                <aligny>center</aligny>
                <shadowcolor>FF000000</shadowcolor>
            </control>
            <control type="label" id="408">
                <label></label>
                <description>help label</description>
                <posx>0</posx>
                <posy>0</posy>
                <width>850</width>
                <height>29</height>
                <font>font10</font>
                <align>left</align>
                <aligny>center</aligny>
                <shadowcolor>FF000000</shadowcolor>
            </control>
            <control type="label" id="409">
                <label></label>
                <description>help label</description>
                <posx>0</posx>
                <posy>0</posy>
                <width>850</width>
                <height>29</height>
                <font>font10</font>
                <align>left</align>
                <aligny>center</aligny>
                <shadowcolor>FF000000</shadowcolor>
            </control>
            <control type="label" id="410">
                <label></label>
                <description>help label</description>
                <posx>0</posx>
                <posy>0</posy>
                <width>850</width>
                <height>29</height>
                <font>font10</font>
                <align>left</align>
                <aligny>center</aligny>
                <shadowcolor>FF000000</shadowcolor>
            </control>
            <control type="label" id="411">
                <label></label>
                <description>help label</description>
                <posx>0</posx>
                <posy>0</posy>
                <width>850</width>
                <height>29</height>
                <font>font10</font>
                <align>left</align>
                <aligny>center</aligny>
                <shadowcolor>FF000000</shadowcolor>
            </control>
            <control type="label" id="412">
                <label></label>
                <description>help label</description>
                <posx>0</posx>
                <posy>0</posy>
                <width>850</width>
                <height>29</height>
                <font>font10</font>
                <align>left</align>
                <aligny>center</aligny>
                <shadowcolor>FF000000</shadowcolor>
                <visible>true</visible>
            </control>
            <control type="label" id="413">
                <label></label>
                <description>help label</description>
                <posx>0</posx>
                <posy>0</posy>
                <width>850</width>
                <height>29</height>
                <font>font10</font>
                <align>left</align>
                <aligny>center</aligny>
                <shadowcolor>FF000000</shadowcolor>
                <visible>true</visible>
            </control>
            <control type="label" id="414">
                <label></label>
                <description>help label</description>
                <posx>0</posx>
                <posy>0</posy>
                <width>850</width>
                <height>29</height>
                <font>font10</font>
                <align>left</align>
                <aligny>center</aligny>
                <shadowcolor>FF000000</shadowcolor>
                <visible>true</visible>
            </control>
        </control>

        <!-- tvgfs current settings -->
        <control type="grouplist" id="9002">
            <left>13</left>
            <top>540</top>
            <width>1280</width>
            <height>145</height>
            <itemgap>-2</itemgap>
            <onleft>201</onleft>
            <onright>201</onright>
            <orientation>vertical</orientation>
            <control type="label" id="501">
                <label></label>
                <description>help label</description>
                <posx>0</posx>
                <posy>0</posy>
                <width>1250</width>
                <height>29</height>
                <font>font10</font>
                <align>left</align>
                <aligny>center</aligny>
                <shadowcolor>FF000000</shadowcolor>
            </control>
            <control type="label" id="502">
                <label></label>
                <description>help label</description>
                <posx>0</posx>
                <posy>0</posy>
                <width>1250</width>
                <height>29</height>
                <font>font10</font>
                <align>left</align>
                <aligny>center</aligny>
                <shadowcolor>FF000000</shadowcolor>
            </control>
            <control type="label" id="503">
                <label></label>
                <description>help label</description>
                <posx>0</posx>
                <posy>0</posy>
                <width>1250</width>
                <height>29</height>
                <font>font10</font>
                <align>left</align>
                <aligny>center</aligny>
                <shadowcolor>FF000000</shadowcolor>
            </control>
            <control type="label" id="504">
                <label></label>
                <description>help label</description>
                <posx>0</posx>
                <posy>0</posy>
                <width>1250</width>
                <height>29</height>
                <font>font10</font>
                <align>left</align>
                <aligny>center</aligny>
                <shadowcolor>FF000000</shadowcolor>
            </control>
            <control type="label" id="505">
                <label></label>
                <description>help label</description>
                <posx>0</posx>
                <posy>0</posy>
                <width>1250</width>
                <height>29</height>
                <font>font10</font>
                <align>left</align>
                <aligny>center</aligny>
                <shadowcolor>FF000000</shadowcolor>
            </control>
            <control type="label" id="506">
                <label></label>
                <description>help label</description>
                <posx>0</posx>
                <posy>0</posy>
                <width>1250</width>
                <height>29</height>
                <font>font10</font>
                <align>left</align>
                <aligny>center</aligny>
                <shadowcolor>FF000000</shadowcolor>
                <visible>false</visible>
            </control>
            <control type="label" id="507">
                <label></label>
                <description>help label</description>
                <posx>0</posx>
                <posy>0</posy>
                <width>1250</width>
                <height>29</height>
                <font>font10</font>
                <align>left</align>
                <aligny>center</aligny>
                <shadowcolor>FF000000</shadowcolor>
                <visible>false</visible>
            </control>
            <control type="label" id="508">
                <label></label>
                <description>help label</description>
                <posx>0</posx>
                <posy>0</posy>
                <width>1250</width>
                <height>29</height>
                <font>font10</font>
                <align>left</align>
                <aligny>center</aligny>
                <shadowcolor>FF000000</shadowcolor>
                <visible>false</visible>
            </control>
            <!--
            <control type="label" id="509">
                <label>9</label>
                <description>help label</description>
                <posx>0</posx>
                <posy>0</posy>
                <width>750</width>
                <height>29</height>
                <font>font10</font>
                <align>left</align>
                <aligny>center</aligny>
                <shadowcolor>FF000000</shadowcolor>
            </control>
            <control type="label" id="510">
                <label>10</label>
                <description>help label</description>
                <posx>0</posx>
                <posy>0</posy>
                <width>750</width>
                <height>29</height>
                <font>font10</font>
                <align>left</align>
                <aligny>center</aligny>
                <shadowcolor>FF000000</shadowcolor>
            </control>
            <control type="label" id="511">
                <label>11</label>
                <description>help label</description>
                <posx>0</posx>
                <posy>0</posy>
                <width>750</width>
                <height>29</height>
                <font>font10</font>
                <align>left</align>
                <aligny>center</aligny>
                <shadowcolor>FF000000</shadowcolor>
            </control>
            <control type="label" id="512">
                <label>12</label>
                <description>help label</description>
                <posx>0</posx>
                <posy>0</posy>
                <width>750</width>
                <height>29</height>
                <font>font10</font>
                <align>left</align>
                <aligny>center</aligny>
                <shadowcolor>FF000000</shadowcolor>
                <visible>true</visible>
            </control>
            <control type="label" id="513">
                <label>13</label>
                <description>help label</description>
                <posx>0</posx>
                <posy>0</posy>
                <width>750</width>
                <height>29</height>
                <font>font10</font>
                <align>left</align>
                <aligny>center</aligny>
                <shadowcolor>FF000000</shadowcolor>
                <visible>true</visible>
            </control>
            <control type="label" id="514">
                <label>14</label>
                <description>help label</description>
                <posx>0</posx>
                <posy>0</posy>
                <width>750</width>
                <height>29</height>
                <font>font10</font>
                <align>left</align>
                <aligny>center</aligny>
                <shadowcolor>FF000000</shadowcolor>
                <visible>true</visible>
            </control>
            -->
        </control>

</control>
    </controls>
</window>
