<?xml version="1.0" encoding="UTF-8"?>
<!-- EDIT py -->
<window>
    <coordinates>
        <left>423</left>
        <top>107</top>
    </coordinates>
    <controls>
        <!-- BACKGROUND MENU -->
        <control type="group">
        <control type="image">
            <description>Background Image</description>
            <left>-423</left>
            <top>-107</top>
            <width>1280</width>
            <height>720</height>
            <texture>black.png</texture>
        </control>
            <control type="image">
                <description>Background Image</description>
                <posx>0</posx>
                <posy>0</posy>
                <width>433</width>
                <height>510</height>
                <texture border="2">SetSettings/loguploader-dialog-bg.png</texture>
            </control>
            <control type="image">
                <description>Dialog Header image</description>
                <posx>0</posx>
                <posy>0</posy>
                <width>433</width>
                <height>33</height>
                <texture colordiffuse="grey" border="2">SetSettings/loguploader-white.png</texture>
            </control>
            <control type="label" id="101">
                <label></label>
                <description>header label</description>
                <posx>0</posx>
                <posy>0</posy>
                <width>433</width>
                <height>33</height>
                <font>font13</font>
                <align>center</align>
                <aligny>center</aligny>
                <shadowcolor>FF000000</shadowcolor>
            </control>
            <!--<control type="textbox" id="102">-->
            <control type="textbox">
                <left>13</left>
                <!--<top>40</top>-->
                <top>460</top>
                <width>407</width>
                <height>53</height>
                <font>font13</font>
                <align>center</align>
                <aligny>center</aligny>
                <label>[COLOR=orange]Choose the settings you want to Enable[/COLOR]</label>
            </control>
        </control>
        <!-- CHOICES -->
        <control type="grouplist" id="9000">
            <left>13</left>
            <top>100</top>
            <width>407</width>
            <height>357</height>
            <itemgap>-2</itemgap>
            <orientation>vertical</orientation>
            <onup>201</onup>
            <ondown>201</ondown>
            <onleft>201</onleft>
            <onright>201</onright>
            <control type="radiobutton" id="311">
                <width>380</width>
                <height>29</height>
                <textwidth>377</textwidth>
                <textoffsetx>7</textoffsetx>
                <radioheight>30</radioheight>
                <radioposx>335</radioposx>
                <!--<label>[COLOR=orange]** Optional[/COLOR]  Refresh Addon folders.list</label>-->
                <font>font13</font>
                <texturefocus colordiffuse="FF12B2E7">SetSettings/menuitemfo.png</texturefocus>
                <texturenofocus>SetSettings/menuitemnf.png</texturenofocus>
                <textureradioonfocus colordiffuse="FF12B2E7">SetSettings/radiobutton-focus.png</textureradioonfocus>
                <textureradioonnofocus colordiffuse="FF12B2E7">SetSettings/radiobutton-focus.png</textureradioonnofocus>
                <textureradioofffocus colordiffuse="FF12B2E7">SetSettings/radiobutton-focus.png</textureradioofffocus>
                <textureradiooffnofocus>SetSettings/radiobutton-nofocus.png</textureradiooffnofocus>
            </control>
            <control type="radiobutton" id="301">
                <width>380</width>
                <height>29</height>
                <textwidth>377</textwidth>
                <textoffsetx>7</textoffsetx>
                <radioheight>30</radioheight>
                <radioposx>335</radioposx>
                <label>[COLOR=blue]Set:[/COLOR]  Use xmltv.xml (Or xmltv1.xml below)</label>
                <font>font13</font>
                <texturefocus colordiffuse="FF12B2E7">SetSettings/menuitemfo.png</texturefocus>
                <texturenofocus>SetSettings/menuitemnf.png</texturenofocus>
                <textureradioonfocus colordiffuse="FF12B2E7">SetSettings/radiobutton-focus.png</textureradioonfocus>
                <textureradioonnofocus colordiffuse="FF12B2E7">SetSettings/radiobutton-focus.png</textureradioonnofocus>
                <textureradioofffocus colordiffuse="FF12B2E7">SetSettings/radiobutton-focus.png</textureradioofffocus>
                <textureradiooffnofocus>SetSettings/radiobutton-nofocus.png</textureradiooffnofocus>
            </control>
            <control type="radiobutton" id="302">
                <width>380</width>
                <height>29</height>
                <textwidth>377</textwidth>
                <textoffsetx>7</textoffsetx>
                <radioheight>30</radioheight>
                <radioposx>335</radioposx>
                <label>[COLOR=blue]Set:[/COLOR]  Use xmltv1.xml (Multi)</label>
                <font>font13</font>
                <texturefocus colordiffuse="FF12B2E7">SetSettings/menuitemfo.png</texturefocus>
                <texturenofocus>SetSettings/menuitemnf.png</texturenofocus>
                <textureradioonfocus colordiffuse="FF12B2E7">SetSettings/radiobutton-focus.png</textureradioonfocus>
                <textureradioonnofocus colordiffuse="FF12B2E7">SetSettings/radiobutton-focus.png</textureradioonnofocus>
                <textureradioofffocus colordiffuse="FF12B2E7">SetSettings/radiobutton-focus.png</textureradioofffocus>
                <textureradiooffnofocus>SetSettings/radiobutton-nofocus.png</textureradiooffnofocus>
            </control>
            <control type="radiobutton" id="303">
                <width>380</width>
                <height>29</height>
                <textwidth>377</textwidth>
                <textoffsetx>7</textoffsetx>
                <radioheight>30</radioheight>
                <radioposx>335</radioposx>
                <label>[COLOR=blue]Set:[/COLOR]  Use xmltv2.xml (Multi)</label>
                <font>font13</font>
                <texturefocus colordiffuse="FF12B2E7">SetSettings/menuitemfo.png</texturefocus>
                <texturenofocus>SetSettings/menuitemnf.png</texturenofocus>
                <textureradioonfocus colordiffuse="FF12B2E7">SetSettings/radiobutton-focus.png</textureradioonfocus>
                <textureradioonnofocus colordiffuse="FF12B2E7">SetSettings/radiobutton-focus.png</textureradioonnofocus>
                <textureradioofffocus colordiffuse="FF12B2E7">SetSettings/radiobutton-focus.png</textureradioofffocus>
                <textureradiooffnofocus>SetSettings/radiobutton-nofocus.png</textureradiooffnofocus>
            </control>
            <control type="radiobutton" id="304">
                <width>380</width>
                <height>29</height>
                <textwidth>377</textwidth>
                <textoffsetx>7</textoffsetx>
                <radioheight>30</radioheight>
                <radioposx>335</radioposx>
                <label>[COLOR=blue]Set:[/COLOR]  Use xmltv3.xml (Multi)</label>
                <font>font13</font>
                <texturefocus colordiffuse="FF12B2E7">SetSettings/menuitemfo.png</texturefocus>
                <texturenofocus>SetSettings/menuitemnf.png</texturenofocus>
                <textureradioonfocus colordiffuse="FF12B2E7">SetSettings/radiobutton-focus.png</textureradioonfocus>
                <textureradioonnofocus colordiffuse="FF12B2E7">SetSettings/radiobutton-focus.png</textureradioonnofocus>
                <textureradioofffocus colordiffuse="FF12B2E7">SetSettings/radiobutton-focus.png</textureradioofffocus>
                <textureradiooffnofocus>SetSettings/radiobutton-nofocus.png</textureradiooffnofocus>
            </control>
            <control type="radiobutton" id="305">
                <width>380</width>
                <height>29</height>
                <textwidth>377</textwidth>
                <textoffsetx>7</textoffsetx>
                <radioheight>30</radioheight>
                <radioposx>335</radioposx>
                <label>[COLOR=blue]Set:[/COLOR]  Categories</label>
                <font>font13</font>
                <texturefocus colordiffuse="FF12B2E7">SetSettings/menuitemfo.png</texturefocus>
                <texturenofocus>SetSettings/menuitemnf.png</texturenofocus>
                <textureradioonfocus colordiffuse="FF12B2E7">SetSettings/radiobutton-focus.png</textureradioonfocus>
                <textureradioonnofocus colordiffuse="FF12B2E7">SetSettings/radiobutton-focus.png</textureradioonnofocus>
                <textureradioofffocus colordiffuse="FF12B2E7">SetSettings/radiobutton-focus.png</textureradioofffocus>
                <textureradiooffnofocus>SetSettings/radiobutton-nofocus.png</textureradiooffnofocus>
            </control>
            <control type="radiobutton" id="306">
                <width>380</width>
                <height>29</height>
                <textwidth>377</textwidth>
                <textoffsetx>7</textoffsetx>
                <radioheight>30</radioheight>
                <radioposx>335</radioposx>
                <label>[COLOR=blue]Set:[/COLOR]  Logos</label>
                <font>font13</font>
                <texturefocus colordiffuse="FF12B2E7">SetSettings/menuitemfo.png</texturefocus>
                <texturenofocus>SetSettings/menuitemnf.png</texturenofocus>
                <textureradioonfocus colordiffuse="FF12B2E7">SetSettings/radiobutton-focus.png</textureradioonfocus>
                <textureradioonnofocus colordiffuse="FF12B2E7">SetSettings/radiobutton-focus.png</textureradioonnofocus>
                <textureradioofffocus colordiffuse="FF12B2E7">SetSettings/radiobutton-focus.png</textureradioofffocus>
                <textureradiooffnofocus>SetSettings/radiobutton-nofocus.png</textureradiooffnofocus>
            </control>
            <control type="radiobutton" id="307">
                <width>380</width>
                <height>29</height>
                <textwidth>377</textwidth>
                <textoffsetx>7</textoffsetx>
                <radioheight>30</radioheight>
                <radioposx>335</radioposx>
                <label>[COLOR=blue]Set:[/COLOR]  Addons.ini</label>
                <font>font13</font>
                <texturefocus colordiffuse="FF12B2E7">SetSettings/menuitemfo.png</texturefocus>
                <texturenofocus>SetSettings/menuitemnf.png</texturenofocus>
                <textureradioonfocus colordiffuse="FF12B2E7">SetSettings/radiobutton-focus.png</textureradioonfocus>
                <textureradioonnofocus colordiffuse="FF12B2E7">SetSettings/radiobutton-focus.png</textureradioonnofocus>
                <textureradioofffocus colordiffuse="FF12B2E7">SetSettings/radiobutton-focus.png</textureradioofffocus>
                <textureradiooffnofocus>SetSettings/radiobutton-nofocus.png</textureradiooffnofocus>
            </control>
            <control type="radiobutton" id="308">
                <width>380</width>
                <height>29</height>
                <textwidth>377</textwidth>
                <textoffsetx>7</textoffsetx>
                <radioheight>30</radioheight>
                <radioposx>335</radioposx>
                <label>[COLOR=blue]Set:[/COLOR]  Playback</label>
                <font>font13</font>
                <texturefocus colordiffuse="FF12B2E7">SetSettings/menuitemfo.png</texturefocus>
                <texturenofocus>SetSettings/menuitemnf.png</texturenofocus>
                <textureradioonfocus colordiffuse="FF12B2E7">SetSettings/radiobutton-focus.png</textureradioonfocus>
                <textureradioonnofocus colordiffuse="FF12B2E7">SetSettings/radiobutton-focus.png</textureradioonnofocus>
                <textureradioofffocus colordiffuse="FF12B2E7">SetSettings/radiobutton-focus.png</textureradioofffocus>
                <textureradiooffnofocus>SetSettings/radiobutton-nofocus.png</textureradiooffnofocus>
            </control>
            <control type="radiobutton" id="309">
                <width>380</width>
                <height>29</height>
                <textwidth>377</textwidth>
                <textoffsetx>7</textoffsetx>
                <radioheight>30</radioheight>
                <radioposx>335</radioposx>
                <label>[COLOR=blue]Set:[/COLOR]  Appearance</label>
                <font>font13</font>
                <texturefocus colordiffuse="FF12B2E7">SetSettings/menuitemfo.png</texturefocus>
                <texturenofocus>SetSettings/menuitemnf.png</texturenofocus>
                <textureradioonfocus colordiffuse="FF12B2E7">SetSettings/radiobutton-focus.png</textureradioonfocus>
                <textureradioonnofocus colordiffuse="FF12B2E7">SetSettings/radiobutton-focus.png</textureradioonnofocus>
                <textureradioofffocus colordiffuse="FF12B2E7">SetSettings/radiobutton-focus.png</textureradioofffocus>
                <textureradiooffnofocus>SetSettings/radiobutton-nofocus.png</textureradiooffnofocus>
            </control>
            <control type="radiobutton" id="310">
                <width>380</width>
                <height>29</height>
                <textwidth>377</textwidth>
                <textoffsetx>7</textoffsetx>
                <radioheight>30</radioheight>
                <radioposx>335</radioposx>
                <label>[COLOR=blue]Set:[/COLOR]  Background</label>
                <font>font13</font>
                <texturefocus colordiffuse="FF12B2E7">SetSettings/menuitemfo.png</texturefocus>
                <texturenofocus>SetSettings/menuitemnf.png</texturenofocus>
                <textureradioonfocus colordiffuse="FF12B2E7">SetSettings/radiobutton-focus.png</textureradioonfocus>
                <textureradioonnofocus colordiffuse="FF12B2E7">SetSettings/radiobutton-focus.png</textureradioonnofocus>
                <textureradioofffocus colordiffuse="FF12B2E7">SetSettings/radiobutton-focus.png</textureradioofffocus>
                <textureradiooffnofocus>SetSettings/radiobutton-nofocus.png</textureradiooffnofocus>
            </control>
            <control type="radiobutton" id="312">
                <width>380</width>
                <height>29</height>
                <textwidth>377</textwidth>
                <textoffsetx>7</textoffsetx>
                <radioheight>30</radioheight>
                <radioposx>335</radioposx>
                <label>[COLOR=blue]Set:[/COLOR]  WIP skin</label>
                <font>font13</font>
                <texturefocus colordiffuse="FF12B2E7">SetSettings/menuitemfo.png</texturefocus>
                <texturenofocus>SetSettings/menuitemnf.png</texturenofocus>
                <textureradioonfocus colordiffuse="FF12B2E7">SetSettings/radiobutton-focus.png</textureradioonfocus>
                <textureradioonnofocus colordiffuse="FF12B2E7">SetSettings/radiobutton-focus.png</textureradioonnofocus>
                <textureradioofffocus colordiffuse="FF12B2E7">SetSettings/radiobutton-focus.png</textureradioofffocus>
                <textureradiooffnofocus>SetSettings/radiobutton-nofocus.png</textureradiooffnofocus>
                <visible>false</visible>
            </control>
            <control type="radiobutton" id="313">
                <width>380</width>
                <height>29</height>
                <textwidth>377</textwidth>
                <textoffsetx>7</textoffsetx>
                <radioheight>30</radioheight>
                <radioposx>335</radioposx>
                <label>WIP [COLOR=blue]Set:[/COLOR]  Vod</label>
                <font>font13</font>
                <texturefocus colordiffuse="FF12B2E7">SetSettings/menuitemfo.png</texturefocus>
                <texturenofocus>SetSettings/menuitemnf.png</texturenofocus>
                <textureradioonfocus colordiffuse="FF12B2E7">SetSettings/radiobutton-focus.png</textureradioonfocus>
                <textureradioonnofocus colordiffuse="FF12B2E7">SetSettings/radiobutton-focus.png</textureradioonnofocus>
                <textureradioofffocus colordiffuse="FF12B2E7">SetSettings/radiobutton-focus.png</textureradioofffocus>
                <textureradiooffnofocus>SetSettings/radiobutton-nofocus.png</textureradiooffnofocus>
                <visible>false</visible>
            </control>
            <control type="radiobutton" id="314">
                <width>380</width>
                <height>29</height>
                <textwidth>377</textwidth>
                <textoffsetx>7</textoffsetx>
                <radioheight>30</radioheight>
                <radioposx>335</radioposx>
                <label>WIP Set:  Rez  (Disabled is 1080)</label>
                <font>font13</font>
                <texturefocus colordiffuse="FF12B2E7">SetSettings/menuitemfo.png</texturefocus>
                <texturenofocus>SetSettings/menuitemnf.png</texturenofocus>
                <textureradioonfocus colordiffuse="FF12B2E7">SetSettings/radiobutton-focus.png</textureradioonfocus>
                <textureradioonnofocus colordiffuse="FF12B2E7">SetSettings/radiobutton-focus.png</textureradioonnofocus>
                <textureradioofffocus colordiffuse="FF12B2E7">SetSettings/radiobutton-focus.png</textureradioofffocus>
                <textureradiooffnofocus>SetSettings/radiobutton-nofocus.png</textureradiooffnofocus>
                <visible>false</visible>
            </control>
        </control>

        <!-- CHOICES HELP -->
        <control type="grouplist">
            <left>450</left>
            <top>100</top>
            <width>407</width>
            <height>357</height>
            <itemgap>-2</itemgap>
            <orientation>vertical</orientation>
            <control type="label" id="401">
                <label></label>
                <description>help label</description>
                <posx>0</posx>
                <posy>0</posy>
                <width>380</width>
                <height>29</height>
                <font>font13</font>
                <align>left</align>
                <aligny>center</aligny>
                <shadowcolor>FF000000</shadowcolor>
            </control>
            <control type="label" id="402">
                <label></label>
                <description>help label</description>
                <posx>0</posx>
                <posy>0</posy>
                <width>380</width>
                <height>29</height>
                <font>font13</font>
                <align>left</align>
                <aligny>center</aligny>
                <shadowcolor>FF000000</shadowcolor>
            </control>
            <control type="label" id="403">
                <label></label>
                <description>help label</description>
                <posx>0</posx>
                <posy>0</posy>
                <width>380</width>
                <height>29</height>
                <font>font13</font>
                <align>left</align>
                <aligny>center</aligny>
                <shadowcolor>FF000000</shadowcolor>
            </control>
            <control type="label" id="404">
                <label></label>
                <description>help label</description>
                <posx>0</posx>
                <posy>0</posy>
                <width>380</width>
                <height>29</height>
                <font>font13</font>
                <align>left</align>
                <aligny>center</aligny>
                <shadowcolor>FF000000</shadowcolor>
            </control>
            <control type="label" id="405">
                <label></label>
                <description>help label</description>
                <posx>0</posx>
                <posy>0</posy>
                <width>380</width>
                <height>29</height>
                <font>font13</font>
                <align>left</align>
                <aligny>center</aligny>
                <shadowcolor>FF000000</shadowcolor>
            </control>
            <control type="label" id="406">
                <label></label>
                <description>help label</description>
                <posx>0</posx>
                <posy>0</posy>
                <width>380</width>
                <height>29</height>
                <font>font13</font>
                <align>left</align>
                <aligny>center</aligny>
                <shadowcolor>FF000000</shadowcolor>
            </control>
            <control type="label" id="407">
                <label></label>
                <description>help label</description>
                <posx>0</posx>
                <posy>0</posy>
                <width>380</width>
                <height>29</height>
                <font>font13</font>
                <align>left</align>
                <aligny>center</aligny>
                <shadowcolor>FF000000</shadowcolor>
            </control>
            <control type="label" id="408">
                <label></label>
                <description>help label</description>
                <posx>0</posx>
                <posy>0</posy>
                <width>380</width>
                <height>29</height>
                <font>font13</font>
                <align>left</align>
                <aligny>center</aligny>
                <shadowcolor>FF000000</shadowcolor>
            </control>
            <control type="label" id="409">
                <label></label>
                <description>help label</description>
                <posx>0</posx>
                <posy>0</posy>
                <width>380</width>
                <height>29</height>
                <font>font13</font>
                <align>left</align>
                <aligny>center</aligny>
                <shadowcolor>FF000000</shadowcolor>
            </control>
            <control type="label" id="410">
                <label></label>
                <description>help label</description>
                <posx>0</posx>
                <posy>0</posy>
                <width>380</width>
                <height>29</height>
                <font>font13</font>
                <align>left</align>
                <aligny>center</aligny>
                <shadowcolor>FF000000</shadowcolor>
            </control>
            <control type="label" id="411">
                <label></label>
                <description>help label</description>
                <posx>0</posx>
                <posy>0</posy>
                <width>380</width>
                <height>29</height>
                <font>font13</font>
                <align>left</align>
                <aligny>center</aligny>
                <shadowcolor>FF000000</shadowcolor>
            </control>
            <control type="label" id="412">
                <label></label>
                <description>help label</description>
                <posx>0</posx>
                <posy>0</posy>
                <width>380</width>
                <height>29</height>
                <font>font13</font>
                <align>left</align>
                <aligny>center</aligny>
                <shadowcolor>FF000000</shadowcolor>
                <visible>false</visible>
            </control>
            <control type="label" id="413">
                <label></label>
                <description>help label</description>
                <posx>0</posx>
                <posy>0</posy>
                <width>380</width>
                <height>29</height>
                <font>font13</font>
                <align>left</align>
                <aligny>center</aligny>
                <shadowcolor>FF000000</shadowcolor>
                <visible>false</visible>
            </control>
            <control type="label" id="414">
                <label></label>
                <description>help label</description>
                <posx>0</posx>
                <posy>0</posy>
                <width>380</width>
                <height>29</height>
                <font>font13</font>
                <align>left</align>
                <aligny>center</aligny>
                <shadowcolor>FF000000</shadowcolor>
                <visible>false</visible>
            </control>
        </control>
        <!-- MAIN MENU BUTTONS -->
        <control type="group" id="9001">
            <left>0</left>
            <top>40</top>
            <!--Set settings continue -->
            <control type="button" id="201">
                <left>0</left>
                <top>0</top>
                <width>140</width>
                <height>50</height>
                <font>font13</font>
                <textcolor>FFF0F0F0</textcolor>
                <label>Continue</label>
                <align>center</align>
                <aligny>center</aligny>
                <onup>9000</onup>
                <ondown>9000</ondown>
                <onleft>202</onleft>
                <onright>202</onright>
                <texturefocus colordiffuse="FF12B2E7">SetSettings/testbuttonfo.png</texturefocus>
                <texturenofocus>SetSettings/testbuttonnf.png</texturenofocus>
            </control>
            <!-- Cancel -->
            <control type="button" id="202">
                <left>150</left>
                <top>0</top>
                <width>130</width>
                <height>50</height>
                <font>font13</font>
                <textcolor>FFF0F0F0</textcolor>
                <font>font13</font>
                <label>Cancel</label>
                <align>center</align>
                <aligny>center</aligny>
                <texturefocus colordiffuse="FF12B2E7">SetSettings/testbuttonfo.png</texturefocus>
                <texturenofocus>SetSettings/testbuttonnf.png</texturenofocus>
                <onleft>201</onleft>
                <onright>203</onright>
            </control>
            <!-- Extras -->
            <control type="button" id="203">
                <left>290</left>
                <top>0</top>
                <width>140</width>
                <height>50</height>
                <font>font13</font>
                <textcolor>FFF0F0F0</textcolor>
                <label>Extras</label>
                <align>center</align>
                <aligny>center</aligny>
                <texturefocus colordiffuse="FF12B2E7">SetSettings/testbuttonfo.png</texturefocus>
                <texturenofocus>SetSettings/testbuttonnf.png</texturenofocus>
                <onleft>202</onleft>
                <onright>201</onright>
            </control>
        </control>
    </controls>
</window>
