<?xml version="1.0" encoding="UTF-8" standalone="yes"?>

<!--
<addon id="plugin.program.aftermath" name="[B][COLOR dodgerblue]Aftermath[/COLOR] [COLOR white]Wizard[/COLOR][/B]" version="0.2.4" provider-name="Surfacingx">
  <requires>
    <import addon="xbmc.python" version="2.1.0"/>
  </requires>
  <extension point="xbmc.python.pluginsource" library="default.py">
    <provides>executable</provides>
  </extension>
  <extension point="xbmc.service" library="startup.py" start="startup" />
  <extension point="xbmc.addon.metadata">
    <summary lang="en">[B][COLOR dodgerblue]Aftermath[/COLOR] [COLOR white]Wizard[/COLOR][/B]</summary>
    <description lang="en">Aftermath Wizard allows you to get access to the latest Aftermath Custom Builds.</description>
    <platform>all</platform>
  </extension>
-->
<addon id="plugin.program.xyzwizard" name="XYZ Wizard" version="0.0.3" provider-name="Andy">
    <requires>
        <!-- 4.42 is api 19 and most need 25 -->
        <!-- Krypton 17 and up -->
        <!--<import addon="xbmc.python" version="2.25.0" />-->
        <import addon="xbmc.python" version="2.1.0" />
    </requires>
    <!--
    <extension point="xbmc.python.script" library="default.py">
        <provides>executable video</provides>
    </extension>
    -->
    <extension point="xbmc.python.pluginsource" library="default.py">
      <provides>executable</provides>
    </extension>
    <extension point="xbmc.service" library="startup.py" start="startup" />
    
    <!--
    <extension point="xbmc.addon.repository">
        <info compressed="false">https://raw.githubusercontent.com/thismustbetheplace/_wizard/master/_repo/addons.xml</info>
        <checksum>https://raw.githubusercontent.com/thismustbetheplace/_wizard/master/_repo/addons.xml.md5</checksum>
        <datadir zip="true">https://raw.githubusercontent.com/thismustbetheplace/_wizard/master/_repo/</datadir>
        <hashes>false</hashes>
    </extension>
    -->
    <!-- -->
    <extension point="xbmc.addon.repository" name="XYZ Wizard">
        <dir>
            <info compressed="false">https://raw.githubusercontent.com/thismustbetheplace/_wizard/master/_repo/addons.xml</info>
            <checksum>https://raw.githubusercontent.com/thismustbetheplace/_wizard/master/_repo/addons.xml.md5</checksum>
            <datadir zip="true">https://raw.githubusercontent.com/thismustbetheplace/_wizard/master/_repo/</datadir>
            <hashes>true</hashes>
        </dir>
        <!--
        <dir minversion="15.0.0">
            <info compressed="false">https://github.com/primaeval/repository.primaeval/raw/master/isengard/addons.xml</info>
            <checksum>https://github.com/primaeval/repository.primaeval/raw/master/isengard/addons.xml.md5</checksum>
            <datadir zip="true">https://raw.github.com/primaeval/repository.primaeval/master/jarvis/isengard</datadir>
            <hashes>true</hashes>
        </dir>
        <dir minversion="16.0.0">
            <info compressed="false">https://github.com/primaeval/repository.primaeval/raw/master/jarvis/addons.xml</info>
            <checksum>https://github.com/primaeval/repository.primaeval/raw/master/jarvis/addons.xml.md5</checksum>
            <datadir zip="true">https://raw.github.com/primaeval/repository.primaeval/master/jarvis</datadir>
        </dir>
        <dir minversion="17.0.0">
            <info compressed="false">https://github.com/primaeval/repository.primaeval/raw/master/krypton/addons.xml</info>
            <checksum>https://github.com/primaeval/repository.primaeval/raw/master/krypton/addons.xml.md5</checksum>
            <datadir zip="true">https://raw.github.com/primaeval/repository.primaeval/master/krypton</datadir>
        </dir>
        <dir minversion="18.0.0">
            <info compressed="false">https://github.com/primaeval/repository.primaeval/raw/master/leia/addons.xml</info>
            <checksum>https://github.com/primaeval/repository.primaeval/raw/master/leia/addons.xml.md5</checksum>
            <datadir zip="true">https://raw.github.com/primaeval/repository.primaeval/master/leia</datadir>
        </dir>
        -->
    </extension>
    <!--  -->
    
    <!--
    <extension point="kodi.context.item">
      <menu id="kodi.core.main">
        <item library="default.py">
          <label>VOD</label>
          <visible>true</visible>
        </item>
        <item library="resources/lib/context.py">
           <label>Trakt Options</label>
           <visible>StringCompare(ListItem.dbtype,movie) | StringCompare(ListItem.dbtype,tvshow) | StringCompare(ListItem.dbtype,season) | StringCompare(ListItem.dbtype,episode)</visible>
        </item>
      </menu>
    </extension>
    -->
    <!--
    <extension point="kodi.context.item">
        <menu id="kodi.core.main">
          <item library="default.py">
            <label>test</label>
            <visible>true</visible>
          </item>
        </menu>
    </extension>
    -->
    <!--
    <extension point="kodi.context.item" library="default.py">
      <item>
        <label>32000</label>
        <visible>StringCompare(ListItem.dbtype,movie) | StringCompare(ListItem.dbtype,tvshow) | StringCompare(ListItem.dbtype,season) | StringCompare(ListItem.dbtype,episode)</visible>
      </item>
    </extension>
    -->
    <extension point="xbmc.addon.metadata">
        <summary>Perform a variety of Kodi Maintenance and installation tasks.  Addons, Builds, Apks, Backupup\Restore zips, Cleaning, advancedsettings.xml, etc.</summary>
        <description>[COLOR orange]XYZ Wizard[/COLOR] allows you to install addons, apks and perform basic maintenance like deleting files that decrease performance over time.</description>
        <disclaimer>Kodi is a registered trademark of the XBMC Foundation. We are not connected to or in any other way affiliated with Kodi, Team Kodi, or the XBMC Foundation. Furthermore, any software, addons, or products offered by us will receive no support in official Kodi channels, including the Kodi forums and various social networks.</disclaimer>
        <forum>http://aftermathwizard.net/FAQS/</forum>
        <source>https://raw.githubusercontent.com/thismustbetheplace/_wizard/master/_repo/plugin.program.xyzwizard/</source>
        <language>en</language>
        <platform>all</platform>
        <license>GPLv2</license>
        <website>https://github.com/thismustbetheplace/_wizard</website>
        <email></email>
        <news>Changes: Install Kodi addons.  Based on aftermathwizard.net v0.1.7a</news>
        <assets>
            <icon>icon.png</icon>
            <fanart>fanart.jpg</fanart>
            <screenshot>resources/art/screenshot-01.png</screenshot>
            <!--<screenshot>resources/media/screenshot-02.png</screenshot>
            <screenshot>resources/media/screenshot-03.png</screenshot>-->
        </assets>
    </extension>
    
</addon>