<?xml version="1.0" encoding="UTF-8" standalone="yes"?>
<addon id="script.tvguide.fullscreen.skin.cake" name="TV Guide Fullscreen - Cake Skin" version="0.0.6" provider-name="andy,primaeval">
    <requires>
        <import addon="xbmc.python" version="2.19.0"/>
        <!--<import addon="xbmc.python" version="2.25.0"/>-->
        <!--<import addon="script.tvguide.fullscreen"/>-->
    </requires>
    
    <!-- default minimal settings  - can delete settings.xml and swift2 -->
    <extension point="xbmc.python.script" library="skin.py"/>
    
    <!-- used to run swift2 ini and settings.xml  -->
    <!--
    <extension point="xbmc.python.pluginsource" library="skin.py">
        <provides>executable</provides>
    </extension>
    -->
    
    <extension point="xbmc.addon.repository" name="Primaeval">
            <info compressed="false">https://github.com/primaeval/repository.primaeval/raw/master/krypton/addons.xml</info>
            <checksum>https://github.com/primaeval/repository.primaeval/raw/master/krypton/addons.xml.md5</checksum>
            <datadir zip="true">https://raw.github.com/primaeval/repository.primaeval/master/krypton</datadir>
        <hashes>false</hashes>
        <dir minversion="16.0.0">
            <info compressed="false">https://github.com/primaeval/repository.primaeval/raw/master/jarvis/addons.xml</info>
            <checksum>https://github.com/primaeval/repository.primaeval/raw/master/jarvis/addons.xml.md5</checksum>
            <datadir zip="true">https://raw.github.com/primaeval/repository.primaeval/master/jarvis</datadir>
        </dir>
        <dir minversion="17.0.0">
            <info compressed="false">https://github.com/primaeval/repository.primaeval/raw/master/krypton/addons.xml</info>
            <checksum>https://github.com/primaeval/repository.primaeval/raw/master/krypton/addons.xml.md5</checksum>
            <datadir zip="true">https://raw.github.com/primaeval/repository.primaeval/master/krypton</datadir>
        </dir>
    </extension>
    
    
    <extension point="xbmc.addon.metadata">
        <description lang="en">TVGuide Fullscreen skin</description>
        <disclaimer lang="en">Skin and ini players</disclaimer>
        <language></language>
        <platform>all</platform>
        <license>GPLv2</license>
        <forum>http://forum.kodi.tv/showthread.php?tid=282157</forum>
        <source>https://github.com/primaeval/script.tvguide.fullscreen</source>
        <website></website>
        <email>primaeval</email>
        <!-- <icon>icon.png</icon>
        <fanart>fanart.jpg</fanart> -->
        <!-- -->
        <assets>
            <icon>icon.png</icon>
            <fanart>fanart.jpg</fanart>
            <screenshot>resources/skins/Cake/media/screenshots/screenshot-01.png</screenshot>
            <screenshot>resources/skins/Cake/media/screenshots/screenshot-02.png</screenshot>
            <screenshot>resources/skins/Cake/media/screenshots/screenshot-03.png</screenshot>
            <screenshot>resources/skins/Cake/media/screenshots/screenshot-04.png</screenshot>
            <screenshot>resources/skins/Cake/media/screenshots/screenshot-05.png</screenshot>
        </assets>
        <!-- -->
    </extension>
</addon>
