<?xml version="1.0" encoding="UTF-8" standalone="yes"?>
<addon id="script.tvguide.fullscreen.skin.cake" name="TV Guide Fullscreen - Cake Skin" version="0.0.8" provider-name="Andy,primaeval">
    <requires>
        <import addon="xbmc.python" version="2.19.0"/>
        <!--<import addon="xbmc.python" version="2.25.0"/>-->
        <!--<import addon="script.tvguide.fullscreen"/>-->
    </requires>
    <!--
    <extension point="xbmc.python.pluginsource" library="installer.py">
        <provides>executable</provides>
    </extension>
    -->
    <!--<extension point="xbmc.python.script" library="installer.py"/>-->
    
    <extension point="kodi.context.item">
        <menu id="kodi.core.main">
          <item library="installer.py">
            <label>[COLOR grey]TVGFS SKIN[/COLOR] [COLOR dimgrey]•[/COLOR] Cake</label>
            <!--<visible>System.HasAddon(script.tvguide.fullscreen) + String.Contains(ListItem.FileNameAndPath, script.tvguide.fullscreen) | !Window.IsVisible(addonbrowser)</visible>-->
            <visible>System.HasAddon(script.tvguide.fullscreen) + String.Contains(ListItem.FileNameAndPath, script.tvguide.fullscreen)</visible>
          </item>
          
          <item library="resources/media/resources/loadsettings.py">
            <label>[COLOR grey]TVGFS SKIN SETTINGS[/COLOR] [COLOR dimgrey]•[/COLOR] Cake</label>
            <!-- xbmcaddon.Addon(id=thisADDONID).openSettings() -->
            <!--<visible>System.HasAddon(script.tvguide.fullscreen) + String.Contains(ListItem.FileNameAndPath, script.tvguide.fullscreen) | !Window.IsVisible(addonbrowser)</visible>-->
            <visible>System.HasAddon(script.tvguide.fullscreen) + String.Contains(ListItem.FileNameAndPath, script.tvguide.fullscreen)</visible>
          </item>
          
          <item library="ReloadAddonFolders.py">
              <label>[COLOR grey]TVGFS[/COLOR] [COLOR dimgrey]•[/COLOR] Refresh addons.ini</label>
              <visible>System.HasAddon(script.tvguide.fullscreen) + String.Contains(ListItem.FileNameAndPath, script.tvguide.fullscreen)</visible>
           </item>
           
          <item library="resources/media/resources/StillWatchingInfo.py">
            <label>[COLOR grey]TVGFS[/COLOR] [COLOR dimgrey]•[/COLOR] Watching</label>
            <!-- xbmcaddon.Addon(id=thisADDONID).openSettings() -->
            <!--<visible>System.HasAddon(script.tvguide.fullscreen) + String.Contains(ListItem.FileNameAndPath, script.tvguide.fullscreen) | !Window.IsVisible(addonbrowser)</visible>-->
            <visible>System.HasAddon(script.tvguide.fullscreen) + Player.HasMedia</visible>
          </item>
           
        </menu>
    </extension>
    
    <extension point="xbmc.addon.metadata">
        <description lang="en">TVGuide Fullscreen Skin</description>
        <disclaimer lang="en">TVGFS Skin with extra funtions.</disclaimer>
        <language></language>
        <platform>all</platform>
        <license>GPLv2</license>
        <forum>http://forum.kodi.tv/showthread.php?tid=282157</forum>
        <source>https://github.com/primaeval/script.tvguide.fullscreen</source>
        <website></website>
        <email>primaeval</email>
        <news>Added variables and extra functions</news>
        <assets>
            <icon>resources/media/icon.png</icon>
            <fanart>resources/media/fanart.jpg</fanart>
            <screenshot>resources/media/screenshot-01.png</screenshot>
            <screenshot>resources/media/screenshot-02.png</screenshot>
            <screenshot>resources/media/screenshot-03.png</screenshot>
        </assets>
    </extension>
</addon>

