<?xml version='1.0' encoding='UTF-8'?>
<includes>
	<include name="skinshortcuts-mainmenu" />
	<include />
	<include name="skinshortcuts-submenu">
		<item id="1">
			<property name="id">$NUMBER[1]</property>
			<property name="mainmenuid">1</property>
			<label>$LOCALIZE[20389]</label>
			<label2>$ADDON[script.skinshortcuts 32034]</label2>
			<icon>DefaultMusicVideos.png</icon>
			<thumb />
			<property name="labelID">musicvideos</property>
			<property name="defaultID">musicvideos</property>
			<visible>[Library.HasContent(MusicVideos)] + String.IsEqual(Container(9000).ListItem.Property(submenuVisibility),videos)</visible>
			<onclick>ActivateWindow(Videos,videodb://musicvideos/titles/,return)</onclick>
			<property name="path">ActivateWindow(Videos,videodb://musicvideos/titles/,return)</property>
			<property name="list">videodb://musicvideos/titles/</property>
			<visible>String.IsEqual(System.ProfileName,Master user)</visible>
			<property name="group">videos</property>
			<property name="isSubmenu">True</property>
		</item>
		<item id="2">
			<property name="id">$NUMBER[2]</property>
			<property name="mainmenuid">1</property>
			<label>$LOCALIZE[744]</label>
			<label2>$ADDON[script.skinshortcuts 32014]</label2>
			<icon>DefaultFolder.png</icon>
			<thumb />
			<property name="labelID">744</property>
			<property name="defaultID">744</property>
			<onclick>ActivateWindow(Videos,Files,return)</onclick>
			<property name="path">ActivateWindow(Videos,Files,return)</property>
			<property name="list">Files</property>
			<visible>[String.IsEqual(System.ProfileName,Master user)] + String.IsEqual(Container(9000).ListItem.Property(submenuVisibility),videos)</visible>
			<property name="group">videos</property>
			<property name="isSubmenu">True</property>
		</item>
		<item id="3">
			<property name="id">$NUMBER[3]</property>
			<property name="mainmenuid">1</property>
			<label>$LOCALIZE[1037]</label>
			<label2>$ADDON[script.skinshortcuts 32014]</label2>
			<icon>DefaultAddonVideo.png</icon>
			<thumb />
			<property name="labelID">1037</property>
			<property name="defaultID">1037</property>
			<onclick>ActivateWindow(Videos,Addons,return)</onclick>
			<property name="path">ActivateWindow(Videos,Addons,return)</property>
			<property name="list">Addons</property>
			<visible>[String.IsEqual(System.ProfileName,Master user)] + String.IsEqual(Container(9000).ListItem.Property(submenuVisibility),videos)</visible>
			<property name="group">videos</property>
			<property name="isSubmenu">True</property>
		</item>
		<item id="1">
			<property name="id">$NUMBER[1]</property>
			<property name="mainmenuid">4</property>
			<label>$LOCALIZE[744]</label>
			<label2>$ADDON[script.skinshortcuts 32019]</label2>
			<icon>DefaultFolder.png</icon>
			<thumb />
			<property name="labelID">744</property>
			<property name="defaultID">744</property>
			<onclick>ActivateWindow(Music,Files,Return)</onclick>
			<property name="path">ActivateWindow(Music,Files,Return)</property>
			<property name="list">Files</property>
			<visible>[String.IsEqual(System.ProfileName,Master user)] + String.IsEqual(Container(9000).ListItem.Property(submenuVisibility),music)</visible>
			<property name="group">music</property>
			<property name="isSubmenu">True</property>
		</item>
		<item id="2">
			<property name="id">$NUMBER[2]</property>
			<property name="mainmenuid">4</property>
			<label>$LOCALIZE[15100]</label>
			<label2>$ADDON[script.skinshortcuts 32019]</label2>
			<icon>DefaultFolder.png</icon>
			<thumb />
			<property name="labelID">15100</property>
			<property name="defaultID">15100</property>
			<onclick>ActivateWindow(Music,MusicLibrary,return)</onclick>
			<property name="path">ActivateWindow(Music,MusicLibrary,return)</property>
			<property name="list">MusicLibrary</property>
			<visible>[String.IsEqual(System.ProfileName,Master user)] + String.IsEqual(Container(9000).ListItem.Property(submenuVisibility),music)</visible>
			<property name="group">music</property>
			<property name="isSubmenu">True</property>
		</item>
		<item id="3">
			<property name="id">$NUMBER[3]</property>
			<property name="mainmenuid">4</property>
			<label>$LOCALIZE[1038]</label>
			<label2>$ADDON[script.skinshortcuts 32019]</label2>
			<icon>DefaultAddonMusic.png</icon>
			<thumb />
			<property name="labelID">1038</property>
			<property name="defaultID">1038</property>
			<onclick>ActivateWindow(Music,Addons,return)</onclick>
			<property name="path">ActivateWindow(Music,Addons,return)</property>
			<property name="list">Addons</property>
			<visible>[String.IsEqual(System.ProfileName,Master user)] + String.IsEqual(Container(9000).ListItem.Property(submenuVisibility),music)</visible>
			<property name="group">music</property>
			<property name="isSubmenu">True</property>
		</item>
		<item id="1">
			<property name="id">$NUMBER[1]</property>
			<property name="mainmenuid">5</property>
			<label>$LOCALIZE[22020]</label>
			<label2>$ADDON[script.skinshortcuts 32017]</label2>
			<icon>DefaultTVShows.png</icon>
			<thumb />
			<property name="labelID">22020</property>
			<property name="defaultID">22020</property>
			<visible>[System.HasPVRAddon] + String.IsEqual(Container(9000).ListItem.Property(submenuVisibility),livetv)</visible>
			<onclick>ActivateWindow(TVGuide)</onclick>
			<property name="path">ActivateWindow(TVGuide)</property>
			<property name="list">TVGuide</property>
			<visible>String.IsEqual(System.ProfileName,Master user)</visible>
			<property name="group">livetv</property>
			<property name="isSubmenu">True</property>
		</item>
		<item id="2">
			<property name="id">$NUMBER[2]</property>
			<property name="mainmenuid">5</property>
			<label>$LOCALIZE[19163]</label>
			<label2>$ADDON[script.skinshortcuts 32017]</label2>
			<icon>DefaultTVShows.png</icon>
			<thumb />
			<property name="labelID">19163</property>
			<property name="defaultID">19163</property>
			<visible>[System.HasPVRAddon] + String.IsEqual(Container(9000).ListItem.Property(submenuVisibility),livetv)</visible>
			<onclick>ActivateWindow(TVRecordings)</onclick>
			<property name="path">ActivateWindow(TVRecordings)</property>
			<property name="list">TVRecordings</property>
			<visible>String.IsEqual(System.ProfileName,Master user)</visible>
			<property name="group">livetv</property>
			<property name="isSubmenu">True</property>
		</item>
		<item id="3">
			<property name="id">$NUMBER[3]</property>
			<property name="mainmenuid">5</property>
			<label>$LOCALIZE[19040]</label>
			<label2>$ADDON[script.skinshortcuts 32017]</label2>
			<icon>DefaultTVShows.png</icon>
			<thumb />
			<property name="labelID">19040</property>
			<property name="defaultID">19040</property>
			<visible>[System.HasPVRAddon] + String.IsEqual(Container(9000).ListItem.Property(submenuVisibility),livetv)</visible>
			<onclick>ActivateWindow(TVTimers)</onclick>
			<property name="path">ActivateWindow(TVTimers)</property>
			<property name="list">TVTimers</property>
			<visible>String.IsEqual(System.ProfileName,Master user)</visible>
			<property name="group">livetv</property>
			<property name="isSubmenu">True</property>
		</item>
		<item id="4">
			<property name="id">$NUMBER[4]</property>
			<property name="mainmenuid">5</property>
			<label>$LOCALIZE[137]</label>
			<label2>$ADDON[script.skinshortcuts 32017]</label2>
			<icon>DefaultTVShows.png</icon>
			<thumb />
			<property name="labelID">137</property>
			<property name="defaultID">137</property>
			<visible>[System.HasPVRAddon] + String.IsEqual(Container(9000).ListItem.Property(submenuVisibility),livetv)</visible>
			<onclick>ActivateWindow(TVSearch)</onclick>
			<property name="path">ActivateWindow(TVSearch)</property>
			<property name="list">TVSearch</property>
			<visible>String.IsEqual(System.ProfileName,Master user)</visible>
			<property name="group">livetv</property>
			<property name="isSubmenu">True</property>
		</item>
	</include>
	<include name="skinshortcuts-group-videos">
		<item id="1">
			<property name="id">$NUMBER[1]</property>
			<property name="mainmenuid">1</property>
			<label>$LOCALIZE[20389]</label>
			<label2>$ADDON[script.skinshortcuts 32034]</label2>
			<icon>DefaultMusicVideos.png</icon>
			<thumb />
			<property name="labelID">musicvideos</property>
			<property name="defaultID">musicvideos</property>
			<visible>Library.HasContent(MusicVideos)</visible>
			<onclick>ActivateWindow(Videos,videodb://musicvideos/titles/,return)</onclick>
			<property name="path">ActivateWindow(Videos,videodb://musicvideos/titles/,return)</property>
			<property name="list">videodb://musicvideos/titles/</property>
			<visible>String.IsEqual(System.ProfileName,Master user)</visible>
			<property name="group">videos</property>
			<property name="isSubmenu">True</property>
		</item>
		<item id="2">
			<property name="id">$NUMBER[2]</property>
			<property name="mainmenuid">1</property>
			<label>$LOCALIZE[744]</label>
			<label2>$ADDON[script.skinshortcuts 32014]</label2>
			<icon>DefaultFolder.png</icon>
			<thumb />
			<property name="labelID">744</property>
			<property name="defaultID">744</property>
			<onclick>ActivateWindow(Videos,Files,return)</onclick>
			<property name="path">ActivateWindow(Videos,Files,return)</property>
			<property name="list">Files</property>
			<visible>String.IsEqual(System.ProfileName,Master user)</visible>
			<property name="group">videos</property>
			<property name="isSubmenu">True</property>
		</item>
		<item id="3">
			<property name="id">$NUMBER[3]</property>
			<property name="mainmenuid">1</property>
			<label>$LOCALIZE[1037]</label>
			<label2>$ADDON[script.skinshortcuts 32014]</label2>
			<icon>DefaultAddonVideo.png</icon>
			<thumb />
			<property name="labelID">1037</property>
			<property name="defaultID">1037</property>
			<onclick>ActivateWindow(Videos,Addons,return)</onclick>
			<property name="path">ActivateWindow(Videos,Addons,return)</property>
			<property name="list">Addons</property>
			<visible>String.IsEqual(System.ProfileName,Master user)</visible>
			<property name="group">videos</property>
			<property name="isSubmenu">True</property>
		</item>
	</include>
	<include name="skinshortcuts-group-alt-videos">
		<item id="1">
			<property name="id">$NUMBER[1]</property>
			<property name="mainmenuid">1</property>
			<label>$LOCALIZE[20389]</label>
			<label2>$ADDON[script.skinshortcuts 32034]</label2>
			<icon>DefaultMusicVideos.png</icon>
			<thumb />
			<property name="labelID">musicvideos</property>
			<property name="defaultID">musicvideos</property>
			<visible>[Library.HasContent(MusicVideos)] + String.IsEqual(Window(10000).Property(submenuVisibility),videos)</visible>
			<onclick>ActivateWindow(Videos,videodb://musicvideos/titles/,return)</onclick>
			<property name="path">ActivateWindow(Videos,videodb://musicvideos/titles/,return)</property>
			<property name="list">videodb://musicvideos/titles/</property>
			<visible>String.IsEqual(System.ProfileName,Master user)</visible>
			<property name="group">videos</property>
			<property name="isSubmenu">True</property>
		</item>
		<item id="2">
			<property name="id">$NUMBER[2]</property>
			<property name="mainmenuid">1</property>
			<label>$LOCALIZE[744]</label>
			<label2>$ADDON[script.skinshortcuts 32014]</label2>
			<icon>DefaultFolder.png</icon>
			<thumb />
			<property name="labelID">744</property>
			<property name="defaultID">744</property>
			<onclick>ActivateWindow(Videos,Files,return)</onclick>
			<property name="path">ActivateWindow(Videos,Files,return)</property>
			<property name="list">Files</property>
			<visible>[String.IsEqual(System.ProfileName,Master user)] + String.IsEqual(Window(10000).Property(submenuVisibility),videos)</visible>
			<property name="group">videos</property>
			<property name="isSubmenu">True</property>
		</item>
		<item id="3">
			<property name="id">$NUMBER[3]</property>
			<property name="mainmenuid">1</property>
			<label>$LOCALIZE[1037]</label>
			<label2>$ADDON[script.skinshortcuts 32014]</label2>
			<icon>DefaultAddonVideo.png</icon>
			<thumb />
			<property name="labelID">1037</property>
			<property name="defaultID">1037</property>
			<onclick>ActivateWindow(Videos,Addons,return)</onclick>
			<property name="path">ActivateWindow(Videos,Addons,return)</property>
			<property name="list">Addons</property>
			<visible>[String.IsEqual(System.ProfileName,Master user)] + String.IsEqual(Window(10000).Property(submenuVisibility),videos)</visible>
			<property name="group">videos</property>
			<property name="isSubmenu">True</property>
		</item>
	</include>
	<include name="skinshortcuts-group-movie">
		<description>No items</description>
	</include>
	<include name="skinshortcuts-group-alt-movie">
		<description>No items</description>
	</include>
	<include name="skinshortcuts-group-tvshow">
		<description>No items</description>
	</include>
	<include name="skinshortcuts-group-alt-tvshow">
		<description>No items</description>
	</include>
	<include name="skinshortcuts-group-music">
		<item id="1">
			<property name="id">$NUMBER[1]</property>
			<property name="mainmenuid">4</property>
			<label>$LOCALIZE[744]</label>
			<label2>$ADDON[script.skinshortcuts 32019]</label2>
			<icon>DefaultFolder.png</icon>
			<thumb />
			<property name="labelID">744</property>
			<property name="defaultID">744</property>
			<onclick>ActivateWindow(Music,Files,Return)</onclick>
			<property name="path">ActivateWindow(Music,Files,Return)</property>
			<property name="list">Files</property>
			<visible>String.IsEqual(System.ProfileName,Master user)</visible>
			<property name="group">music</property>
			<property name="isSubmenu">True</property>
		</item>
		<item id="2">
			<property name="id">$NUMBER[2]</property>
			<property name="mainmenuid">4</property>
			<label>$LOCALIZE[15100]</label>
			<label2>$ADDON[script.skinshortcuts 32019]</label2>
			<icon>DefaultFolder.png</icon>
			<thumb />
			<property name="labelID">15100</property>
			<property name="defaultID">15100</property>
			<onclick>ActivateWindow(Music,MusicLibrary,return)</onclick>
			<property name="path">ActivateWindow(Music,MusicLibrary,return)</property>
			<property name="list">MusicLibrary</property>
			<visible>String.IsEqual(System.ProfileName,Master user)</visible>
			<property name="group">music</property>
			<property name="isSubmenu">True</property>
		</item>
		<item id="3">
			<property name="id">$NUMBER[3]</property>
			<property name="mainmenuid">4</property>
			<label>$LOCALIZE[1038]</label>
			<label2>$ADDON[script.skinshortcuts 32019]</label2>
			<icon>DefaultAddonMusic.png</icon>
			<thumb />
			<property name="labelID">1038</property>
			<property name="defaultID">1038</property>
			<onclick>ActivateWindow(Music,Addons,return)</onclick>
			<property name="path">ActivateWindow(Music,Addons,return)</property>
			<property name="list">Addons</property>
			<visible>String.IsEqual(System.ProfileName,Master user)</visible>
			<property name="group">music</property>
			<property name="isSubmenu">True</property>
		</item>
	</include>
	<include name="skinshortcuts-group-alt-music">
		<item id="1">
			<property name="id">$NUMBER[1]</property>
			<property name="mainmenuid">4</property>
			<label>$LOCALIZE[744]</label>
			<label2>$ADDON[script.skinshortcuts 32019]</label2>
			<icon>DefaultFolder.png</icon>
			<thumb />
			<property name="labelID">744</property>
			<property name="defaultID">744</property>
			<onclick>ActivateWindow(Music,Files,Return)</onclick>
			<property name="path">ActivateWindow(Music,Files,Return)</property>
			<property name="list">Files</property>
			<visible>[String.IsEqual(System.ProfileName,Master user)] + String.IsEqual(Window(10000).Property(submenuVisibility),music)</visible>
			<property name="group">music</property>
			<property name="isSubmenu">True</property>
		</item>
		<item id="2">
			<property name="id">$NUMBER[2]</property>
			<property name="mainmenuid">4</property>
			<label>$LOCALIZE[15100]</label>
			<label2>$ADDON[script.skinshortcuts 32019]</label2>
			<icon>DefaultFolder.png</icon>
			<thumb />
			<property name="labelID">15100</property>
			<property name="defaultID">15100</property>
			<onclick>ActivateWindow(Music,MusicLibrary,return)</onclick>
			<property name="path">ActivateWindow(Music,MusicLibrary,return)</property>
			<property name="list">MusicLibrary</property>
			<visible>[String.IsEqual(System.ProfileName,Master user)] + String.IsEqual(Window(10000).Property(submenuVisibility),music)</visible>
			<property name="group">music</property>
			<property name="isSubmenu">True</property>
		</item>
		<item id="3">
			<property name="id">$NUMBER[3]</property>
			<property name="mainmenuid">4</property>
			<label>$LOCALIZE[1038]</label>
			<label2>$ADDON[script.skinshortcuts 32019]</label2>
			<icon>DefaultAddonMusic.png</icon>
			<thumb />
			<property name="labelID">1038</property>
			<property name="defaultID">1038</property>
			<onclick>ActivateWindow(Music,Addons,return)</onclick>
			<property name="path">ActivateWindow(Music,Addons,return)</property>
			<property name="list">Addons</property>
			<visible>[String.IsEqual(System.ProfileName,Master user)] + String.IsEqual(Window(10000).Property(submenuVisibility),music)</visible>
			<property name="group">music</property>
			<property name="isSubmenu">True</property>
		</item>
	</include>
	<include name="skinshortcuts-group-livetv">
		<item id="1">
			<property name="id">$NUMBER[1]</property>
			<property name="mainmenuid">5</property>
			<label>$LOCALIZE[22020]</label>
			<label2>$ADDON[script.skinshortcuts 32017]</label2>
			<icon>DefaultTVShows.png</icon>
			<thumb />
			<property name="labelID">22020</property>
			<property name="defaultID">22020</property>
			<visible>System.HasPVRAddon</visible>
			<onclick>ActivateWindow(TVGuide)</onclick>
			<property name="path">ActivateWindow(TVGuide)</property>
			<property name="list">TVGuide</property>
			<visible>String.IsEqual(System.ProfileName,Master user)</visible>
			<property name="group">livetv</property>
			<property name="isSubmenu">True</property>
		</item>
		<item id="2">
			<property name="id">$NUMBER[2]</property>
			<property name="mainmenuid">5</property>
			<label>$LOCALIZE[19163]</label>
			<label2>$ADDON[script.skinshortcuts 32017]</label2>
			<icon>DefaultTVShows.png</icon>
			<thumb />
			<property name="labelID">19163</property>
			<property name="defaultID">19163</property>
			<visible>System.HasPVRAddon</visible>
			<onclick>ActivateWindow(TVRecordings)</onclick>
			<property name="path">ActivateWindow(TVRecordings)</property>
			<property name="list">TVRecordings</property>
			<visible>String.IsEqual(System.ProfileName,Master user)</visible>
			<property name="group">livetv</property>
			<property name="isSubmenu">True</property>
		</item>
		<item id="3">
			<property name="id">$NUMBER[3]</property>
			<property name="mainmenuid">5</property>
			<label>$LOCALIZE[19040]</label>
			<label2>$ADDON[script.skinshortcuts 32017]</label2>
			<icon>DefaultTVShows.png</icon>
			<thumb />
			<property name="labelID">19040</property>
			<property name="defaultID">19040</property>
			<visible>System.HasPVRAddon</visible>
			<onclick>ActivateWindow(TVTimers)</onclick>
			<property name="path">ActivateWindow(TVTimers)</property>
			<property name="list">TVTimers</property>
			<visible>String.IsEqual(System.ProfileName,Master user)</visible>
			<property name="group">livetv</property>
			<property name="isSubmenu">True</property>
		</item>
		<item id="4">
			<property name="id">$NUMBER[4]</property>
			<property name="mainmenuid">5</property>
			<label>$LOCALIZE[137]</label>
			<label2>$ADDON[script.skinshortcuts 32017]</label2>
			<icon>DefaultTVShows.png</icon>
			<thumb />
			<property name="labelID">137</property>
			<property name="defaultID">137</property>
			<visible>System.HasPVRAddon</visible>
			<onclick>ActivateWindow(TVSearch)</onclick>
			<property name="path">ActivateWindow(TVSearch)</property>
			<property name="list">TVSearch</property>
			<visible>String.IsEqual(System.ProfileName,Master user)</visible>
			<property name="group">livetv</property>
			<property name="isSubmenu">True</property>
		</item>
	</include>
	<include name="skinshortcuts-group-alt-livetv">
		<item id="1">
			<property name="id">$NUMBER[1]</property>
			<property name="mainmenuid">5</property>
			<label>$LOCALIZE[22020]</label>
			<label2>$ADDON[script.skinshortcuts 32017]</label2>
			<icon>DefaultTVShows.png</icon>
			<thumb />
			<property name="labelID">22020</property>
			<property name="defaultID">22020</property>
			<visible>[System.HasPVRAddon] + String.IsEqual(Window(10000).Property(submenuVisibility),livetv)</visible>
			<onclick>ActivateWindow(TVGuide)</onclick>
			<property name="path">ActivateWindow(TVGuide)</property>
			<property name="list">TVGuide</property>
			<visible>String.IsEqual(System.ProfileName,Master user)</visible>
			<property name="group">livetv</property>
			<property name="isSubmenu">True</property>
		</item>
		<item id="2">
			<property name="id">$NUMBER[2]</property>
			<property name="mainmenuid">5</property>
			<label>$LOCALIZE[19163]</label>
			<label2>$ADDON[script.skinshortcuts 32017]</label2>
			<icon>DefaultTVShows.png</icon>
			<thumb />
			<property name="labelID">19163</property>
			<property name="defaultID">19163</property>
			<visible>[System.HasPVRAddon] + String.IsEqual(Window(10000).Property(submenuVisibility),livetv)</visible>
			<onclick>ActivateWindow(TVRecordings)</onclick>
			<property name="path">ActivateWindow(TVRecordings)</property>
			<property name="list">TVRecordings</property>
			<visible>String.IsEqual(System.ProfileName,Master user)</visible>
			<property name="group">livetv</property>
			<property name="isSubmenu">True</property>
		</item>
		<item id="3">
			<property name="id">$NUMBER[3]</property>
			<property name="mainmenuid">5</property>
			<label>$LOCALIZE[19040]</label>
			<label2>$ADDON[script.skinshortcuts 32017]</label2>
			<icon>DefaultTVShows.png</icon>
			<thumb />
			<property name="labelID">19040</property>
			<property name="defaultID">19040</property>
			<visible>[System.HasPVRAddon] + String.IsEqual(Window(10000).Property(submenuVisibility),livetv)</visible>
			<onclick>ActivateWindow(TVTimers)</onclick>
			<property name="path">ActivateWindow(TVTimers)</property>
			<property name="list">TVTimers</property>
			<visible>String.IsEqual(System.ProfileName,Master user)</visible>
			<property name="group">livetv</property>
			<property name="isSubmenu">True</property>
		</item>
		<item id="4">
			<property name="id">$NUMBER[4]</property>
			<property name="mainmenuid">5</property>
			<label>$LOCALIZE[137]</label>
			<label2>$ADDON[script.skinshortcuts 32017]</label2>
			<icon>DefaultTVShows.png</icon>
			<thumb />
			<property name="labelID">137</property>
			<property name="defaultID">137</property>
			<visible>[System.HasPVRAddon] + String.IsEqual(Window(10000).Property(submenuVisibility),livetv)</visible>
			<onclick>ActivateWindow(TVSearch)</onclick>
			<property name="path">ActivateWindow(TVSearch)</property>
			<property name="list">TVSearch</property>
			<visible>String.IsEqual(System.ProfileName,Master user)</visible>
			<property name="group">livetv</property>
			<property name="isSubmenu">True</property>
		</item>
	</include>
	<include name="skinshortcuts-group-addon">
		<description>No items</description>
	</include>
	<include name="skinshortcuts-group-alt-addon">
		<description>No items</description>
	</include>
</includes>
